card_id,bin,issuer,card_type
c_000000,469337,CHASE,CREDIT
c_000001,406168,HDFC,DEBIT
c_000002,433498,CITI,DEBIT
c_000003,536936,ICICI,CREDIT
c_000004,422718,HDFC,DEBIT
c_000005,446079,ICICI,DEBIT
c_000006,548844,CHASE,DEBIT
c_000007,491972,HDFC,DEBIT
c_000008,407697,SBI,CREDIT
c_000009,403022,CHASE,CREDIT
c_000010,514091,SBI,DEBIT
c_000011,467777,SBI,CREDIT
c_000012,412059,SBI,DEBIT
c_000013,437834,CHASE,CREDIT
c_000014,457347,SBI,CREDIT
c_000015,406593,HDFC,DEBIT
c_000016,487266,ICICI,DEBIT
c_000017,495931,CHASE,DEBIT
c_000018,481035,CHASE,DEBIT
c_000019,468019,ICICI,CREDIT
c_000020,546363,CHASE,DEBIT
c_000021,528757,CHASE,DEBIT
c_000022,442777,SBI,DEBIT
c_000023,433087,CHASE,DEBIT
c_000024,503347,CHASE,DEBIT
c_000025,533532,CHASE,CREDIT
c_000026,501561,SBI,CREDIT
c_000027,440014,ICICI,CREDIT
c_000028,420077,CITI,CREDIT
c_000029,507156,CITI,CREDIT
c_000030,533860,SBI,CREDIT
c_000031,524074,CHASE,DEBIT
c_000032,441849,CITI,DEBIT
c_000033,454445,SBI,DEBIT
c_000034,409568,CHASE,DEBIT
c_000035,533761,SBI,CREDIT
c_000036,478993,ICICI,DEBIT
c_000037,461680,SBI,CREDIT
c_000038,454912,SBI,DEBIT
c_000039,480540,CHASE,CREDIT
c_000040,543572,ICICI,DEBIT
c_000041,439535,HDFC,CREDIT
c_000042,513462,SBI,CREDIT
c_000043,442893,SBI,CREDIT
c_000044,550688,ICICI,DEBIT
c_000045,504770,SBI,CREDIT
c_000046,423053,HDFC,DEBIT
c_000047,529252,ICICI,DEBIT
c_000048,539249,ICICI,CREDIT
c_000049,465294,HDFC,CREDIT
c_000050,461211,SBI,DEBIT
c_000051,488437,CITI,CREDIT
c_000052,531188,CITI,DEBIT
c_000053,416979,CITI,CREDIT
c_000054,553796,CHASE,DEBIT
c_000055,506208,CHASE,CREDIT
c_000056,404793,SBI,DEBIT
c_000057,426412,HDFC,DEBIT
c_000058,423883,ICICI,CREDIT
c_000059,481527,ICICI,CREDIT
c_000060,421564,ICICI,DEBIT
c_000061,407682,HDFC,CREDIT
c_000062,413358,SBI,CREDIT
c_000063,401098,ICICI,CREDIT
c_000064,437297,HDFC,CREDIT
c_000065,413859,HDFC,DEBIT
c_000066,442770,HDFC,DEBIT
c_000067,427534,CITI,CREDIT
c_000068,544378,CITI,DEBIT
c_000069,421019,HDFC,CREDIT
c_000070,408502,HDFC,DEBIT
c_000071,478070,CHASE,DEBIT
c_000072,463098,HDFC,CREDIT
c_000073,425926,CITI,CREDIT
c_000074,545431,CHASE,DEBIT
c_000075,427515,CHASE,DEBIT
c_000076,493003,CITI,DEBIT
c_000077,532992,SBI,DEBIT
c_000078,552524,SBI,CREDIT
c_000079,537332,SBI,CREDIT
c_000080,402470,HDFC,DEBIT
c_000081,454010,CHASE,CREDIT
c_000082,458577,SBI,DEBIT
c_000083,431294,HDFC,CREDIT
c_000084,443638,CITI,CREDIT
c_000085,536992,HDFC,CREDIT
c_000086,436071,CHASE,DEBIT
c_000087,459427,CHASE,DEBIT
c_000088,508921,HDFC,CREDIT
c_000089,407206,CITI,DEBIT
c_000090,523202,ICICI,DEBIT
c_000091,453163,CITI,CREDIT
c_000092,465880,CHASE,CREDIT
c_000093,431618,CITI,DEBIT
c_000094,527183,SBI,DEBIT
c_000095,410569,CHASE,CREDIT
c_000096,546711,HDFC,DEBIT
c_000097,447726,SBI,DEBIT
c_000098,543927,SBI,CREDIT
c_000099,522033,CITI,DEBIT
c_000100,403861,ICICI,CREDIT
c_000101,476850,ICICI,DEBIT
c_000102,455911,CHASE,DEBIT
c_000103,442537,HDFC,CREDIT
c_000104,553375,HDFC,CREDIT
c_000105,557932,CHASE,CREDIT
c_000106,519509,SBI,CREDIT
c_000107,523773,HDFC,CREDIT
c_000108,515994,SBI,DEBIT
c_000109,514538,CITI,DEBIT
c_000110,464463,CITI,CREDIT
c_000111,437234,HDFC,CREDIT
c_000112,414396,HDFC,CREDIT
c_000113,478169,ICICI,CREDIT
c_000114,419057,HDFC,CREDIT
c_000115,402528,ICICI,DEBIT
c_000116,495414,HDFC,CREDIT
c_000117,441036,SBI,DEBIT
c_000118,429492,CITI,DEBIT
c_000119,551489,ICICI,CREDIT
c_000120,542037,SBI,DEBIT
c_000121,457774,HDFC,DEBIT
c_000122,479017,HDFC,CREDIT
c_000123,557466,HDFC,DEBIT
c_000124,482940,ICICI,DEBIT
c_000125,438629,HDFC,CREDIT
c_000126,418682,CHASE,CREDIT
c_000127,495611,CITI,CREDIT
c_000128,476231,CHASE,DEBIT
c_000129,460578,CITI,CREDIT
c_000130,460993,SBI,DEBIT
c_000131,424503,HDFC,CREDIT
c_000132,404476,HDFC,CREDIT
c_000133,530723,CHASE,CREDIT
c_000134,440755,CHASE,CREDIT
c_000135,432054,SBI,CREDIT
c_000136,464692,CITI,CREDIT
c_000137,484135,HDFC,DEBIT
c_000138,543132,HDFC,CREDIT
c_000139,529152,SBI,DEBIT
c_000140,435123,ICICI,CREDIT
c_000141,547531,CHASE,DEBIT
c_000142,489487,SBI,CREDIT
c_000143,440570,CHASE,DEBIT
c_000144,556908,CHASE,DEBIT
c_000145,459528,CHASE,DEBIT
c_000146,440241,SBI,CREDIT
c_000147,514067,SBI,CREDIT
c_000148,510847,CHASE,CREDIT
c_000149,437053,HDFC,CREDIT
c_000150,416949,CHASE,DEBIT
c_000151,407160,CHASE,DEBIT
c_000152,416029,CITI,CREDIT
c_000153,432113,SBI,CREDIT
c_000154,469094,CHASE,DEBIT
c_000155,526131,HDFC,DEBIT
c_000156,425612,CHASE,CREDIT
c_000157,480450,ICICI,DEBIT
c_000158,448683,CHASE,CREDIT
c_000159,419109,SBI,CREDIT
c_000160,520329,ICICI,CREDIT
c_000161,413057,ICICI,DEBIT
c_000162,487118,SBI,CREDIT
c_000163,538432,CHASE,DEBIT
c_000164,518192,ICICI,CREDIT
c_000165,411978,CHASE,CREDIT
c_000166,512357,SBI,DEBIT
c_000167,402696,CHASE,CREDIT
c_000168,454230,ICICI,CREDIT
c_000169,417720,ICICI,CREDIT
c_000170,454590,CITI,CREDIT
c_000171,524751,CHASE,DEBIT
c_000172,493882,CITI,DEBIT
c_000173,457118,CITI,CREDIT
c_000174,532107,CHASE,DEBIT
c_000175,506545,HDFC,CREDIT
c_000176,535531,CITI,CREDIT
c_000177,555011,ICICI,DEBIT
c_000178,415082,SBI,CREDIT
c_000179,461686,SBI,DEBIT
c_000180,490925,HDFC,DEBIT
c_000181,524325,ICICI,CREDIT
c_000182,421969,SBI,CREDIT
c_000183,512476,SBI,DEBIT
c_000184,482384,ICICI,CREDIT
c_000185,507870,CHASE,DEBIT
c_000186,524174,CITI,CREDIT
c_000187,531022,SBI,CREDIT
c_000188,466765,ICICI,CREDIT
c_000189,420178,CITI,DEBIT
c_000190,463239,CITI,CREDIT
c_000191,438577,ICICI,CREDIT
c_000192,455065,CHASE,DEBIT
c_000193,519391,ICICI,DEBIT
c_000194,415633,ICICI,DEBIT
c_000195,438594,CHASE,DEBIT
c_000196,427896,HDFC,CREDIT
c_000197,497253,CHASE,CREDIT
c_000198,559055,HDFC,CREDIT
c_000199,427946,CHASE,DEBIT
c_000200,414996,SBI,DEBIT
c_000201,542395,SBI,DEBIT
c_000202,475746,SBI,CREDIT
c_000203,551289,CITI,DEBIT
c_000204,408488,SBI,DEBIT
c_000205,427149,CHASE,DEBIT
c_000206,454350,CITI,DEBIT
c_000207,449068,HDFC,DEBIT
c_000208,508320,CITI,DEBIT
c_000209,425075,SBI,DEBIT
c_000210,504207,SBI,CREDIT
c_000211,420298,HDFC,CREDIT
c_000212,543226,HDFC,DEBIT
c_000213,518116,CHASE,DEBIT
c_000214,456632,HDFC,CREDIT
c_000215,450860,CHASE,DEBIT
c_000216,489766,HDFC,DEBIT
c_000217,476337,CITI,DEBIT
c_000218,454703,ICICI,CREDIT
c_000219,520281,ICICI,CREDIT
c_000220,473311,CHASE,DEBIT
c_000221,429656,CHASE,DEBIT
c_000222,547639,SBI,CREDIT
c_000223,513568,ICICI,DEBIT
c_000224,541539,ICICI,DEBIT
c_000225,504254,SBI,CREDIT
c_000226,415955,ICICI,CREDIT
c_000227,544190,SBI,DEBIT
c_000228,558236,ICICI,DEBIT
c_000229,433350,CHASE,DEBIT
c_000230,529304,ICICI,DEBIT
c_000231,441960,CITI,DEBIT
c_000232,501611,ICICI,CREDIT
c_000233,412519,SBI,CREDIT
c_000234,415597,ICICI,CREDIT
c_000235,510043,CHASE,CREDIT
c_000236,486803,ICICI,CREDIT
c_000237,443569,CITI,CREDIT
c_000238,493296,ICICI,CREDIT
c_000239,469409,CITI,CREDIT
c_000240,406132,CHASE,DEBIT
c_000241,532557,CITI,CREDIT
c_000242,478997,HDFC,CREDIT
c_000243,529803,SBI,CREDIT
c_000244,405688,ICICI,DEBIT
c_000245,543036,HDFC,DEBIT
c_000246,548123,ICICI,DEBIT
c_000247,443490,ICICI,DEBIT
c_000248,497361,SBI,DEBIT
c_000249,408539,SBI,CREDIT
c_000250,542138,CITI,DEBIT
c_000251,553296,ICICI,DEBIT
c_000252,441124,SBI,DEBIT
c_000253,464819,ICICI,DEBIT
c_000254,401719,ICICI,DEBIT
c_000255,493721,HDFC,DEBIT
c_000256,440360,SBI,CREDIT
c_000257,490191,HDFC,DEBIT
c_000258,459308,SBI,CREDIT
c_000259,486130,HDFC,DEBIT
c_000260,506121,CITI,CREDIT
c_000261,454565,CITI,DEBIT
c_000262,464383,ICICI,DEBIT
c_000263,477212,ICICI,CREDIT
c_000264,442784,CITI,CREDIT
c_000265,434671,HDFC,DEBIT
c_000266,490916,CITI,DEBIT
c_000267,432099,ICICI,CREDIT
c_000268,470837,HDFC,DEBIT
c_000269,551987,HDFC,CREDIT
c_000270,487383,CITI,CREDIT
c_000271,482065,CITI,DEBIT
c_000272,414795,HDFC,DEBIT
c_000273,463629,CHASE,CREDIT
c_000274,451927,HDFC,CREDIT
c_000275,520530,SBI,CREDIT
c_000276,472838,ICICI,DEBIT
c_000277,403902,CHASE,DEBIT
c_000278,556053,SBI,DEBIT
c_000279,548467,ICICI,CREDIT
c_000280,489626,CITI,DEBIT
c_000281,553605,ICICI,DEBIT
c_000282,503684,CHASE,DEBIT
c_000283,460051,HDFC,CREDIT
c_000284,497616,ICICI,CREDIT
c_000285,433582,CHASE,CREDIT
c_000286,524112,SBI,DEBIT
c_000287,533351,CHASE,CREDIT
c_000288,500426,HDFC,DEBIT
c_000289,406659,CITI,CREDIT
c_000290,431579,CHASE,DEBIT
c_000291,406933,HDFC,DEBIT
c_000292,539734,SBI,CREDIT
c_000293,436026,SBI,DEBIT
c_000294,450083,ICICI,DEBIT
c_000295,416461,SBI,DEBIT
c_000296,486996,SBI,DEBIT
c_000297,483308,HDFC,CREDIT
c_000298,455019,ICICI,DEBIT
c_000299,552538,HDFC,CREDIT
c_000300,462328,HDFC,CREDIT
c_000301,527169,CITI,CREDIT
c_000302,436610,SBI,CREDIT
c_000303,558718,ICICI,CREDIT
c_000304,465883,ICICI,DEBIT
c_000305,424490,CITI,DEBIT
c_000306,466682,SBI,DEBIT
c_000307,554848,ICICI,DEBIT
c_000308,479301,CITI,CREDIT
c_000309,529142,HDFC,CREDIT
c_000310,529160,CHASE,DEBIT
c_000311,454780,ICICI,DEBIT
c_000312,554379,CITI,CREDIT
c_000313,492875,HDFC,CREDIT
c_000314,414984,ICICI,CREDIT
c_000315,522492,CITI,CREDIT
c_000316,513584,SBI,DEBIT
c_000317,536253,SBI,CREDIT
c_000318,538226,CITI,DEBIT
c_000319,541947,ICICI,CREDIT
c_000320,514620,CHASE,DEBIT
c_000321,506045,ICICI,DEBIT
c_000322,533146,SBI,CREDIT
c_000323,526420,ICICI,DEBIT
c_000324,495004,SBI,DEBIT
c_000325,483593,SBI,DEBIT
c_000326,553512,CHASE,DEBIT
c_000327,545607,ICICI,DEBIT
c_000328,448120,SBI,DEBIT
c_000329,427863,CITI,DEBIT
c_000330,492449,CHASE,DEBIT
c_000331,478610,CHASE,DEBIT
c_000332,544826,CHASE,DEBIT
c_000333,554398,SBI,DEBIT
c_000334,403332,HDFC,DEBIT
c_000335,442605,ICICI,CREDIT
c_000336,422856,SBI,DEBIT
c_000337,555719,HDFC,DEBIT
c_000338,558724,CHASE,CREDIT
c_000339,444627,CHASE,DEBIT
c_000340,435226,CHASE,CREDIT
c_000341,400064,SBI,CREDIT
c_000342,413792,CITI,CREDIT
c_000343,512802,ICICI,DEBIT
c_000344,417498,CHASE,CREDIT
c_000345,410312,HDFC,DEBIT
c_000346,419627,HDFC,DEBIT
c_000347,550712,ICICI,DEBIT
c_000348,497186,ICICI,DEBIT
c_000349,435250,ICICI,CREDIT
c_000350,521551,HDFC,DEBIT
c_000351,555159,ICICI,CREDIT
c_000352,401517,HDFC,CREDIT
c_000353,405575,CITI,DEBIT
c_000354,520954,CHASE,DEBIT
c_000355,483983,CHASE,CREDIT
c_000356,504918,HDFC,CREDIT
c_000357,414389,CHASE,CREDIT
c_000358,434026,CHASE,CREDIT
c_000359,457249,CITI,CREDIT
c_000360,402706,HDFC,CREDIT
c_000361,459839,CHASE,DEBIT
c_000362,452398,SBI,CREDIT
c_000363,423627,CHASE,CREDIT
c_000364,438433,ICICI,DEBIT
c_000365,453893,ICICI,CREDIT
c_000366,430059,HDFC,CREDIT
c_000367,474216,HDFC,CREDIT
c_000368,478556,ICICI,DEBIT
c_000369,425989,CHASE,CREDIT
c_000370,472357,SBI,DEBIT
c_000371,451544,CHASE,DEBIT
c_000372,521614,CHASE,CREDIT
c_000373,537195,SBI,CREDIT
c_000374,510159,HDFC,CREDIT
c_000375,454638,SBI,CREDIT
c_000376,447201,CITI,DEBIT
c_000377,472730,CHASE,DEBIT
c_000378,524094,SBI,CREDIT
c_000379,426237,CITI,CREDIT
c_000380,405183,HDFC,CREDIT
c_000381,548014,ICICI,DEBIT
c_000382,478585,ICICI,DEBIT
c_000383,444223,SBI,DEBIT
c_000384,516731,SBI,CREDIT
c_000385,470076,HDFC,CREDIT
c_000386,444097,ICICI,CREDIT
c_000387,490531,CHASE,CREDIT
c_000388,451477,CITI,CREDIT
c_000389,550103,SBI,CREDIT
c_000390,549493,HDFC,DEBIT
c_000391,494092,SBI,CREDIT
c_000392,459085,CHASE,DEBIT
c_000393,509581,CITI,DEBIT
c_000394,473629,CHASE,DEBIT
c_000395,451867,CITI,CREDIT
c_000396,469788,HDFC,DEBIT
c_000397,400842,CITI,CREDIT
c_000398,459542,CITI,CREDIT
c_000399,482038,CHASE,CREDIT
c_000400,445712,HDFC,CREDIT
c_000401,473014,ICICI,CREDIT
c_000402,554656,CITI,DEBIT
c_000403,408520,CITI,DEBIT
c_000404,525031,CITI,DEBIT
c_000405,468642,CHASE,DEBIT
c_000406,479881,CHASE,CREDIT
c_000407,424605,SBI,DEBIT
c_000408,519435,CITI,CREDIT
c_000409,472301,ICICI,CREDIT
c_000410,413429,CHASE,CREDIT
c_000411,421588,CITI,CREDIT
c_000412,492118,CHASE,CREDIT
c_000413,508552,CHASE,DEBIT
c_000414,501633,ICICI,CREDIT
c_000415,545084,HDFC,CREDIT
c_000416,477839,HDFC,CREDIT
c_000417,535667,CITI,DEBIT
c_000418,415678,ICICI,CREDIT
c_000419,524617,ICICI,DEBIT
c_000420,402907,CITI,CREDIT
c_000421,487692,HDFC,CREDIT
c_000422,547350,CHASE,DEBIT
c_000423,476036,ICICI,CREDIT
c_000424,507976,CHASE,DEBIT
c_000425,488463,HDFC,DEBIT
c_000426,465006,CHASE,CREDIT
c_000427,511360,CITI,DEBIT
c_000428,455384,HDFC,CREDIT
c_000429,526627,CHASE,DEBIT
c_000430,405833,CHASE,CREDIT
c_000431,431520,CITI,DEBIT
c_000432,447981,ICICI,CREDIT
c_000433,507560,CHASE,CREDIT
c_000434,421307,CITI,DEBIT
c_000435,534191,CHASE,CREDIT
c_000436,486270,ICICI,CREDIT
c_000437,556708,HDFC,CREDIT
c_000438,523398,ICICI,CREDIT
c_000439,453569,SBI,DEBIT
c_000440,535013,CITI,CREDIT
c_000441,504806,HDFC,CREDIT
c_000442,484581,HDFC,CREDIT
c_000443,549684,ICICI,DEBIT
c_000444,430919,CHASE,DEBIT
c_000445,468776,CITI,CREDIT
c_000446,420381,CITI,CREDIT
c_000447,516072,HDFC,CREDIT
c_000448,502433,ICICI,DEBIT
c_000449,416041,HDFC,CREDIT
c_000450,442692,CITI,DEBIT
c_000451,524404,ICICI,DEBIT
c_000452,533423,CITI,DEBIT
c_000453,548543,CITI,DEBIT
c_000454,528591,HDFC,DEBIT
c_000455,509754,SBI,DEBIT
c_000456,461179,CHASE,DEBIT
c_000457,519941,HDFC,CREDIT
c_000458,480730,CITI,CREDIT
c_000459,444988,CHASE,CREDIT
c_000460,441349,HDFC,DEBIT
c_000461,555021,CITI,DEBIT
c_000462,422832,ICICI,CREDIT
c_000463,479295,CITI,DEBIT
c_000464,429610,SBI,CREDIT
c_000465,548263,CITI,CREDIT
c_000466,517870,HDFC,CREDIT
c_000467,556975,ICICI,DEBIT
c_000468,489123,CITI,CREDIT
c_000469,449768,HDFC,CREDIT
c_000470,467754,CITI,DEBIT
c_000471,471186,ICICI,CREDIT
c_000472,464319,HDFC,DEBIT
c_000473,419751,CHASE,DEBIT
c_000474,508602,CHASE,DEBIT
c_000475,501283,CHASE,CREDIT
c_000476,458141,HDFC,CREDIT
c_000477,538334,CITI,DEBIT
c_000478,426989,CHASE,CREDIT
c_000479,552284,ICICI,DEBIT
c_000480,486132,HDFC,DEBIT
c_000481,517641,HDFC,DEBIT
c_000482,524768,HDFC,DEBIT
c_000483,508073,SBI,DEBIT
c_000484,516986,HDFC,DEBIT
c_000485,408149,CITI,DEBIT
c_000486,535680,HDFC,CREDIT
c_000487,441768,CHASE,DEBIT
c_000488,538593,ICICI,CREDIT
c_000489,544249,ICICI,CREDIT
c_000490,478419,CITI,CREDIT
c_000491,407914,HDFC,CREDIT
c_000492,438615,CITI,CREDIT
c_000493,548097,ICICI,CREDIT
c_000494,472249,HDFC,DEBIT
c_000495,509824,CITI,DEBIT
c_000496,510882,CITI,DEBIT
c_000497,557244,CHASE,DEBIT
c_000498,444955,CHASE,CREDIT
c_000499,502737,ICICI,DEBIT
c_000500,546137,HDFC,DEBIT
c_000501,404389,ICICI,DEBIT
c_000502,519613,HDFC,DEBIT
c_000503,510435,ICICI,CREDIT
c_000504,473560,SBI,DEBIT
c_000505,485475,CITI,CREDIT
c_000506,448203,SBI,CREDIT
c_000507,536818,CHASE,DEBIT
c_000508,421292,ICICI,DEBIT
c_000509,477394,ICICI,CREDIT
c_000510,442547,SBI,DEBIT
c_000511,506908,CITI,DEBIT
c_000512,553502,HDFC,DEBIT
c_000513,458413,CHASE,CREDIT
c_000514,465180,HDFC,DEBIT
c_000515,544525,SBI,CREDIT
c_000516,506186,HDFC,DEBIT
c_000517,559919,CHASE,CREDIT
c_000518,400201,ICICI,CREDIT
c_000519,463513,CHASE,CREDIT
c_000520,434854,SBI,DEBIT
c_000521,492256,SBI,DEBIT
c_000522,511388,SBI,DEBIT
c_000523,539667,CHASE,CREDIT
c_000524,472976,HDFC,DEBIT
c_000525,504885,SBI,DEBIT
c_000526,431157,SBI,CREDIT
c_000527,530655,ICICI,CREDIT
c_000528,472468,CHASE,CREDIT
c_000529,439916,ICICI,DEBIT
c_000530,460508,CHASE,DEBIT
c_000531,499918,CHASE,CREDIT
c_000532,558418,CITI,CREDIT
c_000533,474371,CITI,DEBIT
c_000534,433907,SBI,CREDIT
c_000535,548621,CHASE,DEBIT
c_000536,435360,HDFC,CREDIT
c_000537,448757,CITI,CREDIT
c_000538,448370,ICICI,CREDIT
c_000539,547764,CITI,DEBIT
c_000540,402904,CHASE,CREDIT
c_000541,504373,HDFC,CREDIT
c_000542,549211,CITI,CREDIT
c_000543,446378,ICICI,CREDIT
c_000544,498816,CITI,DEBIT
c_000545,554137,CITI,DEBIT
c_000546,456449,SBI,CREDIT
c_000547,504809,CITI,CREDIT
c_000548,529874,CHASE,DEBIT
c_000549,497561,CHASE,DEBIT
c_000550,478933,HDFC,DEBIT
c_000551,466796,CITI,DEBIT
c_000552,412807,CITI,CREDIT
c_000553,559385,ICICI,DEBIT
c_000554,485818,ICICI,DEBIT
c_000555,557152,HDFC,DEBIT
c_000556,433044,CHASE,DEBIT
c_000557,407688,HDFC,DEBIT
c_000558,475915,SBI,DEBIT
c_000559,522266,CHASE,DEBIT
c_000560,417652,SBI,DEBIT
c_000561,408848,SBI,DEBIT
c_000562,457075,SBI,DEBIT
c_000563,404373,ICICI,CREDIT
c_000564,484252,ICICI,CREDIT
c_000565,434706,HDFC,CREDIT
c_000566,485780,CHASE,CREDIT
c_000567,441882,ICICI,CREDIT
c_000568,402977,SBI,DEBIT
c_000569,414578,CITI,DEBIT
c_000570,461219,SBI,DEBIT
c_000571,408121,CITI,CREDIT
c_000572,511837,CHASE,DEBIT
c_000573,468424,CITI,CREDIT
c_000574,432794,CITI,DEBIT
c_000575,496998,CHASE,DEBIT
c_000576,401130,HDFC,CREDIT
c_000577,495550,ICICI,DEBIT
c_000578,517589,CITI,CREDIT
c_000579,507227,HDFC,CREDIT
c_000580,549912,SBI,CREDIT
c_000581,440091,SBI,DEBIT
c_000582,481165,ICICI,CREDIT
c_000583,528647,SBI,DEBIT
c_000584,442825,SBI,DEBIT
c_000585,419016,ICICI,CREDIT
c_000586,482771,CHASE,DEBIT
c_000587,403337,HDFC,CREDIT
c_000588,528500,CHASE,DEBIT
c_000589,444448,HDFC,CREDIT
c_000590,491648,HDFC,DEBIT
c_000591,509849,HDFC,DEBIT
c_000592,411793,ICICI,CREDIT
c_000593,553047,CITI,DEBIT
c_000594,554871,ICICI,CREDIT
c_000595,450692,ICICI,CREDIT
c_000596,410568,ICICI,CREDIT
c_000597,448194,SBI,CREDIT
c_000598,472105,CHASE,CREDIT
c_000599,544166,CITI,DEBIT
c_000600,471023,CHASE,CREDIT
c_000601,406729,CHASE,CREDIT
c_000602,433730,ICICI,CREDIT
c_000603,417219,HDFC,CREDIT
c_000604,508406,SBI,DEBIT
c_000605,559462,HDFC,CREDIT
c_000606,408943,CITI,CREDIT
c_000607,423547,CHASE,DEBIT
c_000608,443636,CITI,CREDIT
c_000609,420567,SBI,CREDIT
c_000610,500539,ICICI,CREDIT
c_000611,409709,CITI,DEBIT
c_000612,546366,SBI,DEBIT
c_000613,490259,SBI,DEBIT
c_000614,425018,SBI,CREDIT
c_000615,468307,SBI,CREDIT
c_000616,495877,ICICI,DEBIT
c_000617,504430,HDFC,CREDIT
c_000618,523940,HDFC,DEBIT
c_000619,474725,HDFC,DEBIT
c_000620,403303,SBI,CREDIT
c_000621,481725,HDFC,CREDIT
c_000622,404816,ICICI,DEBIT
c_000623,446716,HDFC,DEBIT
c_000624,454789,CITI,CREDIT
c_000625,503194,ICICI,DEBIT
c_000626,462533,CITI,CREDIT
c_000627,542603,CITI,CREDIT
c_000628,473059,HDFC,CREDIT
c_000629,540031,CITI,DEBIT
c_000630,439728,CHASE,CREDIT
c_000631,441274,CITI,CREDIT
c_000632,423735,CHASE,CREDIT
c_000633,514643,CITI,DEBIT
c_000634,453404,ICICI,CREDIT
c_000635,509451,ICICI,DEBIT
c_000636,414547,ICICI,CREDIT
c_000637,478638,SBI,DEBIT
c_000638,531894,CITI,DEBIT
c_000639,513246,CHASE,DEBIT
c_000640,532537,CITI,CREDIT
c_000641,411156,CITI,DEBIT
c_000642,410754,HDFC,DEBIT
c_000643,541780,SBI,DEBIT
c_000644,420672,HDFC,DEBIT
c_000645,438078,CHASE,CREDIT
c_000646,426282,HDFC,CREDIT
c_000647,540801,SBI,CREDIT
c_000648,547030,HDFC,CREDIT
c_000649,442731,CHASE,DEBIT
c_000650,448882,HDFC,DEBIT
c_000651,555713,CHASE,DEBIT
c_000652,477402,CHASE,DEBIT
c_000653,438467,HDFC,CREDIT
c_000654,459215,CITI,CREDIT
c_000655,401837,CHASE,CREDIT
c_000656,471470,SBI,CREDIT
c_000657,477664,CHASE,DEBIT
c_000658,539414,ICICI,DEBIT
c_000659,420952,CHASE,DEBIT
c_000660,475831,CHASE,DEBIT
c_000661,550023,SBI,DEBIT
c_000662,551146,SBI,CREDIT
c_000663,527380,CHASE,CREDIT
c_000664,434673,CHASE,DEBIT
c_000665,465063,SBI,CREDIT
c_000666,400727,SBI,DEBIT
c_000667,403567,ICICI,CREDIT
c_000668,419312,CITI,CREDIT
c_000669,404310,ICICI,CREDIT
c_000670,527444,CITI,CREDIT
c_000671,401556,ICICI,CREDIT
c_000672,535511,CHASE,DEBIT
c_000673,486676,HDFC,CREDIT
c_000674,461998,HDFC,CREDIT
c_000675,503759,ICICI,CREDIT
c_000676,402192,SBI,DEBIT
c_000677,433886,CITI,DEBIT
c_000678,512442,SBI,DEBIT
c_000679,542873,CITI,DEBIT
c_000680,402870,ICICI,DEBIT
c_000681,555284,HDFC,DEBIT
c_000682,415388,ICICI,DEBIT
c_000683,437529,SBI,DEBIT
c_000684,406109,CITI,CREDIT
c_000685,488858,ICICI,DEBIT
c_000686,520604,SBI,CREDIT
c_000687,556619,SBI,DEBIT
c_000688,429389,CITI,DEBIT
c_000689,502871,HDFC,DEBIT
c_000690,539839,CHASE,DEBIT
c_000691,434877,CHASE,CREDIT
c_000692,529236,SBI,CREDIT
c_000693,467577,SBI,DEBIT
c_000694,411493,SBI,CREDIT
c_000695,545971,CITI,CREDIT
c_000696,474793,SBI,DEBIT
c_000697,534688,HDFC,DEBIT
c_000698,546129,HDFC,DEBIT
c_000699,543661,CITI,CREDIT
c_000700,491189,SBI,DEBIT
c_000701,474289,SBI,CREDIT
c_000702,504369,CHASE,DEBIT
c_000703,444007,CITI,CREDIT
c_000704,439166,HDFC,CREDIT
c_000705,529772,HDFC,CREDIT
c_000706,506797,CHASE,DEBIT
c_000707,461534,CHASE,DEBIT
c_000708,510100,ICICI,CREDIT
c_000709,542019,CHASE,DEBIT
c_000710,517347,HDFC,CREDIT
c_000711,517678,ICICI,CREDIT
c_000712,506457,HDFC,DEBIT
c_000713,451574,SBI,DEBIT
c_000714,495937,CITI,CREDIT
c_000715,407123,HDFC,CREDIT
c_000716,452179,HDFC,DEBIT
c_000717,515662,ICICI,DEBIT
c_000718,510928,CHASE,DEBIT
c_000719,482846,CHASE,DEBIT
c_000720,490927,CITI,CREDIT
c_000721,549967,HDFC,CREDIT
c_000722,433803,ICICI,CREDIT
c_000723,479225,HDFC,DEBIT
c_000724,464302,CITI,CREDIT
c_000725,480633,CHASE,CREDIT
c_000726,414841,CHASE,CREDIT
c_000727,495778,ICICI,DEBIT
c_000728,483853,CHASE,DEBIT
c_000729,483707,CHASE,DEBIT
c_000730,550121,HDFC,CREDIT
c_000731,513961,SBI,CREDIT
c_000732,552236,ICICI,CREDIT
c_000733,486533,CHASE,DEBIT
c_000734,545156,ICICI,DEBIT
c_000735,484480,CITI,CREDIT
c_000736,469164,CITI,CREDIT
c_000737,503805,CITI,DEBIT
c_000738,498108,CHASE,DEBIT
c_000739,448689,ICICI,CREDIT
c_000740,524268,HDFC,CREDIT
c_000741,464057,HDFC,DEBIT
c_000742,547760,ICICI,DEBIT
c_000743,406693,CITI,CREDIT
c_000744,513373,CHASE,DEBIT
c_000745,456888,ICICI,DEBIT
c_000746,558257,CHASE,DEBIT
c_000747,434933,ICICI,CREDIT
c_000748,475784,SBI,DEBIT
c_000749,448770,CITI,DEBIT
c_000750,484452,ICICI,DEBIT
c_000751,503490,CHASE,CREDIT
c_000752,555645,ICICI,CREDIT
c_000753,443342,CHASE,CREDIT
c_000754,462064,CITI,DEBIT
c_000755,458676,CITI,CREDIT
c_000756,436881,HDFC,DEBIT
c_000757,462468,ICICI,DEBIT
c_000758,550793,HDFC,CREDIT
c_000759,400034,HDFC,CREDIT
c_000760,449518,ICICI,DEBIT
c_000761,535335,SBI,CREDIT
c_000762,436254,ICICI,CREDIT
c_000763,529667,HDFC,DEBIT
c_000764,559411,HDFC,CREDIT
c_000765,486874,SBI,DEBIT
c_000766,486050,SBI,CREDIT
c_000767,433249,CHASE,DEBIT
c_000768,516015,SBI,CREDIT
c_000769,549001,CITI,DEBIT
c_000770,452884,CITI,DEBIT
c_000771,432588,HDFC,DEBIT
c_000772,503113,SBI,DEBIT
c_000773,455953,ICICI,DEBIT
c_000774,513376,ICICI,DEBIT
c_000775,529174,CHASE,CREDIT
c_000776,522385,ICICI,DEBIT
c_000777,419774,CHASE,DEBIT
c_000778,504444,CHASE,CREDIT
c_000779,525342,HDFC,CREDIT
c_000780,400904,ICICI,CREDIT
c_000781,413725,ICICI,CREDIT
c_000782,409057,SBI,CREDIT
c_000783,444424,CITI,CREDIT
c_000784,435460,SBI,DEBIT
c_000785,409854,CHASE,CREDIT
c_000786,414062,ICICI,CREDIT
c_000787,470844,HDFC,CREDIT
c_000788,524057,SBI,DEBIT
c_000789,512204,CHASE,CREDIT
c_000790,436102,SBI,DEBIT
c_000791,512643,ICICI,DEBIT
c_000792,410488,ICICI,CREDIT
c_000793,450045,CITI,CREDIT
c_000794,505785,SBI,CREDIT
c_000795,418605,SBI,CREDIT
c_000796,470062,SBI,CREDIT
c_000797,553668,ICICI,DEBIT
c_000798,537027,ICICI,CREDIT
c_000799,550553,CITI,CREDIT
c_000800,556803,HDFC,CREDIT
c_000801,556956,CITI,CREDIT
c_000802,409012,CITI,CREDIT
c_000803,482203,HDFC,CREDIT
c_000804,556556,ICICI,DEBIT
c_000805,509299,CHASE,CREDIT
c_000806,456748,ICICI,DEBIT
c_000807,458309,CITI,CREDIT
c_000808,499878,HDFC,DEBIT
c_000809,426435,ICICI,DEBIT
c_000810,427349,SBI,CREDIT
c_000811,547425,SBI,DEBIT
c_000812,465923,HDFC,DEBIT
c_000813,419197,ICICI,CREDIT
c_000814,514540,ICICI,DEBIT
c_000815,450622,CITI,CREDIT
c_000816,530471,SBI,DEBIT
c_000817,442366,SBI,CREDIT
c_000818,520873,CITI,CREDIT
c_000819,416833,CITI,DEBIT
c_000820,433755,ICICI,CREDIT
c_000821,537850,CITI,CREDIT
c_000822,415154,SBI,CREDIT
c_000823,417666,CHASE,DEBIT
c_000824,500773,HDFC,DEBIT
c_000825,466956,CITI,CREDIT
c_000826,505070,SBI,CREDIT
c_000827,550720,CITI,CREDIT
c_000828,502607,HDFC,CREDIT
c_000829,535086,CHASE,CREDIT
c_000830,470605,CITI,CREDIT
c_000831,450540,CITI,DEBIT
c_000832,400971,CITI,CREDIT
c_000833,440413,ICICI,CREDIT
c_000834,431281,HDFC,DEBIT
c_000835,550452,ICICI,CREDIT
c_000836,421934,CHASE,CREDIT
c_000837,434710,HDFC,DEBIT
c_000838,509758,SBI,CREDIT
c_000839,483533,CHASE,CREDIT
c_000840,472819,SBI,CREDIT
c_000841,537032,CHASE,CREDIT
c_000842,485925,SBI,CREDIT
c_000843,492291,HDFC,DEBIT
c_000844,466785,CHASE,CREDIT
c_000845,471984,HDFC,DEBIT
c_000846,413710,CHASE,CREDIT
c_000847,488494,CITI,CREDIT
c_000848,539186,ICICI,CREDIT
c_000849,415070,SBI,DEBIT
c_000850,508717,CHASE,CREDIT
c_000851,466939,SBI,DEBIT
c_000852,440345,ICICI,CREDIT
c_000853,479308,SBI,DEBIT
c_000854,534294,CITI,CREDIT
c_000855,477622,HDFC,DEBIT
c_000856,452878,ICICI,CREDIT
c_000857,540092,CHASE,DEBIT
c_000858,534364,ICICI,CREDIT
c_000859,523195,HDFC,DEBIT
c_000860,518655,HDFC,DEBIT
c_000861,507009,ICICI,DEBIT
c_000862,478197,SBI,DEBIT
c_000863,455616,CITI,CREDIT
c_000864,415928,ICICI,DEBIT
c_000865,487237,HDFC,DEBIT
c_000866,407968,CITI,CREDIT
c_000867,418130,ICICI,CREDIT
c_000868,551620,HDFC,CREDIT
c_000869,417357,CITI,CREDIT
c_000870,556336,CHASE,CREDIT
c_000871,435370,SBI,CREDIT
c_000872,440070,CITI,CREDIT
c_000873,428708,ICICI,CREDIT
c_000874,502037,CITI,CREDIT
c_000875,538052,HDFC,CREDIT
c_000876,483302,HDFC,CREDIT
c_000877,453646,SBI,CREDIT
c_000878,529012,SBI,DEBIT
c_000879,550218,SBI,CREDIT
c_000880,458398,CITI,CREDIT
c_000881,404938,SBI,DEBIT
c_000882,436793,CHASE,DEBIT
c_000883,444193,CITI,CREDIT
c_000884,470848,ICICI,DEBIT
c_000885,461149,HDFC,CREDIT
c_000886,539053,CITI,DEBIT
c_000887,487064,CITI,CREDIT
c_000888,404603,CHASE,DEBIT
c_000889,481835,ICICI,DEBIT
c_000890,459600,HDFC,CREDIT
c_000891,520543,CHASE,CREDIT
c_000892,539615,CHASE,CREDIT
c_000893,495046,CITI,CREDIT
c_000894,429800,SBI,DEBIT
c_000895,534607,CHASE,CREDIT
c_000896,537017,ICICI,DEBIT
c_000897,400968,CITI,DEBIT
c_000898,558957,SBI,CREDIT
c_000899,534821,SBI,DEBIT
c_000900,549566,CHASE,DEBIT
c_000901,464144,ICICI,DEBIT
c_000902,512554,HDFC,CREDIT
c_000903,543821,CHASE,CREDIT
c_000904,443449,CHASE,CREDIT
c_000905,525977,SBI,DEBIT
c_000906,425862,CHASE,DEBIT
c_000907,400652,CHASE,CREDIT
c_000908,447656,CITI,DEBIT
c_000909,422662,SBI,DEBIT
c_000910,538839,HDFC,CREDIT
c_000911,541789,CITI,DEBIT
c_000912,477306,ICICI,CREDIT
c_000913,494847,SBI,CREDIT
c_000914,508611,CITI,DEBIT
c_000915,510207,ICICI,DEBIT
c_000916,435000,CHASE,DEBIT
c_000917,457688,CHASE,DEBIT
c_000918,518046,CITI,DEBIT
c_000919,439715,ICICI,DEBIT
c_000920,523607,CITI,DEBIT
c_000921,409414,CHASE,CREDIT
c_000922,471495,CITI,CREDIT
c_000923,414582,CITI,CREDIT
c_000924,522163,CHASE,CREDIT
c_000925,468023,HDFC,CREDIT
c_000926,510289,CHASE,CREDIT
c_000927,482280,ICICI,DEBIT
c_000928,542775,CITI,DEBIT
c_000929,518602,ICICI,CREDIT
c_000930,534791,HDFC,CREDIT
c_000931,552878,HDFC,CREDIT
c_000932,529528,CITI,DEBIT
c_000933,546230,CITI,CREDIT
c_000934,496886,CITI,CREDIT
c_000935,443947,CHASE,DEBIT
c_000936,532521,SBI,CREDIT
c_000937,507747,ICICI,DEBIT
c_000938,440777,HDFC,CREDIT
c_000939,504488,HDFC,DEBIT
c_000940,462336,CITI,CREDIT
c_000941,428514,ICICI,DEBIT
c_000942,557975,HDFC,CREDIT
c_000943,423125,CITI,DEBIT
c_000944,440550,CITI,CREDIT
c_000945,425766,CITI,DEBIT
c_000946,406960,CHASE,DEBIT
c_000947,505326,CHASE,DEBIT
c_000948,431043,HDFC,CREDIT
c_000949,553652,ICICI,DEBIT
c_000950,526103,ICICI,DEBIT
c_000951,501612,CITI,DEBIT
c_000952,458695,SBI,CREDIT
c_000953,479636,CITI,CREDIT
c_000954,412116,ICICI,CREDIT
c_000955,411596,CHASE,CREDIT
c_000956,485957,CHASE,CREDIT
c_000957,535938,ICICI,DEBIT
c_000958,488688,SBI,CREDIT
c_000959,403478,CHASE,CREDIT
c_000960,461898,HDFC,DEBIT
c_000961,457152,HDFC,CREDIT
c_000962,486316,SBI,DEBIT
c_000963,483438,CHASE,DEBIT
c_000964,493710,ICICI,DEBIT
c_000965,537572,CHASE,DEBIT
c_000966,535417,SBI,CREDIT
c_000967,469050,HDFC,CREDIT
c_000968,496375,CITI,DEBIT
c_000969,427438,HDFC,CREDIT
c_000970,416748,SBI,CREDIT
c_000971,413475,HDFC,DEBIT
c_000972,459459,SBI,DEBIT
c_000973,452023,CHASE,CREDIT
c_000974,429840,SBI,CREDIT
c_000975,539936,CITI,DEBIT
c_000976,409823,CITI,CREDIT
c_000977,518052,CITI,CREDIT
c_000978,540961,HDFC,DEBIT
c_000979,460849,SBI,CREDIT
c_000980,493627,CHASE,CREDIT
c_000981,469049,CHASE,CREDIT
c_000982,550603,SBI,DEBIT
c_000983,460791,CHASE,CREDIT
c_000984,478161,HDFC,DEBIT
c_000985,513247,ICICI,DEBIT
c_000986,483702,CHASE,DEBIT
c_000987,530707,CITI,DEBIT
c_000988,431201,SBI,CREDIT
c_000989,495958,CHASE,DEBIT
c_000990,557658,ICICI,CREDIT
c_000991,461216,HDFC,CREDIT
c_000992,546685,ICICI,DEBIT
c_000993,435836,CITI,DEBIT
c_000994,486881,CITI,CREDIT
c_000995,479770,ICICI,DEBIT
c_000996,459412,ICICI,CREDIT
c_000997,423716,CHASE,CREDIT
c_000998,418080,CITI,CREDIT
c_000999,466660,CITI,DEBIT
c_001000,552850,CHASE,CREDIT
c_001001,406282,CHASE,DEBIT
c_001002,478614,SBI,CREDIT
c_001003,523454,SBI,CREDIT
c_001004,446317,HDFC,CREDIT
c_001005,550025,SBI,CREDIT
c_001006,421582,CHASE,CREDIT
c_001007,559844,HDFC,CREDIT
c_001008,416683,CHASE,DEBIT
c_001009,488256,HDFC,DEBIT
c_001010,443407,HDFC,DEBIT
c_001011,506034,CITI,DEBIT
c_001012,475151,HDFC,DEBIT
c_001013,478604,SBI,CREDIT
c_001014,501345,HDFC,CREDIT
c_001015,547443,ICICI,CREDIT
c_001016,517898,SBI,DEBIT
c_001017,433675,CITI,DEBIT
c_001018,540512,CHASE,CREDIT
c_001019,463272,ICICI,DEBIT
c_001020,439731,CHASE,CREDIT
c_001021,407751,CITI,CREDIT
c_001022,449064,HDFC,DEBIT
c_001023,508951,CHASE,CREDIT
c_001024,520502,HDFC,CREDIT
c_001025,508917,CHASE,CREDIT
c_001026,420436,HDFC,DEBIT
c_001027,482168,CHASE,DEBIT
c_001028,472845,ICICI,DEBIT
c_001029,435239,ICICI,DEBIT
c_001030,457718,SBI,DEBIT
c_001031,418971,ICICI,CREDIT
c_001032,510985,CITI,DEBIT
c_001033,510356,CHASE,CREDIT
c_001034,404232,HDFC,CREDIT
c_001035,518578,CITI,DEBIT
c_001036,485825,ICICI,CREDIT
c_001037,472372,CHASE,DEBIT
c_001038,471918,SBI,DEBIT
c_001039,443045,ICICI,DEBIT
c_001040,491871,HDFC,CREDIT
c_001041,479703,CHASE,CREDIT
c_001042,513844,SBI,DEBIT
c_001043,498800,HDFC,DEBIT
c_001044,544070,CHASE,DEBIT
c_001045,528349,ICICI,CREDIT
c_001046,457195,HDFC,CREDIT
c_001047,499979,CITI,CREDIT
c_001048,493327,CITI,DEBIT
c_001049,447895,CHASE,CREDIT
c_001050,498468,SBI,DEBIT
c_001051,478284,CITI,DEBIT
c_001052,406901,ICICI,CREDIT
c_001053,400650,ICICI,CREDIT
c_001054,489987,HDFC,DEBIT
c_001055,471063,SBI,CREDIT
c_001056,544002,CHASE,CREDIT
c_001057,436878,ICICI,DEBIT
c_001058,550120,HDFC,CREDIT
c_001059,522898,ICICI,DEBIT
c_001060,417328,SBI,CREDIT
c_001061,472349,CHASE,DEBIT
c_001062,497987,CHASE,CREDIT
c_001063,552111,ICICI,DEBIT
c_001064,493742,HDFC,DEBIT
c_001065,468344,CITI,CREDIT
c_001066,537883,CITI,CREDIT
c_001067,554572,SBI,DEBIT
c_001068,416653,ICICI,DEBIT
c_001069,475894,HDFC,CREDIT
c_001070,474819,ICICI,CREDIT
c_001071,529904,CHASE,CREDIT
c_001072,424840,CITI,DEBIT
c_001073,413570,CITI,CREDIT
c_001074,531608,HDFC,DEBIT
c_001075,426189,CITI,CREDIT
c_001076,463755,HDFC,CREDIT
c_001077,454035,CITI,DEBIT
c_001078,485084,HDFC,DEBIT
c_001079,465580,ICICI,CREDIT
c_001080,526191,CITI,CREDIT
c_001081,444782,HDFC,DEBIT
c_001082,527371,CITI,DEBIT
c_001083,543862,CHASE,DEBIT
c_001084,411884,CITI,CREDIT
c_001085,537495,SBI,CREDIT
c_001086,478955,ICICI,CREDIT
c_001087,519050,HDFC,CREDIT
c_001088,543632,HDFC,DEBIT
c_001089,512148,CITI,DEBIT
c_001090,464065,HDFC,CREDIT
c_001091,469016,ICICI,DEBIT
c_001092,403207,CHASE,DEBIT
c_001093,413839,ICICI,DEBIT
c_001094,414216,ICICI,CREDIT
c_001095,487881,SBI,DEBIT
c_001096,485574,ICICI,DEBIT
c_001097,475577,HDFC,DEBIT
c_001098,475831,ICICI,DEBIT
c_001099,505831,CHASE,CREDIT
c_001100,409612,HDFC,CREDIT
c_001101,419762,SBI,CREDIT
c_001102,554356,CITI,DEBIT
c_001103,405005,HDFC,CREDIT
c_001104,511257,ICICI,DEBIT
c_001105,536133,ICICI,DEBIT
c_001106,435568,ICICI,CREDIT
c_001107,409793,HDFC,CREDIT
c_001108,460845,CITI,DEBIT
c_001109,448284,ICICI,DEBIT
c_001110,497632,CHASE,DEBIT
c_001111,407217,HDFC,DEBIT
c_001112,419798,HDFC,DEBIT
c_001113,467115,CITI,CREDIT
c_001114,454807,ICICI,DEBIT
c_001115,450447,ICICI,DEBIT
c_001116,495320,ICICI,CREDIT
c_001117,430603,ICICI,DEBIT
c_001118,463768,CITI,CREDIT
c_001119,487958,CHASE,CREDIT
c_001120,487361,ICICI,DEBIT
c_001121,479764,ICICI,CREDIT
c_001122,478224,SBI,CREDIT
c_001123,512249,HDFC,DEBIT
c_001124,469129,CITI,CREDIT
c_001125,512564,ICICI,CREDIT
c_001126,445578,HDFC,CREDIT
c_001127,464885,CHASE,CREDIT
c_001128,524139,ICICI,CREDIT
c_001129,550168,CITI,CREDIT
c_001130,446490,CITI,CREDIT
c_001131,460831,SBI,CREDIT
c_001132,424147,SBI,DEBIT
c_001133,500571,CHASE,CREDIT
c_001134,487166,CITI,DEBIT
c_001135,470126,CHASE,CREDIT
c_001136,441341,SBI,DEBIT
c_001137,533928,HDFC,CREDIT
c_001138,509180,SBI,DEBIT
c_001139,469887,CHASE,CREDIT
c_001140,457455,ICICI,CREDIT
c_001141,552464,SBI,DEBIT
c_001142,475639,CHASE,CREDIT
c_001143,503234,CHASE,CREDIT
c_001144,461164,SBI,DEBIT
c_001145,547113,CITI,CREDIT
c_001146,433366,CITI,CREDIT
c_001147,465494,ICICI,CREDIT
c_001148,453096,CHASE,CREDIT
c_001149,555291,ICICI,CREDIT
c_001150,427068,SBI,CREDIT
c_001151,421442,ICICI,CREDIT
c_001152,509667,ICICI,DEBIT
c_001153,484929,SBI,DEBIT
c_001154,475135,CHASE,CREDIT
c_001155,531127,CHASE,DEBIT
c_001156,551453,HDFC,CREDIT
c_001157,426546,CHASE,DEBIT
c_001158,477603,CITI,CREDIT
c_001159,554727,ICICI,DEBIT
c_001160,508863,HDFC,CREDIT
c_001161,458878,CITI,DEBIT
c_001162,426609,CHASE,DEBIT
c_001163,521085,HDFC,DEBIT
c_001164,464184,HDFC,CREDIT
c_001165,454583,CHASE,DEBIT
c_001166,499494,HDFC,CREDIT
c_001167,443528,HDFC,DEBIT
c_001168,471793,CITI,CREDIT
c_001169,526346,CITI,DEBIT
c_001170,545734,ICICI,CREDIT
c_001171,472115,CITI,DEBIT
c_001172,430887,ICICI,DEBIT
c_001173,474835,CHASE,DEBIT
c_001174,555229,SBI,CREDIT
c_001175,504034,ICICI,CREDIT
c_001176,472868,ICICI,DEBIT
c_001177,501869,SBI,CREDIT
c_001178,506288,ICICI,DEBIT
c_001179,556722,HDFC,CREDIT
c_001180,436357,CITI,CREDIT
c_001181,402974,ICICI,CREDIT
c_001182,550118,SBI,DEBIT
c_001183,428793,ICICI,CREDIT
c_001184,500471,SBI,CREDIT
c_001185,423181,CITI,CREDIT
c_001186,518357,HDFC,CREDIT
c_001187,544363,ICICI,DEBIT
c_001188,486150,ICICI,DEBIT
c_001189,408614,HDFC,CREDIT
c_001190,428163,ICICI,CREDIT
c_001191,549741,HDFC,DEBIT
c_001192,505212,ICICI,CREDIT
c_001193,553380,HDFC,DEBIT
c_001194,451036,ICICI,DEBIT
c_001195,471349,SBI,DEBIT
c_001196,524842,CHASE,CREDIT
c_001197,453770,SBI,DEBIT
c_001198,473779,HDFC,CREDIT
c_001199,423228,HDFC,DEBIT
c_001200,513812,CHASE,DEBIT
c_001201,409882,HDFC,CREDIT
c_001202,542712,HDFC,DEBIT
c_001203,504977,HDFC,CREDIT
c_001204,551608,CITI,DEBIT
c_001205,406531,HDFC,CREDIT
c_001206,442349,HDFC,DEBIT
c_001207,538841,CITI,CREDIT
c_001208,509312,HDFC,CREDIT
c_001209,542682,HDFC,DEBIT
c_001210,557868,HDFC,DEBIT
c_001211,476540,ICICI,DEBIT
c_001212,452578,SBI,CREDIT
c_001213,479262,CITI,CREDIT
c_001214,440877,HDFC,DEBIT
c_001215,483689,ICICI,DEBIT
c_001216,511533,HDFC,CREDIT
c_001217,548235,HDFC,CREDIT
c_001218,555104,HDFC,DEBIT
c_001219,542487,CHASE,DEBIT
c_001220,420928,SBI,CREDIT
c_001221,425921,HDFC,CREDIT
c_001222,430410,ICICI,DEBIT
c_001223,425627,CITI,CREDIT
c_001224,404252,ICICI,CREDIT
c_001225,521616,HDFC,DEBIT
c_001226,536512,CITI,DEBIT
c_001227,475845,HDFC,DEBIT
c_001228,434739,CITI,CREDIT
c_001229,478400,SBI,DEBIT
c_001230,527029,HDFC,DEBIT
c_001231,514331,CHASE,CREDIT
c_001232,528675,CHASE,CREDIT
c_001233,512381,ICICI,DEBIT
c_001234,462611,CITI,DEBIT
c_001235,409832,CHASE,CREDIT
c_001236,429150,CHASE,DEBIT
c_001237,551413,SBI,DEBIT
c_001238,465405,ICICI,DEBIT
c_001239,491318,SBI,DEBIT
c_001240,419958,ICICI,DEBIT
c_001241,487953,ICICI,CREDIT
c_001242,413473,CHASE,CREDIT
c_001243,448639,CHASE,DEBIT
c_001244,506566,CITI,CREDIT
c_001245,490280,SBI,DEBIT
c_001246,484718,ICICI,CREDIT
c_001247,481759,HDFC,DEBIT
c_001248,436419,SBI,CREDIT
c_001249,527548,HDFC,CREDIT
c_001250,553026,CITI,CREDIT
c_001251,536471,CITI,CREDIT
c_001252,511652,CHASE,CREDIT
c_001253,532824,CITI,DEBIT
c_001254,415297,HDFC,CREDIT
c_001255,427778,CITI,CREDIT
c_001256,513426,CHASE,CREDIT
c_001257,505353,ICICI,CREDIT
c_001258,495436,CITI,CREDIT
c_001259,438179,ICICI,CREDIT
c_001260,422655,CHASE,DEBIT
c_001261,502161,CHASE,DEBIT
c_001262,494797,CHASE,CREDIT
c_001263,406786,SBI,CREDIT
c_001264,402095,CHASE,DEBIT
c_001265,411228,HDFC,CREDIT
c_001266,471946,HDFC,DEBIT
c_001267,401335,CHASE,CREDIT
c_001268,447194,SBI,DEBIT
c_001269,534204,CHASE,DEBIT
c_001270,401349,HDFC,CREDIT
c_001271,507263,CITI,DEBIT
c_001272,471288,HDFC,CREDIT
c_001273,435540,CITI,DEBIT
c_001274,402020,CHASE,CREDIT
c_001275,444171,ICICI,DEBIT
c_001276,431906,SBI,DEBIT
c_001277,436701,ICICI,DEBIT
c_001278,544759,ICICI,DEBIT
c_001279,445872,CITI,DEBIT
c_001280,474424,HDFC,CREDIT
c_001281,523480,SBI,DEBIT
c_001282,537890,ICICI,CREDIT
c_001283,558858,CITI,CREDIT
c_001284,408375,HDFC,CREDIT
c_001285,424187,HDFC,CREDIT
c_001286,518586,CITI,DEBIT
c_001287,459814,SBI,DEBIT
c_001288,430267,ICICI,CREDIT
c_001289,407786,SBI,DEBIT
c_001290,483541,CHASE,DEBIT
c_001291,443183,CITI,DEBIT
c_001292,402006,CHASE,CREDIT
c_001293,430843,SBI,CREDIT
c_001294,545889,HDFC,CREDIT
c_001295,537413,ICICI,DEBIT
c_001296,433456,CITI,DEBIT
c_001297,419080,HDFC,CREDIT
c_001298,426824,CITI,CREDIT
c_001299,486357,ICICI,CREDIT
c_001300,420237,CITI,CREDIT
c_001301,433095,CITI,DEBIT
c_001302,468848,SBI,CREDIT
c_001303,545665,CHASE,CREDIT
c_001304,475454,ICICI,DEBIT
c_001305,445950,HDFC,DEBIT
c_001306,405917,CHASE,DEBIT
c_001307,490270,CHASE,DEBIT
c_001308,459596,CHASE,DEBIT
c_001309,438249,HDFC,DEBIT
c_001310,516557,SBI,DEBIT
c_001311,505512,CITI,DEBIT
c_001312,483607,SBI,CREDIT
c_001313,490303,CHASE,CREDIT
c_001314,555282,CITI,CREDIT
c_001315,405467,CITI,CREDIT
c_001316,448908,CITI,DEBIT
c_001317,509865,CITI,CREDIT
c_001318,548488,HDFC,CREDIT
c_001319,494184,ICICI,CREDIT
c_001320,403872,CHASE,DEBIT
c_001321,412706,CHASE,CREDIT
c_001322,510199,CHASE,DEBIT
c_001323,461218,CHASE,CREDIT
c_001324,497322,CHASE,DEBIT
c_001325,421756,CHASE,CREDIT
c_001326,437722,CHASE,CREDIT
c_001327,424440,ICICI,CREDIT
c_001328,546837,HDFC,CREDIT
c_001329,554074,CITI,DEBIT
c_001330,436703,SBI,DEBIT
c_001331,405372,CITI,CREDIT
c_001332,450974,CHASE,CREDIT
c_001333,442134,CITI,CREDIT
c_001334,477531,SBI,CREDIT
c_001335,520542,CHASE,DEBIT
c_001336,484700,HDFC,CREDIT
c_001337,448283,ICICI,DEBIT
c_001338,465675,ICICI,DEBIT
c_001339,479031,CITI,DEBIT
c_001340,408364,SBI,DEBIT
c_001341,519110,ICICI,CREDIT
c_001342,428995,SBI,CREDIT
c_001343,464644,CHASE,DEBIT
c_001344,485885,CITI,CREDIT
c_001345,482660,CHASE,CREDIT
c_001346,553343,HDFC,CREDIT
c_001347,445643,CHASE,CREDIT
c_001348,403918,ICICI,CREDIT
c_001349,443133,SBI,CREDIT
c_001350,416104,ICICI,DEBIT
c_001351,458097,ICICI,CREDIT
c_001352,557229,SBI,CREDIT
c_001353,447522,ICICI,DEBIT
c_001354,484451,CITI,DEBIT
c_001355,537720,CHASE,DEBIT
c_001356,412082,SBI,DEBIT
c_001357,436653,CITI,CREDIT
c_001358,502841,ICICI,DEBIT
c_001359,516030,ICICI,DEBIT
c_001360,527237,SBI,DEBIT
c_001361,557348,ICICI,DEBIT
c_001362,406931,SBI,DEBIT
c_001363,506763,CHASE,DEBIT
c_001364,431253,SBI,DEBIT
c_001365,554754,ICICI,CREDIT
c_001366,500256,CITI,DEBIT
c_001367,524476,HDFC,CREDIT
c_001368,458010,ICICI,CREDIT
c_001369,408655,ICICI,DEBIT
c_001370,460457,CITI,DEBIT
c_001371,531101,HDFC,CREDIT
c_001372,539365,SBI,DEBIT
c_001373,448482,ICICI,DEBIT
c_001374,509572,HDFC,DEBIT
c_001375,427850,CITI,DEBIT
c_001376,463836,ICICI,CREDIT
c_001377,459164,CHASE,CREDIT
c_001378,422217,CITI,DEBIT
c_001379,400540,HDFC,DEBIT
c_001380,448183,CITI,CREDIT
c_001381,512797,HDFC,CREDIT
c_001382,438331,ICICI,CREDIT
c_001383,498716,SBI,CREDIT
c_001384,416774,CITI,CREDIT
c_001385,492772,CITI,CREDIT
c_001386,400644,CHASE,DEBIT
c_001387,459481,HDFC,CREDIT
c_001388,490211,ICICI,DEBIT
c_001389,461428,HDFC,CREDIT
c_001390,522872,CHASE,DEBIT
c_001391,474675,SBI,CREDIT
c_001392,475923,CHASE,CREDIT
c_001393,464241,CHASE,DEBIT
c_001394,431003,CITI,CREDIT
c_001395,492469,ICICI,DEBIT
c_001396,421044,CHASE,CREDIT
c_001397,512173,CHASE,CREDIT
c_001398,489124,HDFC,CREDIT
c_001399,446345,CHASE,CREDIT
c_001400,417536,ICICI,DEBIT
c_001401,550863,ICICI,DEBIT
c_001402,484188,CHASE,DEBIT
c_001403,506634,HDFC,DEBIT
c_001404,440862,ICICI,DEBIT
c_001405,418152,HDFC,CREDIT
c_001406,525425,CITI,CREDIT
c_001407,406302,CHASE,CREDIT
c_001408,512087,ICICI,CREDIT
c_001409,464506,ICICI,DEBIT
c_001410,452015,CHASE,DEBIT
c_001411,541335,SBI,DEBIT
c_001412,418772,ICICI,CREDIT
c_001413,535480,SBI,CREDIT
c_001414,508549,ICICI,CREDIT
c_001415,421964,HDFC,CREDIT
c_001416,439904,CITI,CREDIT
c_001417,450479,HDFC,DEBIT
c_001418,407580,ICICI,CREDIT
c_001419,488251,ICICI,DEBIT
c_001420,463776,HDFC,DEBIT
c_001421,437539,SBI,CREDIT
c_001422,490329,CITI,CREDIT
c_001423,499611,CITI,DEBIT
c_001424,433242,CHASE,CREDIT
c_001425,427074,CHASE,DEBIT
c_001426,530267,CHASE,CREDIT
c_001427,549454,HDFC,CREDIT
c_001428,455131,CITI,DEBIT
c_001429,410811,HDFC,DEBIT
c_001430,472034,HDFC,CREDIT
c_001431,492562,ICICI,CREDIT
c_001432,503001,SBI,DEBIT
c_001433,513005,CHASE,DEBIT
c_001434,496678,HDFC,DEBIT
c_001435,527887,ICICI,CREDIT
c_001436,482817,SBI,DEBIT
c_001437,465249,CHASE,CREDIT
c_001438,502826,SBI,CREDIT
c_001439,523014,CHASE,CREDIT
c_001440,538657,CHASE,CREDIT
c_001441,554319,CHASE,DEBIT
c_001442,443171,SBI,CREDIT
c_001443,496366,HDFC,DEBIT
c_001444,480432,CHASE,DEBIT
c_001445,482549,HDFC,CREDIT
c_001446,551675,ICICI,CREDIT
c_001447,485718,CHASE,CREDIT
c_001448,428798,ICICI,DEBIT
c_001449,510546,ICICI,CREDIT
c_001450,509547,CHASE,DEBIT
c_001451,556572,ICICI,CREDIT
c_001452,405710,CITI,CREDIT
c_001453,553172,ICICI,CREDIT
c_001454,470592,ICICI,DEBIT
c_001455,434338,CITI,DEBIT
c_001456,478947,CHASE,CREDIT
c_001457,401145,ICICI,DEBIT
c_001458,451349,SBI,CREDIT
c_001459,520971,CITI,DEBIT
c_001460,475202,SBI,CREDIT
c_001461,548697,CHASE,DEBIT
c_001462,497931,HDFC,CREDIT
c_001463,413615,CHASE,DEBIT
c_001464,453375,ICICI,DEBIT
c_001465,424538,SBI,CREDIT
c_001466,545621,ICICI,DEBIT
c_001467,450611,CHASE,DEBIT
c_001468,414706,CITI,CREDIT
c_001469,483009,HDFC,CREDIT
c_001470,527988,CHASE,CREDIT
c_001471,403080,CHASE,DEBIT
c_001472,506691,ICICI,DEBIT
c_001473,536372,CHASE,DEBIT
c_001474,401138,HDFC,DEBIT
c_001475,436259,ICICI,DEBIT
c_001476,412847,CITI,CREDIT
c_001477,531957,SBI,DEBIT
c_001478,501632,SBI,DEBIT
c_001479,453632,ICICI,CREDIT
c_001480,518321,CITI,CREDIT
c_001481,406013,CITI,DEBIT
c_001482,541625,CITI,CREDIT
c_001483,530748,HDFC,DEBIT
c_001484,499926,HDFC,CREDIT
c_001485,466373,CITI,CREDIT
c_001486,513997,CITI,DEBIT
c_001487,406298,CITI,CREDIT
c_001488,509918,SBI,DEBIT
c_001489,429812,ICICI,DEBIT
c_001490,468564,CITI,CREDIT
c_001491,424531,CITI,DEBIT
c_001492,498094,HDFC,DEBIT
c_001493,420301,HDFC,CREDIT
c_001494,476486,CHASE,DEBIT
c_001495,524569,SBI,DEBIT
c_001496,541791,HDFC,DEBIT
c_001497,537343,CITI,DEBIT
c_001498,474931,SBI,DEBIT
c_001499,416056,SBI,DEBIT
c_001500,471287,ICICI,DEBIT
c_001501,491375,CHASE,CREDIT
c_001502,533423,SBI,DEBIT
c_001503,455987,SBI,DEBIT
c_001504,536954,HDFC,CREDIT
c_001505,535017,ICICI,CREDIT
c_001506,481341,CHASE,CREDIT
c_001507,492343,CITI,DEBIT
c_001508,451664,HDFC,DEBIT
c_001509,427029,CHASE,CREDIT
c_001510,499990,SBI,CREDIT
c_001511,428833,CHASE,CREDIT
c_001512,543894,SBI,DEBIT
c_001513,423910,CITI,DEBIT
c_001514,440571,CHASE,DEBIT
c_001515,506115,CITI,DEBIT
c_001516,526807,HDFC,CREDIT
c_001517,424486,HDFC,CREDIT
c_001518,535255,CHASE,CREDIT
c_001519,535622,CHASE,DEBIT
c_001520,422331,CITI,CREDIT
c_001521,501025,CHASE,CREDIT
c_001522,551818,CITI,DEBIT
c_001523,452220,ICICI,CREDIT
c_001524,417215,CHASE,DEBIT
c_001525,484108,HDFC,CREDIT
c_001526,540590,ICICI,CREDIT
c_001527,449700,SBI,CREDIT
c_001528,541326,HDFC,CREDIT
c_001529,510620,SBI,CREDIT
c_001530,439308,CITI,CREDIT
c_001531,464726,SBI,DEBIT
c_001532,464871,CITI,DEBIT
c_001533,474000,ICICI,CREDIT
c_001534,504904,ICICI,DEBIT
c_001535,522716,CHASE,CREDIT
c_001536,546684,HDFC,DEBIT
c_001537,486573,CITI,CREDIT
c_001538,511495,CHASE,CREDIT
c_001539,558532,ICICI,DEBIT
c_001540,453056,HDFC,DEBIT
c_001541,535119,SBI,DEBIT
c_001542,441311,CHASE,DEBIT
c_001543,525564,CHASE,CREDIT
c_001544,555327,CITI,DEBIT
c_001545,466858,SBI,DEBIT
c_001546,497248,HDFC,DEBIT
c_001547,483869,ICICI,CREDIT
c_001548,478597,CHASE,DEBIT
c_001549,462535,HDFC,CREDIT
c_001550,449923,HDFC,CREDIT
c_001551,432784,HDFC,CREDIT
c_001552,458657,CITI,DEBIT
c_001553,526820,CHASE,CREDIT
c_001554,519506,HDFC,DEBIT
c_001555,531403,SBI,DEBIT
c_001556,483634,ICICI,CREDIT
c_001557,532108,CHASE,DEBIT
c_001558,400287,CITI,DEBIT
c_001559,402259,CHASE,DEBIT
c_001560,438384,HDFC,DEBIT
c_001561,437108,SBI,DEBIT
c_001562,450714,SBI,CREDIT
c_001563,528151,ICICI,DEBIT
c_001564,491435,CHASE,CREDIT
c_001565,523116,HDFC,CREDIT
c_001566,431538,CITI,CREDIT
c_001567,428399,CHASE,CREDIT
c_001568,559885,CHASE,CREDIT
c_001569,504532,CHASE,CREDIT
c_001570,506619,SBI,DEBIT
c_001571,559188,CITI,CREDIT
c_001572,537367,ICICI,DEBIT
c_001573,475385,SBI,DEBIT
c_001574,404578,CITI,CREDIT
c_001575,439934,ICICI,CREDIT
c_001576,436283,CHASE,CREDIT
c_001577,451452,CHASE,DEBIT
c_001578,447788,ICICI,DEBIT
c_001579,551900,HDFC,CREDIT
c_001580,463930,CITI,DEBIT
c_001581,520233,HDFC,CREDIT
c_001582,474583,CHASE,DEBIT
c_001583,510450,HDFC,DEBIT
c_001584,487706,CHASE,DEBIT
c_001585,421657,SBI,DEBIT
c_001586,425213,HDFC,DEBIT
c_001587,504062,ICICI,CREDIT
c_001588,402336,HDFC,DEBIT
c_001589,435271,CHASE,CREDIT
c_001590,546938,CITI,DEBIT
c_001591,468591,CHASE,CREDIT
c_001592,556728,CHASE,DEBIT
c_001593,457843,SBI,CREDIT
c_001594,533064,CITI,DEBIT
c_001595,493888,CHASE,DEBIT
c_001596,557318,ICICI,DEBIT
c_001597,474367,CITI,CREDIT
c_001598,523730,CITI,DEBIT
c_001599,466099,CHASE,DEBIT
c_001600,532476,CHASE,CREDIT
c_001601,474352,ICICI,DEBIT
c_001602,406015,ICICI,DEBIT
c_001603,529723,ICICI,CREDIT
c_001604,510960,SBI,DEBIT
c_001605,535907,ICICI,CREDIT
c_001606,502982,CITI,CREDIT
c_001607,469171,CITI,DEBIT
c_001608,530563,ICICI,CREDIT
c_001609,400685,HDFC,DEBIT
c_001610,437027,HDFC,CREDIT
c_001611,413010,HDFC,CREDIT
c_001612,498825,HDFC,CREDIT
c_001613,422548,CITI,DEBIT
c_001614,546663,SBI,CREDIT
c_001615,454649,ICICI,CREDIT
c_001616,430026,CHASE,DEBIT
c_001617,414947,ICICI,DEBIT
c_001618,483956,CHASE,DEBIT
c_001619,499978,CITI,DEBIT
c_001620,403372,HDFC,DEBIT
c_001621,414906,HDFC,DEBIT
c_001622,537972,CITI,DEBIT
c_001623,417292,CITI,CREDIT
c_001624,536587,HDFC,DEBIT
c_001625,481191,CITI,DEBIT
c_001626,445479,CITI,DEBIT
c_001627,488060,SBI,DEBIT
c_001628,487845,CITI,DEBIT
c_001629,413257,CITI,DEBIT
c_001630,412941,SBI,DEBIT
c_001631,516256,CHASE,CREDIT
c_001632,423205,ICICI,CREDIT
c_001633,503260,ICICI,DEBIT
c_001634,534177,HDFC,DEBIT
c_001635,435941,CHASE,DEBIT
c_001636,491433,CITI,CREDIT
c_001637,520288,SBI,CREDIT
c_001638,400981,SBI,DEBIT
c_001639,419306,HDFC,DEBIT
c_001640,491449,CITI,DEBIT
c_001641,464096,HDFC,CREDIT
c_001642,530336,ICICI,CREDIT
c_001643,532078,SBI,DEBIT
c_001644,424815,CITI,DEBIT
c_001645,480851,ICICI,CREDIT
c_001646,558965,ICICI,CREDIT
c_001647,507005,SBI,DEBIT
c_001648,427222,CHASE,CREDIT
c_001649,511972,CHASE,DEBIT
c_001650,533454,CHASE,CREDIT
c_001651,504366,ICICI,DEBIT
c_001652,507260,ICICI,CREDIT
c_001653,542802,CITI,CREDIT
c_001654,406442,HDFC,CREDIT
c_001655,442327,CHASE,CREDIT
c_001656,445061,CITI,DEBIT
c_001657,448254,CHASE,CREDIT
c_001658,514027,CHASE,DEBIT
c_001659,549389,ICICI,CREDIT
c_001660,504092,HDFC,CREDIT
c_001661,485161,ICICI,DEBIT
c_001662,544257,CITI,DEBIT
c_001663,521582,SBI,DEBIT
c_001664,483359,CITI,DEBIT
c_001665,435541,SBI,CREDIT
c_001666,524943,CHASE,CREDIT
c_001667,439922,CHASE,CREDIT
c_001668,558141,CHASE,CREDIT
c_001669,477695,HDFC,DEBIT
c_001670,546025,SBI,DEBIT
c_001671,483122,HDFC,DEBIT
c_001672,476259,HDFC,CREDIT
c_001673,428668,CHASE,CREDIT
c_001674,526575,CITI,DEBIT
c_001675,549856,HDFC,DEBIT
c_001676,554725,SBI,CREDIT
c_001677,491991,HDFC,CREDIT
c_001678,421044,HDFC,CREDIT
c_001679,537778,CHASE,DEBIT
c_001680,414701,SBI,DEBIT
c_001681,401143,CITI,DEBIT
c_001682,468652,SBI,DEBIT
c_001683,537062,CHASE,CREDIT
c_001684,491640,CHASE,DEBIT
c_001685,461057,HDFC,DEBIT
c_001686,554573,ICICI,DEBIT
c_001687,432372,HDFC,DEBIT
c_001688,489101,HDFC,DEBIT
c_001689,532953,CHASE,DEBIT
c_001690,529343,SBI,DEBIT
c_001691,549846,HDFC,CREDIT
c_001692,557476,SBI,DEBIT
c_001693,447489,ICICI,DEBIT
c_001694,449553,CHASE,DEBIT
c_001695,431212,CITI,DEBIT
c_001696,500779,ICICI,DEBIT
c_001697,403575,CHASE,DEBIT
c_001698,405193,ICICI,CREDIT
c_001699,445288,CHASE,CREDIT
c_001700,436409,SBI,CREDIT
c_001701,495284,ICICI,CREDIT
c_001702,475570,HDFC,CREDIT
c_001703,529713,HDFC,CREDIT
c_001704,479973,CHASE,CREDIT
c_001705,506956,CHASE,CREDIT
c_001706,413028,CHASE,CREDIT
c_001707,454598,SBI,CREDIT
c_001708,466362,SBI,DEBIT
c_001709,466685,SBI,DEBIT
c_001710,473580,CHASE,CREDIT
c_001711,543909,CITI,CREDIT
c_001712,492782,CITI,DEBIT
c_001713,470167,CITI,DEBIT
c_001714,477771,CITI,DEBIT
c_001715,492582,CITI,CREDIT
c_001716,441948,CHASE,CREDIT
c_001717,456579,CHASE,CREDIT
c_001718,478568,CITI,CREDIT
c_001719,463003,ICICI,DEBIT
c_001720,520775,CHASE,CREDIT
c_001721,537501,CHASE,DEBIT
c_001722,533140,CITI,CREDIT
c_001723,463885,ICICI,CREDIT
c_001724,559929,CITI,DEBIT
c_001725,466013,SBI,DEBIT
c_001726,512885,CITI,CREDIT
c_001727,540396,HDFC,CREDIT
c_001728,406233,SBI,CREDIT
c_001729,415616,SBI,DEBIT
c_001730,556206,ICICI,CREDIT
c_001731,505091,CHASE,DEBIT
c_001732,402147,HDFC,CREDIT
c_001733,451661,SBI,DEBIT
c_001734,558206,ICICI,DEBIT
c_001735,522536,CHASE,DEBIT
c_001736,528456,ICICI,CREDIT
c_001737,470684,SBI,DEBIT
c_001738,463357,CITI,DEBIT
c_001739,416629,CHASE,DEBIT
c_001740,487839,CITI,CREDIT
c_001741,428819,SBI,DEBIT
c_001742,434774,HDFC,CREDIT
c_001743,490045,HDFC,DEBIT
c_001744,547410,HDFC,CREDIT
c_001745,454976,SBI,DEBIT
c_001746,416968,ICICI,CREDIT
c_001747,556401,SBI,DEBIT
c_001748,458667,CHASE,CREDIT
c_001749,449306,HDFC,DEBIT
c_001750,429275,ICICI,DEBIT
c_001751,492430,CITI,DEBIT
c_001752,472029,ICICI,CREDIT
c_001753,493839,ICICI,CREDIT
c_001754,469256,ICICI,CREDIT
c_001755,499694,ICICI,CREDIT
c_001756,429100,HDFC,CREDIT
c_001757,529999,ICICI,DEBIT
c_001758,545229,SBI,CREDIT
c_001759,476691,SBI,DEBIT
c_001760,468037,CHASE,DEBIT
c_001761,558237,HDFC,DEBIT
c_001762,484981,HDFC,DEBIT
c_001763,524947,SBI,CREDIT
c_001764,493711,SBI,DEBIT
c_001765,518949,HDFC,CREDIT
c_001766,435576,CHASE,DEBIT
c_001767,542558,HDFC,CREDIT
c_001768,519440,ICICI,DEBIT
c_001769,515936,SBI,CREDIT
c_001770,425026,ICICI,DEBIT
c_001771,483220,CHASE,CREDIT
c_001772,510933,ICICI,CREDIT
c_001773,467457,HDFC,DEBIT
c_001774,511231,HDFC,CREDIT
c_001775,537814,HDFC,CREDIT
c_001776,502827,ICICI,DEBIT
c_001777,554443,CITI,DEBIT
c_001778,511121,CITI,DEBIT
c_001779,421977,CITI,CREDIT
c_001780,463045,HDFC,DEBIT
c_001781,556686,SBI,DEBIT
c_001782,514249,CHASE,DEBIT
c_001783,481465,SBI,DEBIT
c_001784,486489,CITI,DEBIT
c_001785,432779,CHASE,CREDIT
c_001786,459654,HDFC,DEBIT
c_001787,456443,SBI,DEBIT
c_001788,539202,CITI,DEBIT
c_001789,480891,CITI,CREDIT
c_001790,423711,SBI,DEBIT
c_001791,414990,ICICI,CREDIT
c_001792,559332,ICICI,CREDIT
c_001793,478061,SBI,DEBIT
c_001794,437946,CITI,DEBIT
c_001795,462271,HDFC,DEBIT
c_001796,466938,ICICI,CREDIT
c_001797,494846,SBI,CREDIT
c_001798,499246,CHASE,DEBIT
c_001799,558958,CITI,DEBIT
c_001800,428888,SBI,CREDIT
c_001801,554788,HDFC,CREDIT
c_001802,467832,ICICI,DEBIT
c_001803,536665,ICICI,CREDIT
c_001804,465203,CHASE,CREDIT
c_001805,458988,HDFC,DEBIT
c_001806,441099,CITI,CREDIT
c_001807,526784,HDFC,DEBIT
c_001808,484067,HDFC,CREDIT
c_001809,438555,CITI,DEBIT
c_001810,522604,CITI,DEBIT
c_001811,502190,SBI,DEBIT
c_001812,518466,ICICI,DEBIT
c_001813,533492,HDFC,CREDIT
c_001814,437029,CITI,DEBIT
c_001815,414044,CITI,CREDIT
c_001816,459922,CITI,DEBIT
c_001817,441086,HDFC,DEBIT
c_001818,504089,CITI,DEBIT
c_001819,484479,CHASE,DEBIT
c_001820,520719,CHASE,CREDIT
c_001821,429860,HDFC,CREDIT
c_001822,435889,CITI,CREDIT
c_001823,527749,HDFC,CREDIT
c_001824,476550,SBI,DEBIT
c_001825,497821,ICICI,DEBIT
c_001826,466662,SBI,CREDIT
c_001827,413400,HDFC,DEBIT
c_001828,401540,ICICI,CREDIT
c_001829,536509,ICICI,CREDIT
c_001830,545477,CITI,DEBIT
c_001831,455848,SBI,CREDIT
c_001832,414493,ICICI,CREDIT
c_001833,531858,CHASE,CREDIT
c_001834,503966,HDFC,DEBIT
c_001835,412458,SBI,DEBIT
c_001836,558488,ICICI,CREDIT
c_001837,506977,CHASE,CREDIT
c_001838,478013,HDFC,DEBIT
c_001839,462939,CHASE,DEBIT
c_001840,411705,HDFC,DEBIT
c_001841,544037,ICICI,CREDIT
c_001842,445225,HDFC,DEBIT
c_001843,482201,HDFC,DEBIT
c_001844,464111,SBI,CREDIT
c_001845,415756,HDFC,CREDIT
c_001846,441859,ICICI,DEBIT
c_001847,425831,ICICI,DEBIT
c_001848,494807,ICICI,DEBIT
c_001849,408264,CITI,DEBIT
c_001850,420131,CHASE,DEBIT
c_001851,507760,ICICI,CREDIT
c_001852,402369,ICICI,DEBIT
c_001853,525536,ICICI,CREDIT
c_001854,557347,HDFC,CREDIT
c_001855,533767,CITI,CREDIT
c_001856,527426,CHASE,CREDIT
c_001857,448283,HDFC,DEBIT
c_001858,406064,SBI,DEBIT
c_001859,421179,SBI,DEBIT
c_001860,413200,CHASE,DEBIT
c_001861,519734,HDFC,CREDIT
c_001862,463293,SBI,CREDIT
c_001863,407231,CITI,CREDIT
c_001864,427315,ICICI,DEBIT
c_001865,520265,HDFC,CREDIT
c_001866,421214,HDFC,DEBIT
c_001867,469423,SBI,CREDIT
c_001868,468037,SBI,CREDIT
c_001869,558730,CHASE,DEBIT
c_001870,503659,SBI,CREDIT
c_001871,502101,HDFC,DEBIT
c_001872,518887,CHASE,CREDIT
c_001873,420512,ICICI,CREDIT
c_001874,516954,HDFC,CREDIT
c_001875,437058,CHASE,DEBIT
c_001876,553263,SBI,CREDIT
c_001877,427931,ICICI,CREDIT
c_001878,500055,CHASE,DEBIT
c_001879,406621,SBI,CREDIT
c_001880,529608,ICICI,CREDIT
c_001881,425806,ICICI,CREDIT
c_001882,475103,HDFC,DEBIT
c_001883,436645,ICICI,CREDIT
c_001884,499819,HDFC,CREDIT
c_001885,477888,CHASE,CREDIT
c_001886,446113,CHASE,CREDIT
c_001887,453685,ICICI,DEBIT
c_001888,477819,HDFC,DEBIT
c_001889,519820,CHASE,DEBIT
c_001890,478168,ICICI,DEBIT
c_001891,498197,ICICI,CREDIT
c_001892,534049,ICICI,DEBIT
c_001893,557539,CHASE,CREDIT
c_001894,454318,CHASE,CREDIT
c_001895,525618,HDFC,CREDIT
c_001896,501790,SBI,CREDIT
c_001897,541203,CITI,CREDIT
c_001898,555492,CITI,CREDIT
c_001899,405727,ICICI,CREDIT
c_001900,544495,CITI,DEBIT
c_001901,400783,HDFC,CREDIT
c_001902,541894,ICICI,CREDIT
c_001903,558164,ICICI,CREDIT
c_001904,459510,HDFC,CREDIT
c_001905,551166,ICICI,DEBIT
c_001906,555676,HDFC,DEBIT
c_001907,526498,HDFC,CREDIT
c_001908,486463,CITI,DEBIT
c_001909,473442,HDFC,DEBIT
c_001910,469264,HDFC,CREDIT
c_001911,438051,CITI,DEBIT
c_001912,421484,CITI,CREDIT
c_001913,444653,ICICI,DEBIT
c_001914,473601,CHASE,DEBIT
c_001915,535946,ICICI,DEBIT
c_001916,422938,CITI,DEBIT
c_001917,517007,CITI,CREDIT
c_001918,414005,CHASE,CREDIT
c_001919,517492,CITI,CREDIT
c_001920,551139,CHASE,CREDIT
c_001921,552472,CITI,CREDIT
c_001922,557356,HDFC,CREDIT
c_001923,442265,ICICI,DEBIT
c_001924,528537,HDFC,DEBIT
c_001925,473179,CITI,CREDIT
c_001926,488015,CHASE,CREDIT
c_001927,535471,HDFC,DEBIT
c_001928,402467,CHASE,DEBIT
c_001929,529110,ICICI,CREDIT
c_001930,506530,ICICI,DEBIT
c_001931,506937,ICICI,DEBIT
c_001932,444082,CITI,CREDIT
c_001933,496081,SBI,CREDIT
c_001934,446663,CHASE,DEBIT
c_001935,509721,CITI,CREDIT
c_001936,559593,CHASE,DEBIT
c_001937,527927,CITI,DEBIT
c_001938,423246,CITI,DEBIT
c_001939,537771,CITI,DEBIT
c_001940,502750,CITI,DEBIT
c_001941,412415,HDFC,DEBIT
c_001942,403399,CHASE,DEBIT
c_001943,511678,CHASE,CREDIT
c_001944,449420,ICICI,DEBIT
c_001945,501978,ICICI,DEBIT
c_001946,510517,HDFC,DEBIT
c_001947,420154,CHASE,CREDIT
c_001948,470191,CITI,DEBIT
c_001949,411903,SBI,DEBIT
c_001950,463615,CHASE,DEBIT
c_001951,557647,SBI,CREDIT
c_001952,497405,CITI,CREDIT
c_001953,531995,ICICI,CREDIT
c_001954,510388,ICICI,DEBIT
c_001955,440146,CHASE,CREDIT
c_001956,457102,CITI,DEBIT
c_001957,438141,SBI,CREDIT
c_001958,427745,CHASE,CREDIT
c_001959,418281,CITI,DEBIT
c_001960,484586,CITI,DEBIT
c_001961,466600,CHASE,CREDIT
c_001962,447055,HDFC,DEBIT
c_001963,449248,CHASE,DEBIT
c_001964,431854,CITI,CREDIT
c_001965,461150,CITI,CREDIT
c_001966,493849,SBI,DEBIT
c_001967,454502,CITI,CREDIT
c_001968,483450,ICICI,DEBIT
c_001969,482300,CHASE,DEBIT
c_001970,413820,CITI,DEBIT
c_001971,402274,CHASE,CREDIT
c_001972,536659,SBI,DEBIT
c_001973,553916,CHASE,CREDIT
c_001974,494991,CITI,CREDIT
c_001975,435549,SBI,DEBIT
c_001976,547430,CITI,DEBIT
c_001977,428209,CHASE,CREDIT
c_001978,449330,SBI,DEBIT
c_001979,509716,CHASE,DEBIT
c_001980,417443,ICICI,DEBIT
c_001981,523330,ICICI,CREDIT
c_001982,518704,HDFC,CREDIT
c_001983,435673,HDFC,CREDIT
c_001984,459339,SBI,DEBIT
c_001985,447253,SBI,DEBIT
c_001986,444997,ICICI,CREDIT
c_001987,424656,CITI,DEBIT
c_001988,416077,CHASE,DEBIT
c_001989,448451,ICICI,CREDIT
c_001990,481964,SBI,DEBIT
c_001991,424679,CITI,DEBIT
c_001992,481265,SBI,CREDIT
c_001993,444091,SBI,CREDIT
c_001994,440711,HDFC,DEBIT
c_001995,473272,ICICI,CREDIT
c_001996,401919,CITI,CREDIT
c_001997,515138,CHASE,CREDIT
c_001998,423818,HDFC,CREDIT
c_001999,417072,SBI,CREDIT
c_002000,471818,HDFC,CREDIT
c_002001,427013,SBI,CREDIT
c_002002,492157,ICICI,DEBIT
c_002003,450468,CHASE,DEBIT
c_002004,483864,SBI,DEBIT
c_002005,478664,SBI,DEBIT
c_002006,414628,CITI,DEBIT
c_002007,501067,HDFC,DEBIT
c_002008,407120,ICICI,CREDIT
c_002009,500487,SBI,CREDIT
c_002010,447510,CITI,DEBIT
c_002011,409236,ICICI,DEBIT
c_002012,525903,CHASE,CREDIT
c_002013,513451,CITI,CREDIT
c_002014,557272,ICICI,DEBIT
c_002015,549382,SBI,DEBIT
c_002016,460742,CITI,CREDIT
c_002017,424450,CITI,CREDIT
c_002018,424344,HDFC,DEBIT
c_002019,559601,HDFC,DEBIT
c_002020,480096,ICICI,CREDIT
c_002021,439006,SBI,DEBIT
c_002022,499233,CHASE,DEBIT
c_002023,534319,ICICI,CREDIT
c_002024,507508,ICICI,DEBIT
c_002025,478619,CITI,DEBIT
c_002026,462424,SBI,DEBIT
c_002027,523899,SBI,DEBIT
c_002028,538100,CHASE,CREDIT
c_002029,466689,HDFC,CREDIT
c_002030,494888,SBI,DEBIT
c_002031,474521,ICICI,DEBIT
c_002032,500589,CITI,DEBIT
c_002033,545354,SBI,CREDIT
c_002034,405458,CHASE,CREDIT
c_002035,453530,SBI,DEBIT
c_002036,551419,SBI,DEBIT
c_002037,546654,CITI,CREDIT
c_002038,559587,SBI,CREDIT
c_002039,402164,ICICI,CREDIT
c_002040,558610,CHASE,CREDIT
c_002041,485657,ICICI,CREDIT
c_002042,557532,HDFC,CREDIT
c_002043,506130,SBI,DEBIT
c_002044,467794,CHASE,DEBIT
c_002045,544034,CITI,DEBIT
c_002046,401187,HDFC,CREDIT
c_002047,471819,ICICI,CREDIT
c_002048,455644,SBI,CREDIT
c_002049,505372,CHASE,CREDIT
c_002050,512643,CHASE,CREDIT
c_002051,519795,HDFC,CREDIT
c_002052,427916,CHASE,DEBIT
c_002053,513568,CITI,DEBIT
c_002054,422283,SBI,CREDIT
c_002055,421505,HDFC,DEBIT
c_002056,456332,CITI,CREDIT
c_002057,517448,HDFC,CREDIT
c_002058,502809,CHASE,CREDIT
c_002059,509794,CHASE,CREDIT
c_002060,400013,SBI,DEBIT
c_002061,542296,CITI,CREDIT
c_002062,405243,HDFC,CREDIT
c_002063,528816,SBI,CREDIT
c_002064,547580,ICICI,DEBIT
c_002065,474471,ICICI,CREDIT
c_002066,514016,CITI,CREDIT
c_002067,404888,SBI,CREDIT
c_002068,404361,SBI,CREDIT
c_002069,507093,CITI,DEBIT
c_002070,527001,SBI,CREDIT
c_002071,411943,ICICI,CREDIT
c_002072,446647,CITI,CREDIT
c_002073,418900,CHASE,DEBIT
c_002074,486804,CHASE,DEBIT
c_002075,478816,HDFC,DEBIT
c_002076,486622,HDFC,DEBIT
c_002077,541273,SBI,CREDIT
c_002078,512153,ICICI,CREDIT
c_002079,478867,CITI,DEBIT
c_002080,507812,ICICI,CREDIT
c_002081,550200,ICICI,CREDIT
c_002082,546613,HDFC,CREDIT
c_002083,451344,SBI,CREDIT
c_002084,457864,HDFC,DEBIT
c_002085,405697,HDFC,DEBIT
c_002086,515153,CITI,CREDIT
c_002087,557570,SBI,DEBIT
c_002088,454629,HDFC,CREDIT
c_002089,532045,SBI,DEBIT
c_002090,528378,CHASE,CREDIT
c_002091,537410,CHASE,CREDIT
c_002092,412785,ICICI,CREDIT
c_002093,485864,CHASE,DEBIT
c_002094,413528,ICICI,CREDIT
c_002095,456526,SBI,CREDIT
c_002096,473730,ICICI,CREDIT
c_002097,505635,CITI,CREDIT
c_002098,464121,ICICI,DEBIT
c_002099,540828,HDFC,DEBIT
c_002100,451426,ICICI,CREDIT
c_002101,515276,CHASE,DEBIT
c_002102,524984,HDFC,CREDIT
c_002103,457629,HDFC,CREDIT
c_002104,479024,SBI,CREDIT
c_002105,520844,CHASE,CREDIT
c_002106,445366,CHASE,DEBIT
c_002107,501744,ICICI,CREDIT
c_002108,516522,CITI,CREDIT
c_002109,410784,CITI,CREDIT
c_002110,529996,SBI,CREDIT
c_002111,498129,CITI,CREDIT
c_002112,475197,ICICI,CREDIT
c_002113,531710,SBI,DEBIT
c_002114,553992,SBI,DEBIT
c_002115,516949,CHASE,CREDIT
c_002116,407208,ICICI,CREDIT
c_002117,502050,CHASE,CREDIT
c_002118,546164,CHASE,CREDIT
c_002119,406559,SBI,DEBIT
c_002120,405905,CHASE,CREDIT
c_002121,522485,SBI,DEBIT
c_002122,480773,CITI,CREDIT
c_002123,491942,ICICI,CREDIT
c_002124,423138,HDFC,CREDIT
c_002125,523518,ICICI,DEBIT
c_002126,415570,CITI,DEBIT
c_002127,408472,HDFC,CREDIT
c_002128,408781,CHASE,CREDIT
c_002129,504445,SBI,DEBIT
c_002130,463482,SBI,CREDIT
c_002131,490021,ICICI,CREDIT
c_002132,510799,SBI,DEBIT
c_002133,489641,ICICI,DEBIT
c_002134,434113,CHASE,CREDIT
c_002135,408360,HDFC,DEBIT
c_002136,468217,CHASE,DEBIT
c_002137,549584,HDFC,DEBIT
c_002138,415710,ICICI,CREDIT
c_002139,553331,SBI,CREDIT
c_002140,420393,HDFC,CREDIT
c_002141,482407,HDFC,DEBIT
c_002142,543554,HDFC,CREDIT
c_002143,531696,ICICI,CREDIT
c_002144,472530,CHASE,CREDIT
c_002145,420054,SBI,CREDIT
c_002146,523308,CHASE,CREDIT
c_002147,424381,CITI,CREDIT
c_002148,533987,CHASE,DEBIT
c_002149,473574,CHASE,CREDIT
c_002150,504830,CHASE,DEBIT
c_002151,404147,SBI,DEBIT
c_002152,496694,CHASE,CREDIT
c_002153,557390,CITI,CREDIT
c_002154,404397,CITI,DEBIT
c_002155,472411,ICICI,DEBIT
c_002156,460701,HDFC,DEBIT
c_002157,550536,ICICI,CREDIT
c_002158,510837,SBI,DEBIT
c_002159,482718,SBI,CREDIT
c_002160,463430,CITI,CREDIT
c_002161,445805,ICICI,DEBIT
c_002162,466421,HDFC,CREDIT
c_002163,417624,ICICI,DEBIT
c_002164,539443,CHASE,CREDIT
c_002165,408449,SBI,CREDIT
c_002166,480616,CHASE,DEBIT
c_002167,455892,CITI,DEBIT
c_002168,466409,CHASE,CREDIT
c_002169,443950,SBI,CREDIT
c_002170,478441,SBI,DEBIT
c_002171,400698,ICICI,CREDIT
c_002172,558782,SBI,CREDIT
c_002173,427030,HDFC,DEBIT
c_002174,459226,CITI,CREDIT
c_002175,459155,SBI,DEBIT
c_002176,540842,CHASE,CREDIT
c_002177,481289,CHASE,CREDIT
c_002178,479284,HDFC,DEBIT
c_002179,423638,ICICI,CREDIT
c_002180,420015,CITI,DEBIT
c_002181,402270,ICICI,CREDIT
c_002182,534772,SBI,DEBIT
c_002183,470132,CHASE,CREDIT
c_002184,540119,HDFC,CREDIT
c_002185,455060,CITI,CREDIT
c_002186,443984,HDFC,CREDIT
c_002187,544278,CITI,CREDIT
c_002188,490106,CITI,DEBIT
c_002189,551345,CITI,CREDIT
c_002190,419916,ICICI,CREDIT
c_002191,486584,SBI,DEBIT
c_002192,498773,CHASE,CREDIT
c_002193,446613,ICICI,DEBIT
c_002194,425454,CITI,DEBIT
c_002195,481539,CITI,DEBIT
c_002196,543584,HDFC,DEBIT
c_002197,451400,CITI,DEBIT
c_002198,467685,CHASE,DEBIT
c_002199,467925,ICICI,DEBIT
c_002200,481725,ICICI,DEBIT
c_002201,559453,SBI,CREDIT
c_002202,463481,HDFC,DEBIT
c_002203,445452,HDFC,CREDIT
c_002204,440563,CHASE,DEBIT
c_002205,477382,HDFC,DEBIT
c_002206,477521,CHASE,DEBIT
c_002207,451548,ICICI,DEBIT
c_002208,487120,SBI,CREDIT
c_002209,451321,HDFC,DEBIT
c_002210,484076,ICICI,DEBIT
c_002211,449757,HDFC,CREDIT
c_002212,477812,HDFC,CREDIT
c_002213,515592,CITI,DEBIT
c_002214,426164,HDFC,CREDIT
c_002215,494519,CITI,CREDIT
c_002216,482014,SBI,CREDIT
c_002217,506634,CHASE,DEBIT
c_002218,480065,SBI,CREDIT
c_002219,431373,CITI,DEBIT
c_002220,556666,CITI,DEBIT
c_002221,437056,CHASE,CREDIT
c_002222,489454,ICICI,DEBIT
c_002223,509307,SBI,DEBIT
c_002224,426995,HDFC,CREDIT
c_002225,427431,CHASE,CREDIT
c_002226,424453,HDFC,DEBIT
c_002227,538002,ICICI,DEBIT
c_002228,465551,ICICI,DEBIT
c_002229,506036,CITI,DEBIT
c_002230,509419,CITI,DEBIT
c_002231,439831,HDFC,CREDIT
c_002232,493281,CHASE,DEBIT
c_002233,499884,CITI,CREDIT
c_002234,438275,HDFC,DEBIT
c_002235,471038,CHASE,DEBIT
c_002236,401017,HDFC,CREDIT
c_002237,549082,ICICI,DEBIT
c_002238,492194,CHASE,DEBIT
c_002239,434778,CITI,CREDIT
c_002240,412886,ICICI,DEBIT
c_002241,438212,HDFC,DEBIT
c_002242,521451,SBI,CREDIT
c_002243,529327,ICICI,CREDIT
c_002244,450167,CITI,CREDIT
c_002245,432006,ICICI,CREDIT
c_002246,423166,SBI,CREDIT
c_002247,448828,HDFC,CREDIT
c_002248,534144,HDFC,DEBIT
c_002249,535268,CHASE,DEBIT
c_002250,499641,HDFC,CREDIT
c_002251,544813,HDFC,DEBIT
c_002252,447691,SBI,DEBIT
c_002253,509709,SBI,CREDIT
c_002254,525070,SBI,CREDIT
c_002255,504631,CITI,CREDIT
c_002256,410920,CITI,DEBIT
c_002257,467417,HDFC,CREDIT
c_002258,514203,CHASE,CREDIT
c_002259,453539,HDFC,DEBIT
c_002260,501955,SBI,CREDIT
c_002261,513092,ICICI,DEBIT
c_002262,534957,CITI,CREDIT
c_002263,539157,CITI,CREDIT
c_002264,499855,SBI,CREDIT
c_002265,462299,HDFC,DEBIT
c_002266,502066,HDFC,CREDIT
c_002267,433548,ICICI,DEBIT
c_002268,423116,HDFC,DEBIT
c_002269,545755,CHASE,DEBIT
c_002270,473254,CHASE,CREDIT
c_002271,517235,HDFC,DEBIT
c_002272,456182,CITI,DEBIT
c_002273,454346,SBI,DEBIT
c_002274,467200,CITI,CREDIT
c_002275,464459,CITI,DEBIT
c_002276,549300,SBI,CREDIT
c_002277,419246,CITI,DEBIT
c_002278,468056,CHASE,DEBIT
c_002279,494814,ICICI,CREDIT
c_002280,515474,ICICI,DEBIT
c_002281,554278,SBI,DEBIT
c_002282,507174,CHASE,DEBIT
c_002283,414757,CITI,CREDIT
c_002284,457950,ICICI,CREDIT
c_002285,529348,HDFC,CREDIT
c_002286,533833,CITI,CREDIT
c_002287,538600,CHASE,CREDIT
c_002288,499614,ICICI,DEBIT
c_002289,496353,CITI,DEBIT
c_002290,441641,CITI,DEBIT
c_002291,540645,HDFC,DEBIT
c_002292,538134,ICICI,DEBIT
c_002293,464348,SBI,DEBIT
c_002294,410940,CHASE,CREDIT
c_002295,511960,CITI,CREDIT
c_002296,510731,CHASE,CREDIT
c_002297,529816,CITI,DEBIT
c_002298,504654,SBI,CREDIT
c_002299,544615,ICICI,CREDIT
c_002300,470464,SBI,CREDIT
c_002301,550691,CHASE,CREDIT
c_002302,438419,HDFC,DEBIT
c_002303,493693,ICICI,DEBIT
c_002304,525193,SBI,CREDIT
c_002305,486442,CITI,DEBIT
c_002306,531844,CITI,CREDIT
c_002307,471968,CITI,CREDIT
c_002308,472465,HDFC,DEBIT
c_002309,476318,CITI,CREDIT
c_002310,441022,CHASE,CREDIT
c_002311,484732,HDFC,DEBIT
c_002312,529242,CHASE,CREDIT
c_002313,487725,ICICI,CREDIT
c_002314,506498,SBI,CREDIT
c_002315,418859,SBI,CREDIT
c_002316,481443,HDFC,CREDIT
c_002317,515500,CITI,CREDIT
c_002318,462280,HDFC,DEBIT
c_002319,548301,ICICI,CREDIT
c_002320,532203,ICICI,DEBIT
c_002321,428903,CHASE,DEBIT
c_002322,409866,HDFC,CREDIT
c_002323,550891,CHASE,DEBIT
c_002324,445233,SBI,DEBIT
c_002325,433096,CITI,CREDIT
c_002326,541937,ICICI,CREDIT
c_002327,557339,ICICI,CREDIT
c_002328,500026,CHASE,DEBIT
c_002329,548825,CITI,CREDIT
c_002330,514266,HDFC,DEBIT
c_002331,532684,HDFC,CREDIT
c_002332,402125,ICICI,DEBIT
c_002333,478646,CITI,DEBIT
c_002334,418871,SBI,DEBIT
c_002335,514985,ICICI,CREDIT
c_002336,538145,CHASE,CREDIT
c_002337,527394,HDFC,CREDIT
c_002338,485536,SBI,CREDIT
c_002339,509269,HDFC,CREDIT
c_002340,464237,CITI,DEBIT
c_002341,503009,HDFC,CREDIT
c_002342,527023,SBI,CREDIT
c_002343,436119,CHASE,DEBIT
c_002344,412603,SBI,DEBIT
c_002345,503569,SBI,DEBIT
c_002346,428071,CITI,DEBIT
c_002347,539123,SBI,CREDIT
c_002348,516509,ICICI,CREDIT
c_002349,411160,ICICI,DEBIT
c_002350,493694,SBI,DEBIT
c_002351,546035,ICICI,DEBIT
c_002352,530318,CHASE,CREDIT
c_002353,483892,CITI,DEBIT
c_002354,423420,ICICI,CREDIT
c_002355,447813,CHASE,CREDIT
c_002356,457027,CITI,CREDIT
c_002357,504245,CHASE,CREDIT
c_002358,475647,CHASE,DEBIT
c_002359,516866,CITI,DEBIT
c_002360,525959,SBI,DEBIT
c_002361,547476,CITI,DEBIT
c_002362,559160,CITI,DEBIT
c_002363,519559,CHASE,CREDIT
c_002364,497078,HDFC,DEBIT
c_002365,550100,SBI,CREDIT
c_002366,425159,SBI,DEBIT
c_002367,488880,ICICI,DEBIT
c_002368,512576,SBI,DEBIT
c_002369,536318,ICICI,CREDIT
c_002370,549517,CHASE,CREDIT
c_002371,515336,CHASE,CREDIT
c_002372,491882,CHASE,CREDIT
c_002373,552659,HDFC,CREDIT
c_002374,404913,SBI,CREDIT
c_002375,479427,CITI,CREDIT
c_002376,455114,SBI,DEBIT
c_002377,513222,CITI,CREDIT
c_002378,529139,HDFC,CREDIT
c_002379,507617,CITI,DEBIT
c_002380,436926,HDFC,CREDIT
c_002381,414095,CHASE,CREDIT
c_002382,463174,SBI,DEBIT
c_002383,490642,ICICI,CREDIT
c_002384,555645,CHASE,CREDIT
c_002385,432765,HDFC,DEBIT
c_002386,428780,HDFC,CREDIT
c_002387,466128,CHASE,CREDIT
c_002388,459956,SBI,CREDIT
c_002389,463017,HDFC,CREDIT
c_002390,540655,CHASE,DEBIT
c_002391,445337,SBI,CREDIT
c_002392,522761,CITI,CREDIT
c_002393,505195,SBI,DEBIT
c_002394,458523,SBI,CREDIT
c_002395,527873,SBI,DEBIT
c_002396,503155,CITI,CREDIT
c_002397,498066,CHASE,DEBIT
c_002398,482332,ICICI,DEBIT
c_002399,437897,CITI,CREDIT
c_002400,497748,SBI,DEBIT
c_002401,552586,SBI,CREDIT
c_002402,556710,SBI,CREDIT
c_002403,494928,CITI,DEBIT
c_002404,507160,CHASE,DEBIT
c_002405,440732,CITI,CREDIT
c_002406,430817,ICICI,CREDIT
c_002407,443946,ICICI,DEBIT
c_002408,479154,CHASE,DEBIT
c_002409,478796,HDFC,CREDIT
c_002410,426676,SBI,CREDIT
c_002411,555425,CHASE,DEBIT
c_002412,466711,CHASE,CREDIT
c_002413,464371,SBI,DEBIT
c_002414,545744,SBI,CREDIT
c_002415,549921,SBI,DEBIT
c_002416,535843,ICICI,CREDIT
c_002417,474291,SBI,CREDIT
c_002418,409720,HDFC,CREDIT
c_002419,406658,ICICI,CREDIT
c_002420,426417,HDFC,DEBIT
c_002421,520616,SBI,DEBIT
c_002422,410305,HDFC,CREDIT
c_002423,409244,CHASE,CREDIT
c_002424,550150,SBI,DEBIT
c_002425,528157,CITI,CREDIT
c_002426,556600,ICICI,CREDIT
c_002427,482264,HDFC,CREDIT
c_002428,440919,HDFC,CREDIT
c_002429,551598,ICICI,CREDIT
c_002430,516698,CHASE,DEBIT
c_002431,492521,ICICI,CREDIT
c_002432,527613,ICICI,CREDIT
c_002433,493335,CITI,CREDIT
c_002434,411921,CHASE,DEBIT
c_002435,519132,ICICI,DEBIT
c_002436,539979,CITI,DEBIT
c_002437,470802,HDFC,DEBIT
c_002438,460419,SBI,DEBIT
c_002439,450816,CITI,DEBIT
c_002440,419506,SBI,DEBIT
c_002441,412354,CITI,CREDIT
c_002442,481235,ICICI,CREDIT
c_002443,481200,CITI,DEBIT
c_002444,513302,CHASE,DEBIT
c_002445,482221,CHASE,CREDIT
c_002446,515770,HDFC,CREDIT
c_002447,536356,HDFC,DEBIT
c_002448,402884,HDFC,CREDIT
c_002449,459854,SBI,CREDIT
c_002450,495618,CITI,DEBIT
c_002451,502192,HDFC,DEBIT
c_002452,489838,ICICI,CREDIT
c_002453,462202,CHASE,CREDIT
c_002454,417906,ICICI,CREDIT
c_002455,512502,CITI,DEBIT
c_002456,423189,ICICI,DEBIT
c_002457,451412,ICICI,DEBIT
c_002458,469167,ICICI,CREDIT
c_002459,441698,CHASE,DEBIT
c_002460,428365,CITI,CREDIT
c_002461,543275,CITI,DEBIT
c_002462,487332,CITI,CREDIT
c_002463,503367,SBI,CREDIT
c_002464,469233,SBI,CREDIT
c_002465,497596,ICICI,DEBIT
c_002466,498247,SBI,CREDIT
c_002467,475080,HDFC,DEBIT
c_002468,536517,HDFC,CREDIT
c_002469,422368,ICICI,CREDIT
c_002470,518002,ICICI,DEBIT
c_002471,488638,ICICI,DEBIT
c_002472,454021,CITI,DEBIT
c_002473,555480,ICICI,CREDIT
c_002474,512417,CITI,CREDIT
c_002475,426140,CITI,CREDIT
c_002476,530195,HDFC,CREDIT
c_002477,500139,ICICI,DEBIT
c_002478,407314,HDFC,CREDIT
c_002479,536898,ICICI,DEBIT
c_002480,463683,SBI,CREDIT
c_002481,415640,HDFC,DEBIT
c_002482,448387,CHASE,DEBIT
c_002483,542004,ICICI,CREDIT
c_002484,402993,ICICI,DEBIT
c_002485,533210,CHASE,CREDIT
c_002486,476304,CHASE,CREDIT
c_002487,412113,CITI,DEBIT
c_002488,510569,CHASE,CREDIT
c_002489,428418,CITI,DEBIT
c_002490,521905,CHASE,DEBIT
c_002491,558256,SBI,DEBIT
c_002492,526663,CHASE,CREDIT
c_002493,417217,CHASE,DEBIT
c_002494,424591,CHASE,DEBIT
c_002495,410956,SBI,CREDIT
c_002496,547040,HDFC,CREDIT
c_002497,426995,CITI,CREDIT
c_002498,550550,ICICI,DEBIT
c_002499,459293,ICICI,CREDIT
c_002500,477954,SBI,CREDIT
c_002501,467293,CITI,CREDIT
c_002502,522491,SBI,DEBIT
c_002503,554356,CITI,DEBIT
c_002504,505192,HDFC,CREDIT
c_002505,460474,CITI,DEBIT
c_002506,501424,SBI,DEBIT
c_002507,547995,CHASE,DEBIT
c_002508,460153,SBI,DEBIT
c_002509,488157,HDFC,CREDIT
c_002510,413914,HDFC,DEBIT
c_002511,497979,CITI,DEBIT
c_002512,449238,CHASE,DEBIT
c_002513,551932,CHASE,CREDIT
c_002514,402824,CHASE,CREDIT
c_002515,445914,HDFC,CREDIT
c_002516,464645,HDFC,DEBIT
c_002517,504326,ICICI,CREDIT
c_002518,445055,CHASE,DEBIT
c_002519,436856,ICICI,DEBIT
c_002520,511003,CITI,DEBIT
c_002521,544284,CITI,CREDIT
c_002522,496164,SBI,DEBIT
c_002523,437110,CITI,DEBIT
c_002524,452163,SBI,DEBIT
c_002525,531985,SBI,DEBIT
c_002526,421674,HDFC,CREDIT
c_002527,494919,CHASE,DEBIT
c_002528,485530,HDFC,CREDIT
c_002529,481657,SBI,CREDIT
c_002530,498928,CITI,DEBIT
c_002531,490481,HDFC,DEBIT
c_002532,442709,HDFC,CREDIT
c_002533,412343,HDFC,DEBIT
c_002534,542365,ICICI,DEBIT
c_002535,422749,CITI,CREDIT
c_002536,496375,CITI,CREDIT
c_002537,548442,CITI,DEBIT
c_002538,457815,SBI,CREDIT
c_002539,426205,CHASE,CREDIT
c_002540,421350,CHASE,DEBIT
c_002541,450396,HDFC,CREDIT
c_002542,507690,CITI,CREDIT
c_002543,414937,CITI,CREDIT
c_002544,419323,ICICI,CREDIT
c_002545,500135,HDFC,CREDIT
c_002546,424437,CHASE,CREDIT
c_002547,541785,ICICI,CREDIT
c_002548,454744,ICICI,CREDIT
c_002549,500973,CITI,CREDIT
c_002550,430226,CITI,CREDIT
c_002551,505830,CHASE,CREDIT
c_002552,514185,HDFC,DEBIT
c_002553,501652,SBI,DEBIT
c_002554,481307,SBI,CREDIT
c_002555,461126,HDFC,CREDIT
c_002556,461953,HDFC,DEBIT
c_002557,459191,ICICI,CREDIT
c_002558,552081,CHASE,CREDIT
c_002559,487380,CHASE,CREDIT
c_002560,489203,HDFC,DEBIT
c_002561,479218,CITI,CREDIT
c_002562,539809,HDFC,CREDIT
c_002563,515025,ICICI,DEBIT
c_002564,541925,HDFC,CREDIT
c_002565,501454,HDFC,CREDIT
c_002566,475893,ICICI,CREDIT
c_002567,413491,CHASE,CREDIT
c_002568,551970,SBI,CREDIT
c_002569,508411,HDFC,DEBIT
c_002570,428181,HDFC,CREDIT
c_002571,551029,CHASE,CREDIT
c_002572,480392,CHASE,CREDIT
c_002573,476003,SBI,CREDIT
c_002574,489501,CHASE,DEBIT
c_002575,534148,CITI,CREDIT
c_002576,439767,ICICI,CREDIT
c_002577,551156,ICICI,CREDIT
c_002578,532883,SBI,CREDIT
c_002579,406482,ICICI,DEBIT
c_002580,559607,CITI,CREDIT
c_002581,499673,CITI,CREDIT
c_002582,509277,HDFC,CREDIT
c_002583,499341,CITI,DEBIT
c_002584,506882,HDFC,DEBIT
c_002585,536158,ICICI,CREDIT
c_002586,543618,CHASE,DEBIT
c_002587,516092,CHASE,CREDIT
c_002588,515089,CITI,CREDIT
c_002589,522784,HDFC,DEBIT
c_002590,549291,CITI,CREDIT
c_002591,437831,CHASE,DEBIT
c_002592,530286,CHASE,DEBIT
c_002593,516402,HDFC,DEBIT
c_002594,414463,CHASE,DEBIT
c_002595,493740,HDFC,DEBIT
c_002596,545201,CITI,CREDIT
c_002597,445191,ICICI,DEBIT
c_002598,506657,CITI,DEBIT
c_002599,475345,ICICI,DEBIT
c_002600,460772,ICICI,DEBIT
c_002601,413601,ICICI,DEBIT
c_002602,554504,ICICI,CREDIT
c_002603,473380,CHASE,DEBIT
c_002604,505155,HDFC,CREDIT
c_002605,548373,SBI,DEBIT
c_002606,400604,CHASE,CREDIT
c_002607,434213,ICICI,CREDIT
c_002608,514726,CITI,CREDIT
c_002609,484703,ICICI,CREDIT
c_002610,423683,ICICI,CREDIT
c_002611,463554,CHASE,DEBIT
c_002612,408652,CHASE,CREDIT
c_002613,466534,CITI,CREDIT
c_002614,475305,CITI,CREDIT
c_002615,489297,ICICI,DEBIT
c_002616,430526,CITI,DEBIT
c_002617,467089,ICICI,CREDIT
c_002618,491766,SBI,DEBIT
c_002619,538780,HDFC,CREDIT
c_002620,464901,CHASE,CREDIT
c_002621,479346,ICICI,CREDIT
c_002622,487299,HDFC,CREDIT
c_002623,546048,CHASE,CREDIT
c_002624,542699,CHASE,DEBIT
c_002625,447297,HDFC,DEBIT
c_002626,554689,ICICI,DEBIT
c_002627,432071,ICICI,DEBIT
c_002628,525969,HDFC,DEBIT
c_002629,485466,CITI,CREDIT
c_002630,508712,ICICI,DEBIT
c_002631,541543,CHASE,CREDIT
c_002632,441806,CITI,CREDIT
c_002633,453210,HDFC,CREDIT
c_002634,441289,SBI,CREDIT
c_002635,507136,ICICI,DEBIT
c_002636,524227,CITI,CREDIT
c_002637,481188,SBI,DEBIT
c_002638,511964,HDFC,DEBIT
c_002639,451038,ICICI,DEBIT
c_002640,523471,HDFC,DEBIT
c_002641,484982,HDFC,DEBIT
c_002642,446870,CITI,CREDIT
c_002643,481846,SBI,DEBIT
c_002644,439338,HDFC,DEBIT
c_002645,441736,HDFC,DEBIT
c_002646,528214,SBI,CREDIT
c_002647,496095,SBI,DEBIT
c_002648,504424,SBI,CREDIT
c_002649,436041,HDFC,DEBIT
c_002650,470532,CHASE,CREDIT
c_002651,434500,CHASE,CREDIT
c_002652,404694,HDFC,CREDIT
c_002653,444857,CHASE,CREDIT
c_002654,466286,SBI,DEBIT
c_002655,413317,ICICI,CREDIT
c_002656,414523,CHASE,CREDIT
c_002657,476639,CITI,DEBIT
c_002658,452864,HDFC,CREDIT
c_002659,533087,CHASE,DEBIT
c_002660,462366,CITI,DEBIT
c_002661,504306,CITI,DEBIT
c_002662,511737,HDFC,DEBIT
c_002663,468056,SBI,CREDIT
c_002664,555823,ICICI,DEBIT
c_002665,435279,CHASE,CREDIT
c_002666,419785,SBI,CREDIT
c_002667,531115,HDFC,CREDIT
c_002668,401826,HDFC,CREDIT
c_002669,411608,HDFC,CREDIT
c_002670,530115,CITI,CREDIT
c_002671,434664,HDFC,DEBIT
c_002672,491854,HDFC,DEBIT
c_002673,412116,HDFC,DEBIT
c_002674,544102,SBI,DEBIT
c_002675,462462,ICICI,DEBIT
c_002676,548138,CHASE,DEBIT
c_002677,470425,CITI,DEBIT
c_002678,524942,CITI,CREDIT
c_002679,532519,ICICI,DEBIT
c_002680,490091,CITI,CREDIT
c_002681,484597,HDFC,DEBIT
c_002682,512553,ICICI,CREDIT
c_002683,421831,SBI,DEBIT
c_002684,405084,CHASE,CREDIT
c_002685,520452,SBI,DEBIT
c_002686,481205,ICICI,CREDIT
c_002687,547138,CHASE,DEBIT
c_002688,552783,CHASE,DEBIT
c_002689,501050,ICICI,CREDIT
c_002690,557624,HDFC,DEBIT
c_002691,418373,ICICI,CREDIT
c_002692,550760,CHASE,CREDIT
c_002693,461770,CHASE,CREDIT
c_002694,525833,ICICI,CREDIT
c_002695,477874,ICICI,CREDIT
c_002696,451787,SBI,CREDIT
c_002697,521225,CITI,CREDIT
c_002698,443198,CITI,CREDIT
c_002699,494870,CHASE,DEBIT
c_002700,488488,CHASE,CREDIT
c_002701,458405,CITI,DEBIT
c_002702,441075,CITI,DEBIT
c_002703,459347,SBI,DEBIT
c_002704,477811,ICICI,CREDIT
c_002705,523443,CITI,CREDIT
c_002706,413255,HDFC,DEBIT
c_002707,548799,SBI,DEBIT
c_002708,557655,HDFC,CREDIT
c_002709,492887,CHASE,DEBIT
c_002710,525273,CHASE,DEBIT
c_002711,475493,ICICI,CREDIT
c_002712,500124,ICICI,DEBIT
c_002713,495936,SBI,DEBIT
c_002714,408664,ICICI,CREDIT
c_002715,557180,ICICI,DEBIT
c_002716,556089,HDFC,CREDIT
c_002717,415374,HDFC,CREDIT
c_002718,438878,CHASE,DEBIT
c_002719,428503,HDFC,CREDIT
c_002720,448325,ICICI,CREDIT
c_002721,481458,HDFC,CREDIT
c_002722,528802,SBI,CREDIT
c_002723,549835,HDFC,DEBIT
c_002724,417242,CITI,CREDIT
c_002725,432997,CITI,DEBIT
c_002726,456997,SBI,CREDIT
c_002727,517538,SBI,DEBIT
c_002728,441396,CITI,DEBIT
c_002729,484683,CITI,CREDIT
c_002730,508904,CHASE,CREDIT
c_002731,421605,SBI,DEBIT
c_002732,556009,HDFC,DEBIT
c_002733,443558,CHASE,DEBIT
c_002734,478956,CHASE,DEBIT
c_002735,505561,SBI,DEBIT
c_002736,411195,ICICI,DEBIT
c_002737,558626,CITI,DEBIT
c_002738,550640,HDFC,DEBIT
c_002739,513331,SBI,CREDIT
c_002740,506582,HDFC,CREDIT
c_002741,478933,ICICI,CREDIT
c_002742,531920,CHASE,DEBIT
c_002743,485166,SBI,CREDIT
c_002744,413761,SBI,DEBIT
c_002745,465164,HDFC,CREDIT
c_002746,529160,CITI,DEBIT
c_002747,416034,CHASE,CREDIT
c_002748,495337,SBI,DEBIT
c_002749,451498,SBI,DEBIT
c_002750,550619,CHASE,DEBIT
c_002751,472660,SBI,DEBIT
c_002752,554655,ICICI,CREDIT
c_002753,445748,CITI,CREDIT
c_002754,546259,ICICI,CREDIT
c_002755,519714,ICICI,DEBIT
c_002756,533940,HDFC,DEBIT
c_002757,464559,HDFC,CREDIT
c_002758,460933,SBI,CREDIT
c_002759,465156,ICICI,DEBIT
c_002760,447392,ICICI,CREDIT
c_002761,481323,HDFC,DEBIT
c_002762,439984,SBI,CREDIT
c_002763,466453,HDFC,CREDIT
c_002764,450037,CHASE,DEBIT
c_002765,414408,ICICI,DEBIT
c_002766,490922,HDFC,CREDIT
c_002767,419037,CHASE,DEBIT
c_002768,432902,ICICI,DEBIT
c_002769,485630,HDFC,DEBIT
c_002770,527788,HDFC,CREDIT
c_002771,493452,SBI,CREDIT
c_002772,414192,CITI,CREDIT
c_002773,413717,SBI,DEBIT
c_002774,439927,SBI,CREDIT
c_002775,503093,SBI,DEBIT
c_002776,420629,CITI,DEBIT
c_002777,497343,SBI,DEBIT
c_002778,434497,SBI,DEBIT
c_002779,533874,HDFC,CREDIT
c_002780,535495,HDFC,DEBIT
c_002781,465396,SBI,DEBIT
c_002782,491565,ICICI,CREDIT
c_002783,466565,HDFC,CREDIT
c_002784,428855,SBI,CREDIT
c_002785,482328,SBI,CREDIT
c_002786,431791,CHASE,CREDIT
c_002787,460454,ICICI,DEBIT
c_002788,472788,CHASE,DEBIT
c_002789,404574,CHASE,DEBIT
c_002790,507614,ICICI,DEBIT
c_002791,540626,SBI,CREDIT
c_002792,462245,SBI,DEBIT
c_002793,402426,HDFC,CREDIT
c_002794,514247,HDFC,CREDIT
c_002795,410888,SBI,DEBIT
c_002796,414348,SBI,CREDIT
c_002797,531327,SBI,CREDIT
c_002798,556145,CHASE,CREDIT
c_002799,420275,SBI,DEBIT
c_002800,456563,CHASE,DEBIT
c_002801,532431,HDFC,DEBIT
c_002802,428653,HDFC,DEBIT
c_002803,474587,CHASE,DEBIT
c_002804,413121,ICICI,DEBIT
c_002805,527295,CITI,DEBIT
c_002806,541019,CITI,DEBIT
c_002807,410030,SBI,CREDIT
c_002808,430036,CHASE,DEBIT
c_002809,545453,CITI,DEBIT
c_002810,506858,CITI,CREDIT
c_002811,540419,SBI,DEBIT
c_002812,538265,SBI,CREDIT
c_002813,556207,HDFC,CREDIT
c_002814,409223,CITI,CREDIT
c_002815,487574,CHASE,DEBIT
c_002816,499665,CHASE,DEBIT
c_002817,537364,HDFC,DEBIT
c_002818,525610,ICICI,CREDIT
c_002819,441049,HDFC,DEBIT
c_002820,476122,CHASE,DEBIT
c_002821,450634,CHASE,DEBIT
c_002822,492197,CHASE,CREDIT
c_002823,404651,CHASE,DEBIT
c_002824,407544,CITI,DEBIT
c_002825,413032,CHASE,CREDIT
c_002826,536427,CITI,CREDIT
c_002827,427063,SBI,CREDIT
c_002828,474463,CITI,DEBIT
c_002829,507913,CHASE,DEBIT
c_002830,468213,CHASE,CREDIT
c_002831,469058,CITI,DEBIT
c_002832,513975,CHASE,CREDIT
c_002833,517818,SBI,DEBIT
c_002834,547111,SBI,CREDIT
c_002835,426470,HDFC,CREDIT
c_002836,479776,SBI,CREDIT
c_002837,411910,SBI,CREDIT
c_002838,505426,ICICI,CREDIT
c_002839,465259,HDFC,DEBIT
c_002840,515053,ICICI,DEBIT
c_002841,404261,HDFC,DEBIT
c_002842,491616,CITI,CREDIT
c_002843,512334,SBI,DEBIT
c_002844,462973,CHASE,CREDIT
c_002845,526382,ICICI,DEBIT
c_002846,452445,HDFC,CREDIT
c_002847,529795,CITI,CREDIT
c_002848,428381,CITI,DEBIT
c_002849,508968,HDFC,CREDIT
c_002850,474231,CITI,CREDIT
c_002851,440291,HDFC,DEBIT
c_002852,437637,SBI,DEBIT
c_002853,436305,SBI,CREDIT
c_002854,488346,SBI,DEBIT
c_002855,415152,SBI,CREDIT
c_002856,554626,HDFC,DEBIT
c_002857,547740,CITI,DEBIT
c_002858,548905,CHASE,CREDIT
c_002859,520126,ICICI,CREDIT
c_002860,435416,SBI,CREDIT
c_002861,425531,CHASE,DEBIT
c_002862,403457,ICICI,CREDIT
c_002863,465203,CITI,DEBIT
c_002864,415581,HDFC,DEBIT
c_002865,552112,HDFC,CREDIT
c_002866,458563,SBI,DEBIT
c_002867,480534,CITI,DEBIT
c_002868,404655,CHASE,CREDIT
c_002869,427880,CHASE,CREDIT
c_002870,482337,SBI,CREDIT
c_002871,501577,ICICI,CREDIT
c_002872,451026,SBI,DEBIT
c_002873,536804,CITI,CREDIT
c_002874,441094,ICICI,CREDIT
c_002875,440685,CHASE,CREDIT
c_002876,505963,HDFC,DEBIT
c_002877,443498,ICICI,DEBIT
c_002878,409792,ICICI,DEBIT
c_002879,475227,HDFC,CREDIT
c_002880,500202,CHASE,CREDIT
c_002881,426760,ICICI,CREDIT
c_002882,420660,SBI,DEBIT
c_002883,468785,HDFC,DEBIT
c_002884,532865,HDFC,CREDIT
c_002885,418205,CHASE,CREDIT
c_002886,513077,HDFC,DEBIT
c_002887,447105,ICICI,DEBIT
c_002888,527872,CITI,CREDIT
c_002889,472197,CHASE,DEBIT
c_002890,553014,CITI,CREDIT
c_002891,450777,CHASE,DEBIT
c_002892,485559,ICICI,CREDIT
c_002893,502474,CITI,CREDIT
c_002894,544613,SBI,CREDIT
c_002895,479411,ICICI,DEBIT
c_002896,437944,ICICI,CREDIT
c_002897,545574,ICICI,CREDIT
c_002898,540690,CITI,CREDIT
c_002899,450172,HDFC,DEBIT
c_002900,520976,ICICI,CREDIT
c_002901,420135,SBI,CREDIT
c_002902,410892,ICICI,DEBIT
c_002903,428803,CITI,DEBIT
c_002904,439976,CHASE,CREDIT
c_002905,553920,HDFC,CREDIT
c_002906,431856,CITI,DEBIT
c_002907,550405,CHASE,DEBIT
c_002908,500462,HDFC,DEBIT
c_002909,469125,CHASE,DEBIT
c_002910,531428,CITI,DEBIT
c_002911,426721,CITI,DEBIT
c_002912,482661,CHASE,DEBIT
c_002913,479632,CHASE,CREDIT
c_002914,546852,CITI,DEBIT
c_002915,475881,HDFC,DEBIT
c_002916,457788,SBI,DEBIT
c_002917,473637,HDFC,DEBIT
c_002918,418287,CITI,DEBIT
c_002919,429062,CITI,DEBIT
c_002920,481802,HDFC,CREDIT
c_002921,422524,ICICI,DEBIT
c_002922,482539,HDFC,CREDIT
c_002923,553943,HDFC,CREDIT
c_002924,481741,CHASE,DEBIT
c_002925,531682,SBI,CREDIT
c_002926,400357,CITI,CREDIT
c_002927,412521,CHASE,CREDIT
c_002928,426237,SBI,CREDIT
c_002929,538036,ICICI,DEBIT
c_002930,405709,ICICI,DEBIT
c_002931,468858,SBI,CREDIT
c_002932,471241,SBI,CREDIT
c_002933,432805,ICICI,CREDIT
c_002934,486015,CHASE,CREDIT
c_002935,414326,CHASE,CREDIT
c_002936,407162,ICICI,DEBIT
c_002937,517894,SBI,CREDIT
c_002938,552207,CITI,CREDIT
c_002939,400972,CITI,DEBIT
c_002940,464731,CITI,DEBIT
c_002941,459967,CHASE,CREDIT
c_002942,423320,ICICI,CREDIT
c_002943,478763,HDFC,DEBIT
c_002944,501006,HDFC,DEBIT
c_002945,443995,CHASE,CREDIT
c_002946,491905,ICICI,DEBIT
c_002947,545888,HDFC,CREDIT
c_002948,528164,CHASE,DEBIT
c_002949,422960,HDFC,DEBIT
c_002950,407015,CITI,CREDIT
c_002951,487107,SBI,CREDIT
c_002952,424804,ICICI,CREDIT
c_002953,459207,CHASE,DEBIT
c_002954,501842,SBI,DEBIT
c_002955,416104,SBI,CREDIT
c_002956,476177,CITI,CREDIT
c_002957,521603,CITI,CREDIT
c_002958,547175,CHASE,CREDIT
c_002959,533369,SBI,DEBIT
c_002960,522499,HDFC,DEBIT
c_002961,506243,HDFC,DEBIT
c_002962,414039,CHASE,CREDIT
c_002963,401029,HDFC,CREDIT
c_002964,527477,ICICI,CREDIT
c_002965,482103,CITI,CREDIT
c_002966,556111,ICICI,DEBIT
c_002967,409692,CHASE,DEBIT
c_002968,429005,HDFC,CREDIT
c_002969,427949,CITI,CREDIT
c_002970,413650,HDFC,CREDIT
c_002971,406193,ICICI,DEBIT
c_002972,470267,SBI,CREDIT
c_002973,422578,SBI,CREDIT
c_002974,555167,CHASE,CREDIT
c_002975,473221,ICICI,DEBIT
c_002976,461156,CITI,CREDIT
c_002977,548018,CHASE,CREDIT
c_002978,498048,ICICI,DEBIT
c_002979,548779,HDFC,CREDIT
c_002980,406950,ICICI,DEBIT
c_002981,494422,ICICI,DEBIT
c_002982,414523,SBI,DEBIT
c_002983,500853,CHASE,CREDIT
c_002984,456214,CHASE,DEBIT
c_002985,525205,CHASE,DEBIT
c_002986,427201,CHASE,DEBIT
c_002987,548878,SBI,CREDIT
c_002988,440572,SBI,CREDIT
c_002989,439907,ICICI,CREDIT
c_002990,537901,CHASE,CREDIT
c_002991,463858,CITI,DEBIT
c_002992,525609,CHASE,CREDIT
c_002993,424245,SBI,DEBIT
c_002994,463288,SBI,DEBIT
c_002995,432602,CHASE,CREDIT
c_002996,515426,HDFC,CREDIT
c_002997,401537,SBI,CREDIT
c_002998,546594,HDFC,CREDIT
c_002999,460029,SBI,CREDIT
c_003000,559259,ICICI,DEBIT
c_003001,431833,CHASE,DEBIT
c_003002,488867,HDFC,CREDIT
c_003003,553995,CITI,DEBIT
c_003004,497253,SBI,CREDIT
c_003005,479235,CHASE,DEBIT
c_003006,555328,CITI,CREDIT
c_003007,404083,HDFC,CREDIT
c_003008,485893,SBI,CREDIT
c_003009,401285,ICICI,DEBIT
c_003010,465676,ICICI,CREDIT
c_003011,425967,CITI,CREDIT
c_003012,504210,CITI,DEBIT
c_003013,494926,SBI,DEBIT
c_003014,558423,HDFC,CREDIT
c_003015,406253,CITI,DEBIT
c_003016,502086,HDFC,DEBIT
c_003017,412559,HDFC,DEBIT
c_003018,414518,HDFC,CREDIT
c_003019,511183,HDFC,CREDIT
c_003020,418458,CITI,CREDIT
c_003021,450469,CITI,CREDIT
c_003022,466159,CITI,DEBIT
c_003023,436520,HDFC,DEBIT
c_003024,400316,HDFC,DEBIT
c_003025,450650,CITI,CREDIT
c_003026,498426,CITI,DEBIT
c_003027,546979,CHASE,CREDIT
c_003028,433516,ICICI,DEBIT
c_003029,419287,HDFC,CREDIT
c_003030,468786,CITI,DEBIT
c_003031,529444,CHASE,DEBIT
c_003032,508184,SBI,CREDIT
c_003033,509835,HDFC,DEBIT
c_003034,433146,HDFC,DEBIT
c_003035,436623,HDFC,CREDIT
c_003036,455921,HDFC,CREDIT
c_003037,475347,HDFC,CREDIT
c_003038,500769,HDFC,DEBIT
c_003039,407616,ICICI,DEBIT
c_003040,508386,SBI,DEBIT
c_003041,514389,CITI,DEBIT
c_003042,511033,CITI,DEBIT
c_003043,483064,CITI,DEBIT
c_003044,508482,CHASE,CREDIT
c_003045,471805,HDFC,DEBIT
c_003046,438624,ICICI,DEBIT
c_003047,549832,ICICI,DEBIT
c_003048,489991,ICICI,DEBIT
c_003049,505465,CHASE,DEBIT
c_003050,445824,CHASE,DEBIT
c_003051,520873,CITI,CREDIT
c_003052,558600,CITI,CREDIT
c_003053,443362,ICICI,CREDIT
c_003054,448499,CITI,CREDIT
c_003055,467439,SBI,CREDIT
c_003056,536376,SBI,DEBIT
c_003057,512513,CITI,CREDIT
c_003058,532984,HDFC,DEBIT
c_003059,419499,SBI,DEBIT
c_003060,457877,HDFC,CREDIT
c_003061,467503,HDFC,DEBIT
c_003062,484010,CITI,CREDIT
c_003063,525541,HDFC,CREDIT
c_003064,483168,SBI,DEBIT
c_003065,501883,ICICI,CREDIT
c_003066,539105,CHASE,DEBIT
c_003067,445018,SBI,DEBIT
c_003068,439831,HDFC,CREDIT
c_003069,502281,ICICI,CREDIT
c_003070,444118,HDFC,CREDIT
c_003071,446813,CHASE,CREDIT
c_003072,405894,ICICI,DEBIT
c_003073,449875,SBI,CREDIT
c_003074,418995,CITI,DEBIT
c_003075,445930,CITI,CREDIT
c_003076,490361,CITI,CREDIT
c_003077,522790,ICICI,CREDIT
c_003078,549749,ICICI,CREDIT
c_003079,528152,CITI,CREDIT
c_003080,490769,HDFC,DEBIT
c_003081,466808,CHASE,CREDIT
c_003082,422370,HDFC,DEBIT
c_003083,525693,ICICI,CREDIT
c_003084,519550,HDFC,DEBIT
c_003085,538334,CHASE,DEBIT
c_003086,493099,CHASE,CREDIT
c_003087,513007,HDFC,DEBIT
c_003088,442025,SBI,CREDIT
c_003089,442039,ICICI,DEBIT
c_003090,408029,HDFC,DEBIT
c_003091,494763,CHASE,DEBIT
c_003092,408407,CITI,DEBIT
c_003093,551528,ICICI,CREDIT
c_003094,546438,ICICI,CREDIT
c_003095,458503,ICICI,DEBIT
c_003096,410306,CHASE,DEBIT
c_003097,421816,ICICI,CREDIT
c_003098,460169,CHASE,CREDIT
c_003099,476181,CITI,CREDIT
c_003100,439150,ICICI,DEBIT
c_003101,523715,ICICI,DEBIT
c_003102,416791,CITI,CREDIT
c_003103,405899,CITI,CREDIT
c_003104,436104,CITI,CREDIT
c_003105,466423,HDFC,CREDIT
c_003106,441986,CHASE,CREDIT
c_003107,454877,CHASE,CREDIT
c_003108,417359,ICICI,CREDIT
c_003109,492663,SBI,DEBIT
c_003110,405107,HDFC,CREDIT
c_003111,421171,HDFC,DEBIT
c_003112,479580,CITI,CREDIT
c_003113,433789,ICICI,CREDIT
c_003114,445329,ICICI,DEBIT
c_003115,403372,ICICI,CREDIT
c_003116,402814,CHASE,DEBIT
c_003117,433817,ICICI,CREDIT
c_003118,410036,ICICI,DEBIT
c_003119,400739,ICICI,CREDIT
c_003120,437315,SBI,DEBIT
c_003121,519772,SBI,DEBIT
c_003122,550553,HDFC,CREDIT
c_003123,550241,ICICI,DEBIT
c_003124,558897,HDFC,CREDIT
c_003125,503912,ICICI,DEBIT
c_003126,510631,CHASE,CREDIT
c_003127,546316,CHASE,CREDIT
c_003128,402424,ICICI,DEBIT
c_003129,400376,SBI,CREDIT
c_003130,472993,SBI,DEBIT
c_003131,404944,CHASE,DEBIT
c_003132,514267,CHASE,CREDIT
c_003133,552118,CHASE,DEBIT
c_003134,408028,CITI,CREDIT
c_003135,476061,SBI,DEBIT
c_003136,426175,SBI,DEBIT
c_003137,528398,CHASE,CREDIT
c_003138,437408,CITI,CREDIT
c_003139,444553,CITI,DEBIT
c_003140,553707,ICICI,CREDIT
c_003141,425137,HDFC,CREDIT
c_003142,401591,SBI,DEBIT
c_003143,559865,CHASE,CREDIT
c_003144,425877,ICICI,DEBIT
c_003145,486480,ICICI,CREDIT
c_003146,497642,ICICI,DEBIT
c_003147,442636,ICICI,DEBIT
c_003148,485033,CITI,DEBIT
c_003149,519545,CHASE,CREDIT
c_003150,461606,SBI,CREDIT
c_003151,415011,SBI,CREDIT
c_003152,506061,ICICI,CREDIT
c_003153,452029,CITI,CREDIT
c_003154,412248,HDFC,DEBIT
c_003155,430359,SBI,DEBIT
c_003156,485098,SBI,CREDIT
c_003157,447599,CHASE,CREDIT
c_003158,542422,CITI,DEBIT
c_003159,505346,HDFC,DEBIT
c_003160,421615,CHASE,CREDIT
c_003161,539335,CITI,DEBIT
c_003162,462379,HDFC,CREDIT
c_003163,494042,CITI,DEBIT
c_003164,555453,CHASE,DEBIT
c_003165,542493,CHASE,DEBIT
c_003166,481133,ICICI,DEBIT
c_003167,559685,ICICI,CREDIT
c_003168,486108,SBI,CREDIT
c_003169,556305,ICICI,DEBIT
c_003170,485455,SBI,CREDIT
c_003171,516117,SBI,CREDIT
c_003172,530003,CITI,DEBIT
c_003173,428042,ICICI,CREDIT
c_003174,555297,CITI,DEBIT
c_003175,404802,SBI,CREDIT
c_003176,522614,CHASE,DEBIT
c_003177,515907,SBI,CREDIT
c_003178,427283,HDFC,CREDIT
c_003179,400147,CITI,CREDIT
c_003180,539095,CITI,CREDIT
c_003181,410217,HDFC,CREDIT
c_003182,444010,ICICI,DEBIT
c_003183,453767,ICICI,CREDIT
c_003184,536757,CITI,CREDIT
c_003185,415935,HDFC,DEBIT
c_003186,471380,CHASE,CREDIT
c_003187,418441,ICICI,DEBIT
c_003188,401843,CHASE,CREDIT
c_003189,502345,HDFC,DEBIT
c_003190,464596,CITI,CREDIT
c_003191,551339,CITI,DEBIT
c_003192,522301,HDFC,CREDIT
c_003193,503270,HDFC,DEBIT
c_003194,455376,CITI,CREDIT
c_003195,541820,CITI,CREDIT
c_003196,438150,CITI,CREDIT
c_003197,547015,CITI,CREDIT
c_003198,534356,HDFC,CREDIT
c_003199,461565,CITI,CREDIT
c_003200,503789,ICICI,DEBIT
c_003201,549021,HDFC,DEBIT
c_003202,523276,ICICI,CREDIT
c_003203,553979,SBI,CREDIT
c_003204,472533,SBI,CREDIT
c_003205,466230,SBI,CREDIT
c_003206,428919,HDFC,CREDIT
c_003207,505641,CITI,DEBIT
c_003208,511684,ICICI,CREDIT
c_003209,490009,SBI,DEBIT
c_003210,478045,CHASE,CREDIT
c_003211,548909,HDFC,CREDIT
c_003212,408124,SBI,DEBIT
c_003213,489360,CITI,DEBIT
c_003214,535194,SBI,DEBIT
c_003215,521126,CITI,CREDIT
c_003216,495387,CITI,CREDIT
c_003217,518080,CITI,DEBIT
c_003218,530253,SBI,CREDIT
c_003219,544746,HDFC,CREDIT
c_003220,525029,CITI,CREDIT
c_003221,457168,SBI,DEBIT
c_003222,528137,ICICI,DEBIT
c_003223,516092,HDFC,CREDIT
c_003224,522078,CHASE,DEBIT
c_003225,450673,SBI,DEBIT
c_003226,400685,CHASE,DEBIT
c_003227,501686,CITI,DEBIT
c_003228,438957,ICICI,DEBIT
c_003229,531347,SBI,CREDIT
c_003230,403579,ICICI,DEBIT
c_003231,507164,CITI,CREDIT
c_003232,434051,CITI,CREDIT
c_003233,411329,ICICI,DEBIT
c_003234,422806,ICICI,CREDIT
c_003235,482591,ICICI,DEBIT
c_003236,520219,ICICI,CREDIT
c_003237,486773,HDFC,CREDIT
c_003238,518093,ICICI,CREDIT
c_003239,555775,HDFC,DEBIT
c_003240,436609,ICICI,DEBIT
c_003241,470212,CHASE,CREDIT
c_003242,419617,SBI,CREDIT
c_003243,486439,HDFC,DEBIT
c_003244,493568,SBI,CREDIT
c_003245,490354,CHASE,DEBIT
c_003246,439006,HDFC,DEBIT
c_003247,507760,HDFC,CREDIT
c_003248,465923,HDFC,DEBIT
c_003249,509601,SBI,CREDIT
c_003250,494490,CITI,CREDIT
c_003251,523235,CHASE,DEBIT
c_003252,441973,HDFC,DEBIT
c_003253,556517,HDFC,DEBIT
c_003254,525202,HDFC,CREDIT
c_003255,485177,HDFC,CREDIT
c_003256,506226,HDFC,DEBIT
c_003257,444265,ICICI,DEBIT
c_003258,406924,SBI,CREDIT
c_003259,477605,SBI,CREDIT
c_003260,546134,SBI,DEBIT
c_003261,401145,SBI,CREDIT
c_003262,496919,SBI,CREDIT
c_003263,552209,SBI,DEBIT
c_003264,433048,CHASE,DEBIT
c_003265,487249,CHASE,DEBIT
c_003266,530999,CHASE,CREDIT
c_003267,541278,CITI,CREDIT
c_003268,456724,ICICI,DEBIT
c_003269,527967,CHASE,DEBIT
c_003270,551141,CITI,DEBIT
c_003271,468905,CHASE,DEBIT
c_003272,407662,CITI,DEBIT
c_003273,464014,CHASE,CREDIT
c_003274,437255,CHASE,DEBIT
c_003275,448166,ICICI,DEBIT
c_003276,416270,CITI,CREDIT
c_003277,498179,SBI,DEBIT
c_003278,504965,HDFC,CREDIT
c_003279,558726,HDFC,CREDIT
c_003280,521170,HDFC,DEBIT
c_003281,489328,HDFC,DEBIT
c_003282,410137,HDFC,DEBIT
c_003283,553096,ICICI,CREDIT
c_003284,481091,CITI,DEBIT
c_003285,519824,CHASE,CREDIT
c_003286,442884,HDFC,CREDIT
c_003287,447794,HDFC,DEBIT
c_003288,462303,ICICI,DEBIT
c_003289,556308,ICICI,CREDIT
c_003290,559750,ICICI,DEBIT
c_003291,400640,SBI,DEBIT
c_003292,406524,CHASE,DEBIT
c_003293,441842,ICICI,CREDIT
c_003294,411042,HDFC,DEBIT
c_003295,438094,CITI,DEBIT
c_003296,521451,CHASE,CREDIT
c_003297,447665,CHASE,DEBIT
c_003298,482721,SBI,CREDIT
c_003299,528711,CITI,CREDIT
c_003300,443650,CITI,DEBIT
c_003301,416289,CHASE,DEBIT
c_003302,439511,ICICI,DEBIT
c_003303,420748,ICICI,CREDIT
c_003304,551236,CITI,DEBIT
c_003305,476319,SBI,CREDIT
c_003306,509860,SBI,CREDIT
c_003307,436006,SBI,CREDIT
c_003308,507046,HDFC,CREDIT
c_003309,405099,CHASE,CREDIT
c_003310,515333,ICICI,CREDIT
c_003311,489821,ICICI,CREDIT
c_003312,520856,ICICI,CREDIT
c_003313,544208,CHASE,CREDIT
c_003314,523017,CHASE,CREDIT
c_003315,403694,CHASE,DEBIT
c_003316,558858,SBI,CREDIT
c_003317,483382,CHASE,CREDIT
c_003318,520100,HDFC,CREDIT
c_003319,422652,ICICI,CREDIT
c_003320,440148,CITI,CREDIT
c_003321,440648,CHASE,DEBIT
c_003322,556955,ICICI,DEBIT
c_003323,505133,HDFC,CREDIT
c_003324,467412,HDFC,CREDIT
c_003325,407037,HDFC,CREDIT
c_003326,451347,CHASE,DEBIT
c_003327,535252,CHASE,DEBIT
c_003328,487736,CHASE,CREDIT
c_003329,542278,CITI,DEBIT
c_003330,452760,HDFC,CREDIT
c_003331,499090,SBI,CREDIT
c_003332,551316,SBI,DEBIT
c_003333,437839,CHASE,DEBIT
c_003334,432298,ICICI,CREDIT
c_003335,435005,CITI,CREDIT
c_003336,462448,SBI,CREDIT
c_003337,421811,CHASE,DEBIT
c_003338,422214,CITI,DEBIT
c_003339,545848,SBI,DEBIT
c_003340,536917,CHASE,DEBIT
c_003341,431064,CHASE,DEBIT
c_003342,534856,CHASE,CREDIT
c_003343,426940,SBI,DEBIT
c_003344,410330,CHASE,CREDIT
c_003345,427121,HDFC,CREDIT
c_003346,474771,HDFC,CREDIT
c_003347,459267,ICICI,CREDIT
c_003348,543647,CITI,CREDIT
c_003349,516033,CITI,CREDIT
c_003350,518754,ICICI,CREDIT
c_003351,508077,HDFC,DEBIT
c_003352,485858,HDFC,DEBIT
c_003353,409171,CITI,DEBIT
c_003354,413432,CHASE,DEBIT
c_003355,427822,CHASE,CREDIT
c_003356,407360,ICICI,DEBIT
c_003357,497576,HDFC,DEBIT
c_003358,491230,SBI,CREDIT
c_003359,442853,ICICI,DEBIT
c_003360,408591,HDFC,DEBIT
c_003361,445127,CITI,CREDIT
c_003362,495544,CITI,CREDIT
c_003363,470524,CHASE,CREDIT
c_003364,460310,CITI,CREDIT
c_003365,484224,CITI,CREDIT
c_003366,481063,SBI,DEBIT
c_003367,490845,ICICI,CREDIT
c_003368,467610,ICICI,DEBIT
c_003369,473736,HDFC,CREDIT
c_003370,474504,HDFC,CREDIT
c_003371,455361,CHASE,CREDIT
c_003372,410315,SBI,DEBIT
c_003373,449192,ICICI,CREDIT
c_003374,460232,CHASE,CREDIT
c_003375,503670,CITI,CREDIT
c_003376,499436,CITI,DEBIT
c_003377,498755,HDFC,CREDIT
c_003378,490047,CHASE,DEBIT
c_003379,520010,SBI,DEBIT
c_003380,495202,CITI,CREDIT
c_003381,502494,CITI,DEBIT
c_003382,472098,SBI,DEBIT
c_003383,535137,HDFC,DEBIT
c_003384,488449,CITI,CREDIT
c_003385,444804,SBI,DEBIT
c_003386,493188,CHASE,CREDIT
c_003387,469607,SBI,DEBIT
c_003388,548094,CITI,CREDIT
c_003389,454814,ICICI,CREDIT
c_003390,498011,ICICI,CREDIT
c_003391,438104,CHASE,DEBIT
c_003392,425472,HDFC,DEBIT
c_003393,414877,CITI,CREDIT
c_003394,418565,CITI,CREDIT
c_003395,507573,CHASE,CREDIT
c_003396,556356,ICICI,DEBIT
c_003397,420021,ICICI,CREDIT
c_003398,551224,CHASE,DEBIT
c_003399,531092,ICICI,DEBIT
c_003400,519002,ICICI,CREDIT
c_003401,539427,HDFC,DEBIT
c_003402,440946,ICICI,CREDIT
c_003403,469388,ICICI,CREDIT
c_003404,529850,ICICI,DEBIT
c_003405,487804,SBI,CREDIT
c_003406,543300,ICICI,CREDIT
c_003407,543670,HDFC,DEBIT
c_003408,416839,SBI,CREDIT
c_003409,466947,CITI,CREDIT
c_003410,517140,SBI,CREDIT
c_003411,401289,SBI,DEBIT
c_003412,553059,ICICI,CREDIT
c_003413,427182,CHASE,CREDIT
c_003414,524371,ICICI,DEBIT
c_003415,468747,CHASE,DEBIT
c_003416,520064,ICICI,CREDIT
c_003417,488067,CITI,DEBIT
c_003418,471152,SBI,DEBIT
c_003419,447429,CHASE,CREDIT
c_003420,512160,CITI,CREDIT
c_003421,554581,CITI,CREDIT
c_003422,523374,SBI,CREDIT
c_003423,473080,SBI,CREDIT
c_003424,518467,SBI,DEBIT
c_003425,461761,SBI,DEBIT
c_003426,430289,CITI,DEBIT
c_003427,552369,ICICI,CREDIT
c_003428,400854,SBI,CREDIT
c_003429,447708,CHASE,CREDIT
c_003430,416777,CITI,DEBIT
c_003431,465842,CHASE,DEBIT
c_003432,535248,CITI,DEBIT
c_003433,429066,ICICI,CREDIT
c_003434,538408,SBI,CREDIT
c_003435,525440,CITI,DEBIT
c_003436,510607,SBI,CREDIT
c_003437,431150,HDFC,CREDIT
c_003438,507371,CITI,CREDIT
c_003439,435678,ICICI,DEBIT
c_003440,416279,CHASE,DEBIT
c_003441,509808,SBI,CREDIT
c_003442,535911,HDFC,CREDIT
c_003443,460834,HDFC,CREDIT
c_003444,409207,ICICI,DEBIT
c_003445,517836,SBI,DEBIT
c_003446,465031,HDFC,DEBIT
c_003447,515341,ICICI,CREDIT
c_003448,417670,CITI,CREDIT
c_003449,442454,SBI,CREDIT
c_003450,519686,SBI,CREDIT
c_003451,449296,HDFC,DEBIT
c_003452,434094,HDFC,DEBIT
c_003453,542503,HDFC,CREDIT
c_003454,542745,ICICI,CREDIT
c_003455,541449,HDFC,CREDIT
c_003456,509103,HDFC,CREDIT
c_003457,478330,SBI,CREDIT
c_003458,534637,CHASE,CREDIT
c_003459,460724,SBI,CREDIT
c_003460,485486,SBI,DEBIT
c_003461,537071,HDFC,DEBIT
c_003462,544434,CITI,DEBIT
c_003463,488758,ICICI,DEBIT
c_003464,444919,CITI,CREDIT
c_003465,513453,CITI,DEBIT
c_003466,482863,CITI,CREDIT
c_003467,502265,CITI,CREDIT
c_003468,446033,CITI,DEBIT
c_003469,539621,SBI,CREDIT
c_003470,409438,SBI,DEBIT
c_003471,411653,ICICI,DEBIT
c_003472,457729,ICICI,CREDIT
c_003473,423899,ICICI,DEBIT
c_003474,441770,HDFC,DEBIT
c_003475,513401,CHASE,CREDIT
c_003476,476802,ICICI,CREDIT
c_003477,525968,CITI,CREDIT
c_003478,435699,CHASE,CREDIT
c_003479,448798,CHASE,DEBIT
c_003480,538722,CHASE,CREDIT
c_003481,407617,ICICI,DEBIT
c_003482,401649,CITI,CREDIT
c_003483,517659,CITI,DEBIT
c_003484,470421,CHASE,DEBIT
c_003485,401901,CHASE,DEBIT
c_003486,540756,ICICI,DEBIT
c_003487,469719,SBI,CREDIT
c_003488,525917,ICICI,CREDIT
c_003489,511485,ICICI,DEBIT
c_003490,433833,CHASE,CREDIT
c_003491,409581,HDFC,CREDIT
c_003492,486662,ICICI,CREDIT
c_003493,539130,SBI,CREDIT
c_003494,457232,HDFC,DEBIT
c_003495,521184,ICICI,DEBIT
c_003496,444620,CITI,CREDIT
c_003497,517483,HDFC,CREDIT
c_003498,442786,SBI,DEBIT
c_003499,439948,SBI,CREDIT
c_003500,488539,SBI,CREDIT
c_003501,536631,CITI,DEBIT
c_003502,551741,CHASE,CREDIT
c_003503,410139,SBI,DEBIT
c_003504,427262,CHASE,CREDIT
c_003505,546254,CITI,DEBIT
c_003506,494289,CITI,CREDIT
c_003507,474839,CHASE,CREDIT
c_003508,461039,CITI,CREDIT
c_003509,489986,CHASE,DEBIT
c_003510,477862,SBI,CREDIT
c_003511,513045,CHASE,DEBIT
c_003512,454323,ICICI,DEBIT
c_003513,418495,ICICI,CREDIT
c_003514,542701,CITI,CREDIT
c_003515,492340,CITI,CREDIT
c_003516,514741,HDFC,DEBIT
c_003517,510949,ICICI,DEBIT
c_003518,468621,SBI,CREDIT
c_003519,441853,CHASE,CREDIT
c_003520,408329,CHASE,CREDIT
c_003521,406299,CITI,CREDIT
c_003522,454087,HDFC,DEBIT
c_003523,433757,HDFC,DEBIT
c_003524,464209,CITI,DEBIT
c_003525,430756,ICICI,CREDIT
c_003526,423885,CHASE,DEBIT
c_003527,542685,ICICI,DEBIT
c_003528,493284,CHASE,DEBIT
c_003529,484008,CITI,DEBIT
c_003530,410011,CITI,DEBIT
c_003531,430662,SBI,DEBIT
c_003532,454186,CHASE,CREDIT
c_003533,451832,SBI,CREDIT
c_003534,520162,HDFC,DEBIT
c_003535,517925,CHASE,DEBIT
c_003536,534085,CHASE,DEBIT
c_003537,483563,CHASE,CREDIT
c_003538,559423,CHASE,CREDIT
c_003539,521288,CITI,CREDIT
c_003540,492655,CHASE,CREDIT
c_003541,548988,SBI,CREDIT
c_003542,496428,HDFC,CREDIT
c_003543,484989,ICICI,CREDIT
c_003544,435128,CITI,DEBIT
c_003545,516158,HDFC,CREDIT
c_003546,534727,SBI,CREDIT
c_003547,419479,CITI,DEBIT
c_003548,490432,ICICI,CREDIT
c_003549,434336,SBI,DEBIT
c_003550,416175,CHASE,DEBIT
c_003551,419478,CHASE,CREDIT
c_003552,425239,HDFC,DEBIT
c_003553,424256,SBI,CREDIT
c_003554,528824,SBI,CREDIT
c_003555,483799,ICICI,DEBIT
c_003556,453610,HDFC,DEBIT
c_003557,524147,CHASE,CREDIT
c_003558,521432,ICICI,DEBIT
c_003559,534451,CITI,DEBIT
c_003560,478691,HDFC,DEBIT
c_003561,494994,ICICI,DEBIT
c_003562,424002,ICICI,CREDIT
c_003563,474902,HDFC,DEBIT
c_003564,552764,ICICI,CREDIT
c_003565,461224,SBI,DEBIT
c_003566,550962,SBI,DEBIT
c_003567,446144,HDFC,DEBIT
c_003568,494816,ICICI,CREDIT
c_003569,525356,CITI,CREDIT
c_003570,552828,CITI,DEBIT
c_003571,407054,SBI,CREDIT
c_003572,559326,SBI,DEBIT
c_003573,435729,ICICI,DEBIT
c_003574,485175,SBI,CREDIT
c_003575,402139,HDFC,DEBIT
c_003576,429845,ICICI,CREDIT
c_003577,461138,SBI,CREDIT
c_003578,523991,HDFC,DEBIT
c_003579,456187,CITI,CREDIT
c_003580,446111,CHASE,CREDIT
c_003581,543357,CHASE,DEBIT
c_003582,448664,CHASE,DEBIT
c_003583,476114,ICICI,DEBIT
c_003584,430539,ICICI,DEBIT
c_003585,443364,CITI,DEBIT
c_003586,453429,CITI,DEBIT
c_003587,458664,HDFC,DEBIT
c_003588,476021,CITI,CREDIT
c_003589,546927,HDFC,DEBIT
c_003590,537794,CITI,DEBIT
c_003591,545767,CITI,DEBIT
c_003592,551622,CHASE,CREDIT
c_003593,479172,SBI,DEBIT
c_003594,449350,HDFC,DEBIT
c_003595,550920,CITI,DEBIT
c_003596,534515,ICICI,DEBIT
c_003597,456874,ICICI,CREDIT
c_003598,502905,CITI,DEBIT
c_003599,424667,CHASE,DEBIT
c_003600,461211,CHASE,CREDIT
c_003601,528203,HDFC,CREDIT
c_003602,418141,CHASE,DEBIT
c_003603,402974,ICICI,DEBIT
c_003604,430186,CITI,CREDIT
c_003605,476169,HDFC,CREDIT
c_003606,407909,HDFC,DEBIT
c_003607,453987,ICICI,DEBIT
c_003608,465277,SBI,CREDIT
c_003609,555302,SBI,CREDIT
c_003610,407291,CHASE,DEBIT
c_003611,467135,CITI,CREDIT
c_003612,502456,SBI,DEBIT
c_003613,530005,CHASE,CREDIT
c_003614,440238,SBI,CREDIT
c_003615,439852,ICICI,DEBIT
c_003616,498913,ICICI,DEBIT
c_003617,503382,HDFC,DEBIT
c_003618,530406,CITI,DEBIT
c_003619,424332,HDFC,CREDIT
c_003620,515210,HDFC,DEBIT
c_003621,550295,CITI,CREDIT
c_003622,453942,HDFC,CREDIT
c_003623,504579,CHASE,DEBIT
c_003624,403582,SBI,CREDIT
c_003625,505537,CITI,CREDIT
c_003626,504127,CITI,DEBIT
c_003627,435894,ICICI,DEBIT
c_003628,520904,HDFC,DEBIT
c_003629,529276,HDFC,CREDIT
c_003630,537079,HDFC,DEBIT
c_003631,552042,CHASE,DEBIT
c_003632,471918,HDFC,CREDIT
c_003633,451878,ICICI,DEBIT
c_003634,456676,SBI,DEBIT
c_003635,408027,CHASE,CREDIT
c_003636,540120,CHASE,CREDIT
c_003637,474793,CITI,DEBIT
c_003638,444852,ICICI,CREDIT
c_003639,487832,CITI,DEBIT
c_003640,551458,CHASE,DEBIT
c_003641,437261,CITI,CREDIT
c_003642,542013,ICICI,CREDIT
c_003643,544286,SBI,CREDIT
c_003644,493341,SBI,DEBIT
c_003645,455462,CITI,DEBIT
c_003646,551023,CHASE,DEBIT
c_003647,456300,SBI,DEBIT
c_003648,461658,CHASE,CREDIT
c_003649,542255,CITI,DEBIT
c_003650,543603,CHASE,DEBIT
c_003651,503908,CITI,DEBIT
c_003652,438107,ICICI,DEBIT
c_003653,408530,SBI,DEBIT
c_003654,507792,SBI,CREDIT
c_003655,495444,CITI,CREDIT
c_003656,508342,CHASE,CREDIT
c_003657,535596,CHASE,CREDIT
c_003658,469664,HDFC,CREDIT
c_003659,460525,CHASE,DEBIT
c_003660,434149,HDFC,CREDIT
c_003661,459764,HDFC,CREDIT
c_003662,487272,SBI,DEBIT
c_003663,550755,CHASE,CREDIT
c_003664,504762,HDFC,DEBIT
c_003665,468196,SBI,CREDIT
c_003666,401276,CITI,DEBIT
c_003667,429073,SBI,CREDIT
c_003668,420832,SBI,CREDIT
c_003669,446730,CITI,DEBIT
c_003670,481685,ICICI,CREDIT
c_003671,417941,HDFC,CREDIT
c_003672,541299,CHASE,DEBIT
c_003673,426732,SBI,CREDIT
c_003674,408138,ICICI,CREDIT
c_003675,419956,HDFC,DEBIT
c_003676,504770,HDFC,CREDIT
c_003677,489573,SBI,CREDIT
c_003678,499374,SBI,CREDIT
c_003679,445993,CHASE,DEBIT
c_003680,499555,CITI,CREDIT
c_003681,460679,CHASE,CREDIT
c_003682,423463,SBI,DEBIT
c_003683,452010,SBI,CREDIT
c_003684,482512,SBI,CREDIT
c_003685,548531,SBI,CREDIT
c_003686,511146,HDFC,DEBIT
c_003687,460520,HDFC,DEBIT
c_003688,424304,CITI,CREDIT
c_003689,436088,ICICI,CREDIT
c_003690,439278,ICICI,CREDIT
c_003691,553890,CHASE,CREDIT
c_003692,432953,HDFC,CREDIT
c_003693,454436,CHASE,DEBIT
c_003694,540267,SBI,DEBIT
c_003695,552287,SBI,CREDIT
c_003696,405629,CITI,DEBIT
c_003697,467800,HDFC,DEBIT
c_003698,506532,SBI,DEBIT
c_003699,542500,HDFC,DEBIT
c_003700,449538,CHASE,CREDIT
c_003701,405049,ICICI,CREDIT
c_003702,538330,SBI,CREDIT
c_003703,449497,CHASE,CREDIT
c_003704,408893,HDFC,CREDIT
c_003705,445277,CHASE,CREDIT
c_003706,551100,SBI,DEBIT
c_003707,479922,ICICI,CREDIT
c_003708,466868,SBI,CREDIT
c_003709,512131,CITI,CREDIT
c_003710,476987,ICICI,DEBIT
c_003711,524775,SBI,CREDIT
c_003712,434191,CHASE,CREDIT
c_003713,444185,CITI,DEBIT
c_003714,403140,HDFC,CREDIT
c_003715,417520,CHASE,DEBIT
c_003716,471015,SBI,CREDIT
c_003717,552032,SBI,CREDIT
c_003718,553374,ICICI,DEBIT
c_003719,482062,HDFC,CREDIT
c_003720,455799,CITI,DEBIT
c_003721,442547,CHASE,CREDIT
c_003722,534843,CITI,CREDIT
c_003723,423880,HDFC,DEBIT
c_003724,423723,CHASE,DEBIT
c_003725,521929,CITI,DEBIT
c_003726,432885,CITI,CREDIT
c_003727,488562,CHASE,CREDIT
c_003728,419632,ICICI,DEBIT
c_003729,470931,CITI,CREDIT
c_003730,546653,SBI,DEBIT
c_003731,475607,ICICI,DEBIT
c_003732,482150,SBI,DEBIT
c_003733,542035,ICICI,DEBIT
c_003734,526718,ICICI,CREDIT
c_003735,494162,CHASE,CREDIT
c_003736,550412,CITI,DEBIT
c_003737,454557,HDFC,DEBIT
c_003738,508673,SBI,CREDIT
c_003739,471806,CHASE,CREDIT
c_003740,425128,HDFC,CREDIT
c_003741,535699,CITI,DEBIT
c_003742,416973,CITI,CREDIT
c_003743,409835,CITI,CREDIT
c_003744,419132,HDFC,CREDIT
c_003745,551219,HDFC,DEBIT
c_003746,509188,HDFC,DEBIT
c_003747,478825,CHASE,CREDIT
c_003748,466736,CHASE,DEBIT
c_003749,427019,CITI,DEBIT
c_003750,415820,CITI,CREDIT
c_003751,495221,SBI,DEBIT
c_003752,479160,CHASE,DEBIT
c_003753,535313,CITI,CREDIT
c_003754,448424,ICICI,CREDIT
c_003755,526576,SBI,CREDIT
c_003756,520190,HDFC,DEBIT
c_003757,522881,CITI,DEBIT
c_003758,438543,SBI,DEBIT
c_003759,445241,SBI,DEBIT
c_003760,441110,HDFC,DEBIT
c_003761,544336,ICICI,DEBIT
c_003762,506477,CHASE,DEBIT
c_003763,507242,CHASE,CREDIT
c_003764,405119,ICICI,CREDIT
c_003765,494525,ICICI,DEBIT
c_003766,549708,SBI,CREDIT
c_003767,416561,CHASE,CREDIT
c_003768,505515,CITI,DEBIT
c_003769,428420,HDFC,DEBIT
c_003770,449522,CHASE,DEBIT
c_003771,555642,HDFC,CREDIT
c_003772,412227,ICICI,CREDIT
c_003773,536363,HDFC,CREDIT
c_003774,513939,CITI,DEBIT
c_003775,443049,HDFC,CREDIT
c_003776,409207,CITI,DEBIT
c_003777,471555,CITI,CREDIT
c_003778,555678,ICICI,CREDIT
c_003779,528898,SBI,CREDIT
c_003780,507312,ICICI,CREDIT
c_003781,491124,HDFC,CREDIT
c_003782,475077,SBI,CREDIT
c_003783,503538,SBI,CREDIT
c_003784,434925,CHASE,CREDIT
c_003785,503590,SBI,CREDIT
c_003786,423543,CITI,DEBIT
c_003787,531634,HDFC,CREDIT
c_003788,553610,SBI,CREDIT
c_003789,524945,CITI,CREDIT
c_003790,400915,HDFC,DEBIT
c_003791,480565,SBI,DEBIT
c_003792,439102,HDFC,DEBIT
c_003793,514678,ICICI,CREDIT
c_003794,459183,HDFC,DEBIT
c_003795,432769,CHASE,CREDIT
c_003796,490521,ICICI,CREDIT
c_003797,516208,ICICI,DEBIT
c_003798,402650,CITI,DEBIT
c_003799,520965,SBI,DEBIT
c_003800,499902,ICICI,CREDIT
c_003801,422686,CHASE,CREDIT
c_003802,438440,ICICI,CREDIT
c_003803,521892,CHASE,CREDIT
c_003804,496494,HDFC,DEBIT
c_003805,489810,CITI,DEBIT
c_003806,526402,CITI,DEBIT
c_003807,416213,SBI,DEBIT
c_003808,504710,CHASE,DEBIT
c_003809,450888,ICICI,CREDIT
c_003810,513895,ICICI,DEBIT
c_003811,467599,ICICI,DEBIT
c_003812,539667,SBI,CREDIT
c_003813,441770,CITI,DEBIT
c_003814,521989,ICICI,DEBIT
c_003815,530362,ICICI,DEBIT
c_003816,488347,CITI,DEBIT
c_003817,426740,HDFC,DEBIT
c_003818,460143,CHASE,DEBIT
c_003819,401810,CITI,CREDIT
c_003820,437375,ICICI,CREDIT
c_003821,408920,ICICI,CREDIT
c_003822,402920,SBI,DEBIT
c_003823,450092,ICICI,DEBIT
c_003824,432450,CITI,DEBIT
c_003825,539821,SBI,CREDIT
c_003826,504496,HDFC,DEBIT
c_003827,494384,CHASE,DEBIT
c_003828,470616,CHASE,DEBIT
c_003829,515314,HDFC,CREDIT
c_003830,429798,CHASE,CREDIT
c_003831,549780,CHASE,DEBIT
c_003832,501230,SBI,CREDIT
c_003833,493465,SBI,CREDIT
c_003834,437769,HDFC,CREDIT
c_003835,528310,CITI,DEBIT
c_003836,521521,CITI,DEBIT
c_003837,514052,SBI,DEBIT
c_003838,484727,ICICI,DEBIT
c_003839,518044,ICICI,CREDIT
c_003840,536942,CITI,CREDIT
c_003841,453524,SBI,DEBIT
c_003842,537933,CITI,DEBIT
c_003843,549989,HDFC,DEBIT
c_003844,558133,CHASE,CREDIT
c_003845,535759,ICICI,DEBIT
c_003846,421050,SBI,DEBIT
c_003847,462396,ICICI,DEBIT
c_003848,555677,CITI,CREDIT
c_003849,552477,CHASE,CREDIT
c_003850,495107,HDFC,DEBIT
c_003851,433493,SBI,DEBIT
c_003852,503841,CHASE,CREDIT
c_003853,537365,CHASE,DEBIT
c_003854,505715,CHASE,DEBIT
c_003855,478030,CHASE,CREDIT
c_003856,523478,HDFC,CREDIT
c_003857,548961,CITI,CREDIT
c_003858,464648,ICICI,CREDIT
c_003859,423337,HDFC,DEBIT
c_003860,538343,SBI,DEBIT
c_003861,481374,ICICI,CREDIT
c_003862,499911,ICICI,DEBIT
c_003863,427043,SBI,CREDIT
c_003864,548368,CHASE,DEBIT
c_003865,515806,SBI,DEBIT
c_003866,550145,CHASE,DEBIT
c_003867,556387,CITI,CREDIT
c_003868,488294,CITI,CREDIT
c_003869,401893,ICICI,CREDIT
c_003870,483987,SBI,CREDIT
c_003871,494973,CHASE,CREDIT
c_003872,452005,HDFC,CREDIT
c_003873,415258,CITI,CREDIT
c_003874,456937,HDFC,DEBIT
c_003875,439221,HDFC,DEBIT
c_003876,438396,CHASE,DEBIT
c_003877,499659,CHASE,DEBIT
c_003878,443973,SBI,CREDIT
c_003879,520901,ICICI,DEBIT
c_003880,444567,ICICI,CREDIT
c_003881,532380,CHASE,CREDIT
c_003882,547922,ICICI,DEBIT
c_003883,511695,CHASE,DEBIT
c_003884,425175,CITI,DEBIT
c_003885,408751,CITI,DEBIT
c_003886,479262,CITI,CREDIT
c_003887,503895,HDFC,CREDIT
c_003888,454492,ICICI,CREDIT
c_003889,481144,SBI,CREDIT
c_003890,546176,CITI,DEBIT
c_003891,522953,CITI,CREDIT
c_003892,495175,SBI,DEBIT
c_003893,526967,CHASE,DEBIT
c_003894,406084,CITI,DEBIT
c_003895,529931,HDFC,CREDIT
c_003896,476712,SBI,DEBIT
c_003897,403795,SBI,CREDIT
c_003898,528671,ICICI,CREDIT
c_003899,509698,CHASE,CREDIT
c_003900,466831,CHASE,DEBIT
c_003901,461291,CITI,CREDIT
c_003902,543943,HDFC,CREDIT
c_003903,434280,CITI,DEBIT
c_003904,486967,CHASE,CREDIT
c_003905,490379,HDFC,DEBIT
c_003906,515999,CITI,CREDIT
c_003907,517797,CHASE,DEBIT
c_003908,555560,CITI,DEBIT
c_003909,516669,SBI,DEBIT
c_003910,469212,SBI,DEBIT
c_003911,558919,CHASE,CREDIT
c_003912,456183,CITI,DEBIT
c_003913,503565,ICICI,CREDIT
c_003914,415140,ICICI,DEBIT
c_003915,411817,CITI,CREDIT
c_003916,473510,CHASE,DEBIT
c_003917,469525,ICICI,CREDIT
c_003918,460868,SBI,CREDIT
c_003919,538514,CHASE,CREDIT
c_003920,446348,HDFC,DEBIT
c_003921,426770,SBI,CREDIT
c_003922,408439,ICICI,CREDIT
c_003923,416645,HDFC,DEBIT
c_003924,454939,SBI,CREDIT
c_003925,509997,CITI,CREDIT
c_003926,500076,CHASE,DEBIT
c_003927,478552,CITI,DEBIT
c_003928,455558,CHASE,CREDIT
c_003929,468041,CHASE,CREDIT
c_003930,520469,CHASE,DEBIT
c_003931,421474,CHASE,DEBIT
c_003932,448827,ICICI,DEBIT
c_003933,488612,HDFC,DEBIT
c_003934,550615,CHASE,CREDIT
c_003935,492051,CITI,CREDIT
c_003936,531782,HDFC,DEBIT
c_003937,411116,SBI,DEBIT
c_003938,482275,CITI,DEBIT
c_003939,456323,ICICI,CREDIT
c_003940,434346,CITI,CREDIT
c_003941,505144,HDFC,DEBIT
c_003942,458569,CITI,CREDIT
c_003943,482746,HDFC,DEBIT
c_003944,443869,CITI,CREDIT
c_003945,526332,ICICI,DEBIT
c_003946,427768,HDFC,DEBIT
c_003947,448328,SBI,CREDIT
c_003948,522079,HDFC,DEBIT
c_003949,498246,CITI,DEBIT
c_003950,500864,HDFC,CREDIT
c_003951,559274,CITI,DEBIT
c_003952,449726,CHASE,CREDIT
c_003953,409484,SBI,CREDIT
c_003954,431670,CITI,DEBIT
c_003955,555481,ICICI,CREDIT
c_003956,539527,CHASE,DEBIT
c_003957,531508,CHASE,CREDIT
c_003958,420133,CHASE,DEBIT
c_003959,540579,HDFC,CREDIT
c_003960,559991,ICICI,DEBIT
c_003961,442712,CITI,CREDIT
c_003962,404527,CHASE,DEBIT
c_003963,557329,CHASE,DEBIT
c_003964,440291,CITI,DEBIT
c_003965,454404,ICICI,DEBIT
c_003966,451042,SBI,CREDIT
c_003967,442780,ICICI,DEBIT
c_003968,547465,SBI,DEBIT
c_003969,413673,ICICI,CREDIT
c_003970,419147,CHASE,CREDIT
c_003971,495214,CITI,CREDIT
c_003972,501018,ICICI,CREDIT
c_003973,466816,CITI,DEBIT
c_003974,501884,CHASE,DEBIT
c_003975,417902,ICICI,CREDIT
c_003976,434421,HDFC,DEBIT
c_003977,415609,CHASE,CREDIT
c_003978,419249,CHASE,CREDIT
c_003979,528551,HDFC,DEBIT
c_003980,428879,HDFC,CREDIT
c_003981,412600,HDFC,DEBIT
c_003982,431834,ICICI,DEBIT
c_003983,559567,ICICI,DEBIT
c_003984,415541,ICICI,CREDIT
c_003985,493631,CITI,CREDIT
c_003986,552255,ICICI,DEBIT
c_003987,512509,ICICI,DEBIT
c_003988,430152,SBI,CREDIT
c_003989,557295,CHASE,DEBIT
c_003990,405285,CITI,CREDIT
c_003991,428242,CITI,CREDIT
c_003992,543542,HDFC,CREDIT
c_003993,494191,HDFC,CREDIT
c_003994,442802,HDFC,DEBIT
c_003995,436957,HDFC,DEBIT
c_003996,510675,HDFC,DEBIT
c_003997,506154,SBI,DEBIT
c_003998,545961,HDFC,CREDIT
c_003999,466875,CHASE,DEBIT
c_004000,541850,HDFC,CREDIT
c_004001,426792,SBI,DEBIT
c_004002,544653,ICICI,CREDIT
c_004003,511372,CITI,CREDIT
c_004004,469104,SBI,CREDIT
c_004005,407821,CHASE,DEBIT
c_004006,554828,SBI,DEBIT
c_004007,508519,ICICI,CREDIT
c_004008,468754,SBI,CREDIT
c_004009,513298,CITI,DEBIT
c_004010,543230,SBI,DEBIT
c_004011,527693,SBI,DEBIT
c_004012,559485,SBI,DEBIT
c_004013,479966,ICICI,DEBIT
c_004014,476115,CITI,CREDIT
c_004015,519092,CHASE,CREDIT
c_004016,446960,SBI,DEBIT
c_004017,539894,SBI,CREDIT
c_004018,506492,CHASE,DEBIT
c_004019,557435,SBI,DEBIT
c_004020,411769,HDFC,CREDIT
c_004021,474892,CHASE,DEBIT
c_004022,537477,CHASE,DEBIT
c_004023,523053,SBI,CREDIT
c_004024,535987,SBI,DEBIT
c_004025,435324,CHASE,DEBIT
c_004026,559580,CHASE,CREDIT
c_004027,422230,HDFC,CREDIT
c_004028,501435,ICICI,CREDIT
c_004029,514133,HDFC,DEBIT
c_004030,480856,CITI,DEBIT
c_004031,470796,CHASE,CREDIT
c_004032,526646,HDFC,DEBIT
c_004033,503765,SBI,CREDIT
c_004034,441261,CHASE,CREDIT
c_004035,477424,HDFC,DEBIT
c_004036,416490,SBI,CREDIT
c_004037,434638,ICICI,DEBIT
c_004038,438670,SBI,DEBIT
c_004039,471700,ICICI,DEBIT
c_004040,489182,ICICI,CREDIT
c_004041,502309,HDFC,DEBIT
c_004042,536576,SBI,CREDIT
c_004043,557339,CHASE,DEBIT
c_004044,518650,ICICI,DEBIT
c_004045,494887,HDFC,CREDIT
c_004046,439373,HDFC,CREDIT
c_004047,459680,SBI,DEBIT
c_004048,422978,ICICI,DEBIT
c_004049,535013,SBI,CREDIT
c_004050,508451,HDFC,CREDIT
c_004051,460276,SBI,DEBIT
c_004052,463491,ICICI,DEBIT
c_004053,432395,HDFC,DEBIT
c_004054,438504,CITI,CREDIT
c_004055,467670,ICICI,DEBIT
c_004056,472656,HDFC,CREDIT
c_004057,408118,CITI,CREDIT
c_004058,534216,ICICI,CREDIT
c_004059,451598,CHASE,CREDIT
c_004060,555121,CITI,DEBIT
c_004061,479622,HDFC,DEBIT
c_004062,425341,HDFC,CREDIT
c_004063,539173,ICICI,DEBIT
c_004064,424308,ICICI,CREDIT
c_004065,548334,CITI,DEBIT
c_004066,531661,HDFC,DEBIT
c_004067,411176,CITI,CREDIT
c_004068,439479,SBI,DEBIT
c_004069,507059,SBI,CREDIT
c_004070,536136,CITI,CREDIT
c_004071,456896,SBI,CREDIT
c_004072,532103,CHASE,CREDIT
c_004073,473987,SBI,DEBIT
c_004074,509317,ICICI,CREDIT
c_004075,531666,CITI,DEBIT
c_004076,451228,CHASE,DEBIT
c_004077,482461,SBI,CREDIT
c_004078,448674,ICICI,CREDIT
c_004079,453110,SBI,DEBIT
c_004080,417723,CHASE,DEBIT
c_004081,545106,HDFC,CREDIT
c_004082,412074,ICICI,CREDIT
c_004083,488187,SBI,DEBIT
c_004084,545232,CITI,DEBIT
c_004085,533899,CHASE,DEBIT
c_004086,401865,SBI,CREDIT
c_004087,503995,CHASE,CREDIT
c_004088,499533,CHASE,DEBIT
c_004089,539533,ICICI,CREDIT
c_004090,478440,SBI,CREDIT
c_004091,420717,ICICI,DEBIT
c_004092,523899,SBI,DEBIT
c_004093,418941,ICICI,CREDIT
c_004094,545606,SBI,DEBIT
c_004095,426928,SBI,DEBIT
c_004096,503843,ICICI,DEBIT
c_004097,409035,CHASE,CREDIT
c_004098,421548,SBI,CREDIT
c_004099,457637,HDFC,DEBIT
c_004100,403991,CHASE,DEBIT
c_004101,472709,SBI,CREDIT
c_004102,437312,CITI,CREDIT
c_004103,480187,SBI,CREDIT
c_004104,481759,SBI,DEBIT
c_004105,455976,HDFC,CREDIT
c_004106,425345,HDFC,CREDIT
c_004107,459449,ICICI,DEBIT
c_004108,472516,CITI,CREDIT
c_004109,443156,CITI,CREDIT
c_004110,522526,HDFC,DEBIT
c_004111,406593,HDFC,DEBIT
c_004112,479310,ICICI,CREDIT
c_004113,479043,CITI,CREDIT
c_004114,495498,CITI,CREDIT
c_004115,544585,CHASE,DEBIT
c_004116,539115,CITI,DEBIT
c_004117,524823,CITI,CREDIT
c_004118,414073,ICICI,DEBIT
c_004119,496038,CITI,DEBIT
c_004120,530846,CITI,CREDIT
c_004121,456977,CHASE,CREDIT
c_004122,457564,CITI,DEBIT
c_004123,528724,SBI,DEBIT
c_004124,455222,ICICI,DEBIT
c_004125,441989,ICICI,DEBIT
c_004126,460060,CITI,CREDIT
c_004127,469216,CITI,DEBIT
c_004128,515073,HDFC,CREDIT
c_004129,518087,ICICI,DEBIT
c_004130,481840,CITI,DEBIT
c_004131,503898,CITI,CREDIT
c_004132,481173,CHASE,CREDIT
c_004133,530120,SBI,DEBIT
c_004134,520335,HDFC,DEBIT
c_004135,505562,CHASE,CREDIT
c_004136,492602,CHASE,DEBIT
c_004137,400978,CHASE,CREDIT
c_004138,436503,ICICI,DEBIT
c_004139,431495,ICICI,DEBIT
c_004140,431699,CITI,DEBIT
c_004141,531975,CHASE,DEBIT
c_004142,526028,CITI,CREDIT
c_004143,515438,ICICI,CREDIT
c_004144,468531,ICICI,DEBIT
c_004145,451789,HDFC,CREDIT
c_004146,494411,CITI,CREDIT
c_004147,549401,ICICI,DEBIT
c_004148,505459,CHASE,CREDIT
c_004149,408509,SBI,CREDIT
c_004150,460715,HDFC,DEBIT
c_004151,453053,SBI,CREDIT
c_004152,453892,SBI,CREDIT
c_004153,551592,CITI,DEBIT
c_004154,429482,CITI,CREDIT
c_004155,513507,SBI,DEBIT
c_004156,440375,SBI,DEBIT
c_004157,431025,HDFC,CREDIT
c_004158,461614,CHASE,DEBIT
c_004159,524214,HDFC,CREDIT
c_004160,546567,ICICI,CREDIT
c_004161,466170,CITI,DEBIT
c_004162,421800,CHASE,CREDIT
c_004163,551882,SBI,CREDIT
c_004164,544830,SBI,CREDIT
c_004165,443757,HDFC,DEBIT
c_004166,530977,CITI,DEBIT
c_004167,427368,ICICI,CREDIT
c_004168,450704,CHASE,CREDIT
c_004169,551047,CHASE,DEBIT
c_004170,528152,CHASE,CREDIT
c_004171,512111,CITI,CREDIT
c_004172,524843,CHASE,CREDIT
c_004173,548886,ICICI,CREDIT
c_004174,546538,CHASE,DEBIT
c_004175,454688,SBI,DEBIT
c_004176,527277,SBI,DEBIT
c_004177,553308,SBI,DEBIT
c_004178,545594,HDFC,CREDIT
c_004179,446964,CHASE,CREDIT
c_004180,434151,ICICI,DEBIT
c_004181,559332,CITI,DEBIT
c_004182,528452,CHASE,DEBIT
c_004183,495242,HDFC,DEBIT
c_004184,424635,HDFC,DEBIT
c_004185,458705,CITI,DEBIT
c_004186,487637,SBI,DEBIT
c_004187,480692,SBI,DEBIT
c_004188,452116,CHASE,CREDIT
c_004189,530912,CITI,DEBIT
c_004190,419552,SBI,DEBIT
c_004191,422814,HDFC,CREDIT
c_004192,425493,CHASE,CREDIT
c_004193,520656,CITI,DEBIT
c_004194,481753,CITI,DEBIT
c_004195,489817,CHASE,DEBIT
c_004196,539019,HDFC,CREDIT
c_004197,519063,CITI,CREDIT
c_004198,521055,ICICI,CREDIT
c_004199,518512,ICICI,DEBIT
c_004200,553100,CHASE,DEBIT
c_004201,411810,ICICI,DEBIT
c_004202,520080,ICICI,CREDIT
c_004203,480098,ICICI,DEBIT
c_004204,414977,SBI,CREDIT
c_004205,548796,CITI,CREDIT
c_004206,441479,SBI,CREDIT
c_004207,522938,HDFC,CREDIT
c_004208,494873,CHASE,DEBIT
c_004209,441145,CHASE,CREDIT
c_004210,401864,HDFC,DEBIT
c_004211,487986,SBI,DEBIT
c_004212,522301,CHASE,DEBIT
c_004213,447942,CHASE,DEBIT
c_004214,553678,CHASE,CREDIT
c_004215,506509,CITI,CREDIT
c_004216,416472,HDFC,CREDIT
c_004217,558584,CHASE,DEBIT
c_004218,490903,CITI,CREDIT
c_004219,525527,CITI,CREDIT
c_004220,455715,ICICI,CREDIT
c_004221,471776,SBI,CREDIT
c_004222,413385,ICICI,CREDIT
c_004223,452629,ICICI,CREDIT
c_004224,503707,CHASE,CREDIT
c_004225,491920,CITI,CREDIT
c_004226,469163,SBI,CREDIT
c_004227,501514,CHASE,CREDIT
c_004228,552926,SBI,CREDIT
c_004229,420527,SBI,CREDIT
c_004230,462551,SBI,CREDIT
c_004231,466254,SBI,DEBIT
c_004232,434002,SBI,DEBIT
c_004233,495563,ICICI,CREDIT
c_004234,529801,ICICI,DEBIT
c_004235,546579,SBI,CREDIT
c_004236,482528,ICICI,CREDIT
c_004237,487232,HDFC,DEBIT
c_004238,515586,SBI,CREDIT
c_004239,545218,HDFC,CREDIT
c_004240,537619,HDFC,CREDIT
c_004241,460180,CITI,DEBIT
c_004242,452093,CITI,CREDIT
c_004243,505621,CITI,DEBIT
c_004244,448897,CITI,DEBIT
c_004245,464926,CHASE,CREDIT
c_004246,479414,CITI,DEBIT
c_004247,472534,HDFC,CREDIT
c_004248,458041,CHASE,DEBIT
c_004249,414512,SBI,DEBIT
c_004250,492208,HDFC,CREDIT
c_004251,457258,ICICI,CREDIT
c_004252,407684,SBI,DEBIT
c_004253,412029,ICICI,CREDIT
c_004254,494624,CITI,DEBIT
c_004255,539713,CHASE,CREDIT
c_004256,453995,ICICI,CREDIT
c_004257,503433,CHASE,CREDIT
c_004258,511946,SBI,CREDIT
c_004259,513215,HDFC,DEBIT
c_004260,457255,ICICI,CREDIT
c_004261,451528,CITI,CREDIT
c_004262,469325,HDFC,CREDIT
c_004263,555880,ICICI,DEBIT
c_004264,550881,SBI,DEBIT
c_004265,413991,HDFC,DEBIT
c_004266,446934,CHASE,CREDIT
c_004267,411775,CHASE,DEBIT
c_004268,556322,SBI,DEBIT
c_004269,502692,SBI,CREDIT
c_004270,555162,CHASE,CREDIT
c_004271,548316,CHASE,DEBIT
c_004272,535887,ICICI,DEBIT
c_004273,405695,CHASE,DEBIT
c_004274,469097,SBI,DEBIT
c_004275,484261,CHASE,CREDIT
c_004276,470671,CHASE,DEBIT
c_004277,489494,HDFC,CREDIT
c_004278,448083,CHASE,DEBIT
c_004279,448687,CHASE,DEBIT
c_004280,505771,CITI,CREDIT
c_004281,487587,CHASE,CREDIT
c_004282,415849,CHASE,DEBIT
c_004283,542016,HDFC,DEBIT
c_004284,557211,ICICI,DEBIT
c_004285,504628,HDFC,DEBIT
c_004286,549418,HDFC,DEBIT
c_004287,449179,CHASE,CREDIT
c_004288,466467,SBI,CREDIT
c_004289,426857,ICICI,DEBIT
c_004290,530607,CHASE,CREDIT
c_004291,402354,SBI,DEBIT
c_004292,528261,CITI,DEBIT
c_004293,411762,CHASE,CREDIT
c_004294,431222,HDFC,CREDIT
c_004295,470078,HDFC,CREDIT
c_004296,409388,CHASE,DEBIT
c_004297,540992,SBI,CREDIT
c_004298,539174,SBI,DEBIT
c_004299,402786,ICICI,CREDIT
c_004300,535671,SBI,CREDIT
c_004301,455854,CHASE,CREDIT
c_004302,474645,HDFC,CREDIT
c_004303,468765,CITI,DEBIT
c_004304,525621,ICICI,DEBIT
c_004305,402592,ICICI,DEBIT
c_004306,518406,CITI,DEBIT
c_004307,502225,SBI,DEBIT
c_004308,421681,CHASE,CREDIT
c_004309,536120,SBI,CREDIT
c_004310,468443,SBI,DEBIT
c_004311,544395,CITI,CREDIT
c_004312,554042,ICICI,DEBIT
c_004313,452403,ICICI,DEBIT
c_004314,520892,SBI,CREDIT
c_004315,401331,SBI,DEBIT
c_004316,510972,CITI,DEBIT
c_004317,432557,SBI,DEBIT
c_004318,454191,HDFC,DEBIT
c_004319,559134,CITI,CREDIT
c_004320,499902,ICICI,DEBIT
c_004321,405591,CITI,DEBIT
c_004322,464457,SBI,CREDIT
c_004323,492438,SBI,DEBIT
c_004324,464179,HDFC,CREDIT
c_004325,556563,CITI,DEBIT
c_004326,492594,SBI,DEBIT
c_004327,447186,CHASE,DEBIT
c_004328,442821,HDFC,DEBIT
c_004329,438265,CITI,CREDIT
c_004330,456361,HDFC,CREDIT
c_004331,401147,HDFC,CREDIT
c_004332,433560,ICICI,DEBIT
c_004333,539381,ICICI,DEBIT
c_004334,500796,CITI,DEBIT
c_004335,414540,SBI,DEBIT
c_004336,408528,CITI,DEBIT
c_004337,414657,SBI,CREDIT
c_004338,539116,SBI,CREDIT
c_004339,457020,CITI,CREDIT
c_004340,516251,CHASE,CREDIT
c_004341,453627,CITI,DEBIT
c_004342,471013,SBI,CREDIT
c_004343,462050,CITI,DEBIT
c_004344,498237,HDFC,DEBIT
c_004345,527407,ICICI,DEBIT
c_004346,535061,ICICI,CREDIT
c_004347,471955,ICICI,CREDIT
c_004348,425812,CITI,CREDIT
c_004349,448409,SBI,CREDIT
c_004350,522431,CHASE,DEBIT
c_004351,488222,SBI,DEBIT
c_004352,463878,HDFC,DEBIT
c_004353,550781,CHASE,CREDIT
c_004354,479516,SBI,CREDIT
c_004355,501628,HDFC,CREDIT
c_004356,403904,SBI,CREDIT
c_004357,553407,HDFC,CREDIT
c_004358,407982,CITI,DEBIT
c_004359,466927,SBI,CREDIT
c_004360,476147,HDFC,DEBIT
c_004361,487146,HDFC,CREDIT
c_004362,508258,CITI,CREDIT
c_004363,490877,SBI,DEBIT
c_004364,496539,SBI,DEBIT
c_004365,416253,CITI,DEBIT
c_004366,439988,CHASE,CREDIT
c_004367,486438,SBI,CREDIT
c_004368,518495,CHASE,CREDIT
c_004369,471174,SBI,DEBIT
c_004370,496976,SBI,DEBIT
c_004371,433080,ICICI,CREDIT
c_004372,438898,SBI,DEBIT
c_004373,526491,CITI,CREDIT
c_004374,410102,HDFC,CREDIT
c_004375,416285,SBI,CREDIT
c_004376,495469,CITI,CREDIT
c_004377,543502,SBI,CREDIT
c_004378,521069,SBI,DEBIT
c_004379,514393,CHASE,DEBIT
c_004380,451767,CITI,CREDIT
c_004381,510565,CHASE,DEBIT
c_004382,440380,SBI,CREDIT
c_004383,553648,ICICI,CREDIT
c_004384,407830,ICICI,CREDIT
c_004385,512964,CHASE,CREDIT
c_004386,405458,CHASE,CREDIT
c_004387,432486,ICICI,DEBIT
c_004388,528665,ICICI,CREDIT
c_004389,504150,SBI,DEBIT
c_004390,416450,SBI,CREDIT
c_004391,429668,ICICI,CREDIT
c_004392,427058,CHASE,DEBIT
c_004393,414649,SBI,CREDIT
c_004394,495561,SBI,DEBIT
c_004395,475966,SBI,CREDIT
c_004396,488135,SBI,CREDIT
c_004397,449109,HDFC,CREDIT
c_004398,546340,ICICI,DEBIT
c_004399,497782,CHASE,CREDIT
c_004400,508727,CITI,DEBIT
c_004401,546929,CITI,CREDIT
c_004402,402039,SBI,DEBIT
c_004403,407856,CITI,CREDIT
c_004404,413320,SBI,DEBIT
c_004405,420829,CHASE,DEBIT
c_004406,497139,SBI,CREDIT
c_004407,546579,SBI,DEBIT
c_004408,424507,CITI,CREDIT
c_004409,552848,ICICI,DEBIT
c_004410,502490,CITI,CREDIT
c_004411,412117,CITI,DEBIT
c_004412,417974,CHASE,DEBIT
c_004413,537235,CITI,CREDIT
c_004414,406407,HDFC,DEBIT
c_004415,496614,SBI,DEBIT
c_004416,556556,HDFC,DEBIT
c_004417,428318,SBI,DEBIT
c_004418,445406,HDFC,DEBIT
c_004419,506403,SBI,DEBIT
c_004420,408645,CITI,DEBIT
c_004421,462223,ICICI,CREDIT
c_004422,463699,CHASE,DEBIT
c_004423,448481,HDFC,DEBIT
c_004424,542434,CITI,CREDIT
c_004425,535989,ICICI,DEBIT
c_004426,546695,CITI,DEBIT
c_004427,538467,SBI,CREDIT
c_004428,517910,CITI,DEBIT
c_004429,508059,CHASE,CREDIT
c_004430,505953,ICICI,CREDIT
c_004431,435419,HDFC,DEBIT
c_004432,478375,CITI,DEBIT
c_004433,448652,SBI,DEBIT
c_004434,506104,CHASE,CREDIT
c_004435,526021,SBI,DEBIT
c_004436,508272,SBI,CREDIT
c_004437,407860,SBI,CREDIT
c_004438,546487,ICICI,DEBIT
c_004439,529736,CITI,CREDIT
c_004440,506552,ICICI,CREDIT
c_004441,555682,SBI,DEBIT
c_004442,544091,CHASE,CREDIT
c_004443,479259,SBI,DEBIT
c_004444,481553,CHASE,CREDIT
c_004445,423150,SBI,CREDIT
c_004446,500669,CITI,DEBIT
c_004447,549169,CITI,CREDIT
c_004448,465358,HDFC,CREDIT
c_004449,486581,CHASE,CREDIT
c_004450,481514,ICICI,DEBIT
c_004451,473177,HDFC,DEBIT
c_004452,499314,CITI,DEBIT
c_004453,545626,CITI,CREDIT
c_004454,470325,CITI,CREDIT
c_004455,502360,CHASE,DEBIT
c_004456,431912,CITI,DEBIT
c_004457,436465,CITI,DEBIT
c_004458,463699,ICICI,CREDIT
c_004459,500586,CITI,CREDIT
c_004460,436010,ICICI,DEBIT
c_004461,459390,CHASE,DEBIT
c_004462,460398,CHASE,CREDIT
c_004463,413954,CHASE,DEBIT
c_004464,453412,CITI,CREDIT
c_004465,528959,SBI,CREDIT
c_004466,529963,CITI,DEBIT
c_004467,413489,SBI,CREDIT
c_004468,485946,CITI,CREDIT
c_004469,485341,CHASE,CREDIT
c_004470,497475,CHASE,CREDIT
c_004471,547225,HDFC,DEBIT
c_004472,492421,SBI,DEBIT
c_004473,434541,CHASE,CREDIT
c_004474,511240,SBI,CREDIT
c_004475,557720,SBI,DEBIT
c_004476,508588,ICICI,DEBIT
c_004477,522392,HDFC,CREDIT
c_004478,507763,HDFC,CREDIT
c_004479,513873,SBI,DEBIT
c_004480,465879,SBI,DEBIT
c_004481,411091,HDFC,CREDIT
c_004482,439564,HDFC,CREDIT
c_004483,516149,SBI,CREDIT
c_004484,426149,SBI,DEBIT
c_004485,413293,ICICI,CREDIT
c_004486,421711,CITI,DEBIT
c_004487,549854,CITI,CREDIT
c_004488,405689,SBI,CREDIT
c_004489,498059,HDFC,DEBIT
c_004490,458667,SBI,CREDIT
c_004491,413018,CITI,DEBIT
c_004492,468973,ICICI,DEBIT
c_004493,448707,CITI,CREDIT
c_004494,510969,CHASE,DEBIT
c_004495,448802,CHASE,DEBIT
c_004496,473177,ICICI,DEBIT
c_004497,453596,CITI,DEBIT
c_004498,400409,CHASE,DEBIT
c_004499,532489,CITI,DEBIT
c_004500,528729,HDFC,DEBIT
c_004501,495323,ICICI,DEBIT
c_004502,558109,HDFC,CREDIT
c_004503,491638,CHASE,CREDIT
c_004504,552142,CHASE,CREDIT
c_004505,556918,HDFC,CREDIT
c_004506,434787,CHASE,DEBIT
c_004507,447235,SBI,CREDIT
c_004508,425082,HDFC,CREDIT
c_004509,456510,SBI,DEBIT
c_004510,411730,SBI,DEBIT
c_004511,526872,CHASE,CREDIT
c_004512,432375,ICICI,DEBIT
c_004513,512225,HDFC,DEBIT
c_004514,556064,ICICI,DEBIT
c_004515,428504,CHASE,CREDIT
c_004516,475366,SBI,DEBIT
c_004517,520560,HDFC,CREDIT
c_004518,517181,ICICI,DEBIT
c_004519,411462,SBI,DEBIT
c_004520,421675,CITI,DEBIT
c_004521,516252,SBI,DEBIT
c_004522,422803,ICICI,CREDIT
c_004523,511407,CHASE,CREDIT
c_004524,504370,HDFC,DEBIT
c_004525,458107,ICICI,CREDIT
c_004526,422661,CHASE,CREDIT
c_004527,489064,CITI,DEBIT
c_004528,509712,ICICI,CREDIT
c_004529,518931,SBI,CREDIT
c_004530,488702,ICICI,CREDIT
c_004531,519774,ICICI,DEBIT
c_004532,463426,CHASE,CREDIT
c_004533,415058,ICICI,CREDIT
c_004534,482335,HDFC,DEBIT
c_004535,402019,SBI,CREDIT
c_004536,544142,CHASE,DEBIT
c_004537,511743,CITI,DEBIT
c_004538,483678,CHASE,DEBIT
c_004539,418611,ICICI,DEBIT
c_004540,536983,HDFC,CREDIT
c_004541,518919,CITI,DEBIT
c_004542,447245,ICICI,CREDIT
c_004543,449184,CITI,DEBIT
c_004544,460646,HDFC,CREDIT
c_004545,471471,CITI,CREDIT
c_004546,552767,SBI,DEBIT
c_004547,509734,SBI,CREDIT
c_004548,414697,CHASE,CREDIT
c_004549,449373,ICICI,DEBIT
c_004550,538415,ICICI,DEBIT
c_004551,438772,SBI,DEBIT
c_004552,503794,SBI,CREDIT
c_004553,538496,SBI,CREDIT
c_004554,428932,CITI,DEBIT
c_004555,437403,HDFC,CREDIT
c_004556,418041,HDFC,CREDIT
c_004557,479896,CITI,DEBIT
c_004558,482853,HDFC,DEBIT
c_004559,559066,ICICI,DEBIT
c_004560,474562,CHASE,CREDIT
c_004561,464962,ICICI,CREDIT
c_004562,453236,ICICI,DEBIT
c_004563,482761,CHASE,CREDIT
c_004564,479339,ICICI,CREDIT
c_004565,413876,HDFC,CREDIT
c_004566,431330,CHASE,CREDIT
c_004567,461154,CHASE,CREDIT
c_004568,408652,ICICI,DEBIT
c_004569,521221,HDFC,CREDIT
c_004570,515562,HDFC,DEBIT
c_004571,448217,SBI,DEBIT
c_004572,544650,ICICI,DEBIT
c_004573,548215,CHASE,DEBIT
c_004574,517723,CITI,CREDIT
c_004575,499793,CITI,DEBIT
c_004576,519016,CHASE,CREDIT
c_004577,498297,HDFC,CREDIT
c_004578,558415,HDFC,CREDIT
c_004579,462063,CITI,DEBIT
c_004580,408002,HDFC,DEBIT
c_004581,491006,SBI,DEBIT
c_004582,499201,CITI,DEBIT
c_004583,464840,HDFC,CREDIT
c_004584,554365,ICICI,CREDIT
c_004585,475372,CHASE,DEBIT
c_004586,536087,CITI,CREDIT
c_004587,478637,HDFC,CREDIT
c_004588,491851,SBI,CREDIT
c_004589,439122,SBI,DEBIT
c_004590,496628,CHASE,DEBIT
c_004591,530406,CHASE,CREDIT
c_004592,401758,CITI,CREDIT
c_004593,502749,ICICI,DEBIT
c_004594,522938,CITI,CREDIT
c_004595,511510,ICICI,DEBIT
c_004596,518008,HDFC,DEBIT
c_004597,507654,HDFC,DEBIT
c_004598,500407,HDFC,DEBIT
c_004599,547092,CHASE,DEBIT
c_004600,430812,HDFC,DEBIT
c_004601,514296,HDFC,DEBIT
c_004602,554551,SBI,DEBIT
c_004603,545685,HDFC,CREDIT
c_004604,412834,HDFC,DEBIT
c_004605,435634,CHASE,CREDIT
c_004606,444063,CITI,DEBIT
c_004607,490367,CITI,CREDIT
c_004608,521881,CHASE,CREDIT
c_004609,413042,HDFC,CREDIT
c_004610,554316,CHASE,DEBIT
c_004611,501108,CITI,DEBIT
c_004612,426360,HDFC,CREDIT
c_004613,511883,CITI,CREDIT
c_004614,480192,CHASE,DEBIT
c_004615,528675,CHASE,DEBIT
c_004616,483344,CITI,CREDIT
c_004617,502326,CITI,DEBIT
c_004618,555410,ICICI,DEBIT
c_004619,409678,SBI,DEBIT
c_004620,453648,SBI,CREDIT
c_004621,462956,CITI,CREDIT
c_004622,474005,CITI,DEBIT
c_004623,492197,HDFC,DEBIT
c_004624,530020,SBI,DEBIT
c_004625,511258,CHASE,CREDIT
c_004626,537610,CHASE,CREDIT
c_004627,449581,SBI,DEBIT
c_004628,544440,ICICI,DEBIT
c_004629,528467,CHASE,CREDIT
c_004630,533586,CHASE,CREDIT
c_004631,530842,CHASE,DEBIT
c_004632,497993,CITI,CREDIT
c_004633,544196,SBI,DEBIT
c_004634,540783,ICICI,CREDIT
c_004635,501352,CITI,CREDIT
c_004636,432557,ICICI,CREDIT
c_004637,437904,HDFC,DEBIT
c_004638,452467,HDFC,CREDIT
c_004639,466629,CHASE,DEBIT
c_004640,438981,CHASE,CREDIT
c_004641,429343,CITI,DEBIT
c_004642,549054,CHASE,DEBIT
c_004643,455264,SBI,DEBIT
c_004644,409849,ICICI,DEBIT
c_004645,464308,CITI,CREDIT
c_004646,545964,ICICI,DEBIT
c_004647,484131,CHASE,DEBIT
c_004648,535161,CHASE,CREDIT
c_004649,460854,ICICI,CREDIT
c_004650,486896,ICICI,CREDIT
c_004651,445000,HDFC,DEBIT
c_004652,556820,SBI,CREDIT
c_004653,466474,CHASE,DEBIT
c_004654,429815,ICICI,DEBIT
c_004655,505704,CITI,DEBIT
c_004656,476122,SBI,DEBIT
c_004657,518504,ICICI,DEBIT
c_004658,433432,ICICI,DEBIT
c_004659,421680,CHASE,CREDIT
c_004660,533872,CHASE,CREDIT
c_004661,402116,ICICI,CREDIT
c_004662,515180,SBI,DEBIT
c_004663,482907,SBI,CREDIT
c_004664,529747,CHASE,DEBIT
c_004665,520240,SBI,DEBIT
c_004666,419441,ICICI,CREDIT
c_004667,455491,SBI,CREDIT
c_004668,454105,SBI,DEBIT
c_004669,531833,HDFC,DEBIT
c_004670,486619,CHASE,CREDIT
c_004671,408298,CITI,DEBIT
c_004672,520436,ICICI,DEBIT
c_004673,471217,CITI,DEBIT
c_004674,449308,CHASE,CREDIT
c_004675,518150,SBI,CREDIT
c_004676,448877,CITI,CREDIT
c_004677,451663,ICICI,DEBIT
c_004678,506676,CITI,CREDIT
c_004679,520746,HDFC,CREDIT
c_004680,485069,HDFC,CREDIT
c_004681,550111,SBI,DEBIT
c_004682,551836,SBI,CREDIT
c_004683,427827,HDFC,DEBIT
c_004684,404100,SBI,DEBIT
c_004685,527607,CITI,CREDIT
c_004686,468273,CITI,DEBIT
c_004687,491437,SBI,DEBIT
c_004688,430076,HDFC,DEBIT
c_004689,537513,HDFC,CREDIT
c_004690,429785,ICICI,DEBIT
c_004691,553675,ICICI,CREDIT
c_004692,517518,SBI,DEBIT
c_004693,538587,SBI,DEBIT
c_004694,426409,HDFC,CREDIT
c_004695,530936,HDFC,DEBIT
c_004696,478529,CHASE,CREDIT
c_004697,503709,HDFC,DEBIT
c_004698,508012,SBI,DEBIT
c_004699,500754,ICICI,CREDIT
c_004700,487640,SBI,CREDIT
c_004701,509111,ICICI,DEBIT
c_004702,446627,HDFC,DEBIT
c_004703,489570,SBI,CREDIT
c_004704,444464,ICICI,DEBIT
c_004705,549321,SBI,DEBIT
c_004706,528500,HDFC,CREDIT
c_004707,464518,SBI,DEBIT
c_004708,472402,CHASE,CREDIT
c_004709,416268,CITI,CREDIT
c_004710,467944,CHASE,DEBIT
c_004711,413274,CHASE,DEBIT
c_004712,465492,CITI,DEBIT
c_004713,413492,CHASE,CREDIT
c_004714,428404,CHASE,DEBIT
c_004715,488420,ICICI,DEBIT
c_004716,468094,HDFC,DEBIT
c_004717,400119,ICICI,DEBIT
c_004718,476300,HDFC,CREDIT
c_004719,488592,CHASE,DEBIT
c_004720,500393,CITI,DEBIT
c_004721,559219,SBI,CREDIT
c_004722,466346,HDFC,CREDIT
c_004723,470729,HDFC,DEBIT
c_004724,457234,ICICI,CREDIT
c_004725,502777,SBI,DEBIT
c_004726,436825,CITI,CREDIT
c_004727,556573,HDFC,CREDIT
c_004728,513008,SBI,DEBIT
c_004729,515145,CITI,DEBIT
c_004730,497834,CHASE,DEBIT
c_004731,548326,HDFC,CREDIT
c_004732,446577,SBI,DEBIT
c_004733,444612,HDFC,DEBIT
c_004734,426907,SBI,DEBIT
c_004735,549534,CITI,CREDIT
c_004736,532062,HDFC,CREDIT
c_004737,428877,SBI,DEBIT
c_004738,422043,ICICI,CREDIT
c_004739,504011,CITI,DEBIT
c_004740,552171,HDFC,CREDIT
c_004741,444147,CHASE,CREDIT
c_004742,440327,HDFC,DEBIT
c_004743,442543,HDFC,DEBIT
c_004744,518023,SBI,DEBIT
c_004745,439884,HDFC,CREDIT
c_004746,480536,CHASE,CREDIT
c_004747,505708,SBI,CREDIT
c_004748,542543,HDFC,DEBIT
c_004749,521464,ICICI,DEBIT
c_004750,464826,CHASE,CREDIT
c_004751,485707,CITI,DEBIT
c_004752,509141,SBI,CREDIT
c_004753,551182,HDFC,CREDIT
c_004754,450171,ICICI,DEBIT
c_004755,546734,HDFC,DEBIT
c_004756,425788,ICICI,DEBIT
c_004757,535628,SBI,DEBIT
c_004758,457076,HDFC,CREDIT
c_004759,505550,CITI,DEBIT
c_004760,461819,SBI,DEBIT
c_004761,542382,SBI,DEBIT
c_004762,432868,ICICI,CREDIT
c_004763,503425,ICICI,CREDIT
c_004764,524941,HDFC,DEBIT
c_004765,441444,HDFC,DEBIT
c_004766,482086,ICICI,CREDIT
c_004767,441661,ICICI,CREDIT
c_004768,515608,HDFC,CREDIT
c_004769,524279,CHASE,DEBIT
c_004770,481510,ICICI,DEBIT
c_004771,554676,CITI,CREDIT
c_004772,511832,CHASE,CREDIT
c_004773,479268,HDFC,CREDIT
c_004774,527610,ICICI,DEBIT
c_004775,410411,CHASE,CREDIT
c_004776,446786,SBI,DEBIT
c_004777,405364,ICICI,DEBIT
c_004778,409383,SBI,DEBIT
c_004779,404894,CITI,CREDIT
c_004780,437916,SBI,CREDIT
c_004781,436062,SBI,CREDIT
c_004782,447932,CHASE,CREDIT
c_004783,475848,HDFC,CREDIT
c_004784,539421,CITI,DEBIT
c_004785,555589,ICICI,CREDIT
c_004786,513875,ICICI,CREDIT
c_004787,448570,ICICI,DEBIT
c_004788,544528,ICICI,DEBIT
c_004789,499962,ICICI,DEBIT
c_004790,520434,CITI,CREDIT
c_004791,535259,HDFC,CREDIT
c_004792,410415,SBI,DEBIT
c_004793,460882,SBI,CREDIT
c_004794,460551,HDFC,CREDIT
c_004795,551732,ICICI,DEBIT
c_004796,421140,CHASE,DEBIT
c_004797,421200,ICICI,CREDIT
c_004798,465390,SBI,CREDIT
c_004799,414949,SBI,DEBIT
c_004800,523019,HDFC,CREDIT
c_004801,525694,SBI,DEBIT
c_004802,546430,CITI,CREDIT
c_004803,548463,SBI,CREDIT
c_004804,451857,SBI,CREDIT
c_004805,499060,CITI,CREDIT
c_004806,508685,ICICI,DEBIT
c_004807,462306,CITI,DEBIT
c_004808,485289,CITI,CREDIT
c_004809,419125,CITI,CREDIT
c_004810,544820,SBI,CREDIT
c_004811,472850,ICICI,DEBIT
c_004812,497199,CITI,CREDIT
c_004813,488249,HDFC,DEBIT
c_004814,449526,HDFC,CREDIT
c_004815,417647,SBI,CREDIT
c_004816,425235,CITI,CREDIT
c_004817,454570,SBI,DEBIT
c_004818,426083,HDFC,CREDIT
c_004819,530517,SBI,CREDIT
c_004820,428116,ICICI,CREDIT
c_004821,460130,CHASE,CREDIT
c_004822,558703,HDFC,CREDIT
c_004823,407979,SBI,DEBIT
c_004824,528774,ICICI,CREDIT
c_004825,437319,ICICI,DEBIT
c_004826,468371,ICICI,CREDIT
c_004827,527628,CITI,CREDIT
c_004828,410364,ICICI,DEBIT
c_004829,456748,CITI,DEBIT
c_004830,436681,CITI,DEBIT
c_004831,515696,HDFC,DEBIT
c_004832,492616,SBI,CREDIT
c_004833,483927,ICICI,DEBIT
c_004834,418508,ICICI,CREDIT
c_004835,483145,CITI,CREDIT
c_004836,464007,CHASE,DEBIT
c_004837,418436,HDFC,CREDIT
c_004838,558944,ICICI,DEBIT
c_004839,427565,HDFC,CREDIT
c_004840,442460,ICICI,DEBIT
c_004841,513242,SBI,CREDIT
c_004842,406906,HDFC,DEBIT
c_004843,539604,HDFC,DEBIT
c_004844,463820,CHASE,CREDIT
c_004845,543429,SBI,DEBIT
c_004846,409813,HDFC,DEBIT
c_004847,417752,CITI,DEBIT
c_004848,479836,HDFC,CREDIT
c_004849,406222,CITI,DEBIT
c_004850,517372,HDFC,DEBIT
c_004851,535737,SBI,CREDIT
c_004852,416431,CHASE,CREDIT
c_004853,539711,CHASE,DEBIT
c_004854,448160,HDFC,CREDIT
c_004855,548864,CITI,CREDIT
c_004856,402816,ICICI,DEBIT
c_004857,405400,SBI,DEBIT
c_004858,481628,CHASE,CREDIT
c_004859,455848,ICICI,CREDIT
c_004860,480068,ICICI,DEBIT
c_004861,411373,CHASE,CREDIT
c_004862,417391,HDFC,DEBIT
c_004863,477130,CHASE,DEBIT
c_004864,417206,HDFC,CREDIT
c_004865,428973,ICICI,DEBIT
c_004866,461449,SBI,CREDIT
c_004867,487545,CHASE,CREDIT
c_004868,434906,HDFC,CREDIT
c_004869,438467,ICICI,DEBIT
c_004870,556446,SBI,CREDIT
c_004871,521701,ICICI,DEBIT
c_004872,528220,CHASE,DEBIT
c_004873,537031,CITI,CREDIT
c_004874,545155,CHASE,CREDIT
c_004875,511023,CHASE,CREDIT
c_004876,497272,HDFC,DEBIT
c_004877,531098,CHASE,CREDIT
c_004878,420042,ICICI,DEBIT
c_004879,558982,CITI,DEBIT
c_004880,539730,CITI,DEBIT
c_004881,519661,ICICI,DEBIT
c_004882,472806,CITI,CREDIT
c_004883,458936,HDFC,CREDIT
c_004884,494698,HDFC,CREDIT
c_004885,483646,SBI,CREDIT
c_004886,533642,HDFC,CREDIT
c_004887,458548,SBI,DEBIT
c_004888,541177,CITI,DEBIT
c_004889,530713,CITI,CREDIT
c_004890,481709,HDFC,DEBIT
c_004891,428034,SBI,CREDIT
c_004892,483623,CITI,CREDIT
c_004893,450516,CITI,DEBIT
c_004894,541382,SBI,DEBIT
c_004895,502576,ICICI,DEBIT
c_004896,494816,SBI,CREDIT
c_004897,557535,ICICI,DEBIT
c_004898,552968,ICICI,CREDIT
c_004899,421273,CITI,CREDIT
c_004900,465971,HDFC,CREDIT
c_004901,459743,CITI,CREDIT
c_004902,510225,CHASE,DEBIT
c_004903,436771,HDFC,CREDIT
c_004904,419583,SBI,DEBIT
c_004905,520228,CITI,CREDIT
c_004906,448735,HDFC,CREDIT
c_004907,494120,SBI,CREDIT
c_004908,457421,SBI,CREDIT
c_004909,474033,HDFC,CREDIT
c_004910,535305,CITI,CREDIT
c_004911,519546,CHASE,DEBIT
c_004912,435500,HDFC,DEBIT
c_004913,410144,CHASE,DEBIT
c_004914,402398,SBI,DEBIT
c_004915,481357,CHASE,DEBIT
c_004916,432714,ICICI,CREDIT
c_004917,505521,HDFC,CREDIT
c_004918,496222,CHASE,DEBIT
c_004919,473266,HDFC,DEBIT
c_004920,481428,CITI,CREDIT
c_004921,507178,CHASE,DEBIT
c_004922,536791,CHASE,CREDIT
c_004923,471675,ICICI,CREDIT
c_004924,433051,SBI,CREDIT
c_004925,530433,HDFC,CREDIT
c_004926,547574,CITI,CREDIT
c_004927,523212,HDFC,DEBIT
c_004928,404108,HDFC,CREDIT
c_004929,522211,HDFC,DEBIT
c_004930,463488,ICICI,CREDIT
c_004931,521436,HDFC,CREDIT
c_004932,477006,ICICI,DEBIT
c_004933,521524,ICICI,DEBIT
c_004934,480729,CHASE,CREDIT
c_004935,538965,CITI,CREDIT
c_004936,467205,CITI,DEBIT
c_004937,456043,HDFC,CREDIT
c_004938,459658,CITI,DEBIT
c_004939,521644,CHASE,DEBIT
c_004940,468451,CHASE,DEBIT
c_004941,474351,CHASE,DEBIT
c_004942,474058,CITI,DEBIT
c_004943,427599,ICICI,DEBIT
c_004944,424443,CITI,CREDIT
c_004945,475605,ICICI,DEBIT
c_004946,464870,HDFC,CREDIT
c_004947,493657,CHASE,CREDIT
c_004948,425401,CITI,DEBIT
c_004949,443529,CHASE,CREDIT
c_004950,555891,HDFC,CREDIT
c_004951,414907,HDFC,DEBIT
c_004952,471100,ICICI,CREDIT
c_004953,470991,ICICI,DEBIT
c_004954,492825,CHASE,CREDIT
c_004955,477599,HDFC,CREDIT
c_004956,455046,CHASE,DEBIT
c_004957,482628,HDFC,DEBIT
c_004958,453871,HDFC,DEBIT
c_004959,488226,SBI,DEBIT
c_004960,417422,HDFC,DEBIT
c_004961,436047,HDFC,CREDIT
c_004962,403035,CHASE,DEBIT
c_004963,464971,CHASE,DEBIT
c_004964,413830,HDFC,CREDIT
c_004965,433710,ICICI,DEBIT
c_004966,481079,SBI,DEBIT
c_004967,511104,CHASE,DEBIT
c_004968,495823,ICICI,CREDIT
c_004969,435674,SBI,CREDIT
c_004970,431436,HDFC,CREDIT
c_004971,428486,SBI,CREDIT
c_004972,470814,ICICI,CREDIT
c_004973,422353,CITI,CREDIT
c_004974,486363,SBI,DEBIT
c_004975,514973,SBI,DEBIT
c_004976,505244,CITI,DEBIT
c_004977,496664,HDFC,DEBIT
c_004978,470703,CITI,CREDIT
c_004979,408231,ICICI,DEBIT
c_004980,435013,ICICI,CREDIT
c_004981,545531,SBI,DEBIT
c_004982,491177,CITI,DEBIT
c_004983,454068,SBI,DEBIT
c_004984,533164,CITI,DEBIT
c_004985,488096,HDFC,CREDIT
c_004986,482877,HDFC,CREDIT
c_004987,533295,HDFC,CREDIT
c_004988,455526,SBI,CREDIT
c_004989,477251,ICICI,CREDIT
c_004990,447404,SBI,CREDIT
c_004991,529064,CHASE,CREDIT
c_004992,466351,SBI,CREDIT
c_004993,548240,CHASE,CREDIT
c_004994,553957,ICICI,DEBIT
c_004995,480247,CHASE,CREDIT
c_004996,413859,HDFC,CREDIT
c_004997,402283,CHASE,DEBIT
c_004998,502281,SBI,CREDIT
c_004999,433005,CHASE,CREDIT
c_005000,495684,ICICI,CREDIT
c_005001,521277,CITI,DEBIT
c_005002,547448,SBI,CREDIT
c_005003,499572,HDFC,DEBIT
c_005004,436625,HDFC,DEBIT
c_005005,466627,HDFC,CREDIT
c_005006,441198,SBI,CREDIT
c_005007,492858,ICICI,CREDIT
c_005008,411409,HDFC,CREDIT
c_005009,415845,CITI,DEBIT
c_005010,437050,SBI,CREDIT
c_005011,408147,CHASE,DEBIT
c_005012,504107,ICICI,CREDIT
c_005013,427303,CHASE,CREDIT
c_005014,452767,HDFC,CREDIT
c_005015,414882,ICICI,DEBIT
c_005016,497447,HDFC,DEBIT
c_005017,553220,SBI,DEBIT
c_005018,556627,CITI,CREDIT
c_005019,470107,ICICI,CREDIT
c_005020,545964,CITI,CREDIT
c_005021,440709,ICICI,CREDIT
c_005022,423804,CHASE,CREDIT
c_005023,549398,CHASE,CREDIT
c_005024,488112,SBI,CREDIT
c_005025,492809,CHASE,DEBIT
c_005026,445429,CHASE,DEBIT
c_005027,428624,CHASE,CREDIT
c_005028,437677,CHASE,DEBIT
c_005029,538696,ICICI,DEBIT
c_005030,438028,SBI,DEBIT
c_005031,442310,ICICI,DEBIT
c_005032,503320,ICICI,CREDIT
c_005033,501571,HDFC,CREDIT
c_005034,507126,SBI,DEBIT
c_005035,472554,HDFC,CREDIT
c_005036,502089,SBI,CREDIT
c_005037,426030,HDFC,DEBIT
c_005038,544816,CHASE,DEBIT
c_005039,532288,HDFC,DEBIT
c_005040,404170,SBI,DEBIT
c_005041,435614,ICICI,DEBIT
c_005042,409925,CHASE,CREDIT
c_005043,488738,CITI,CREDIT
c_005044,444487,CITI,DEBIT
c_005045,515960,CHASE,CREDIT
c_005046,526227,SBI,DEBIT
c_005047,454074,CITI,DEBIT
c_005048,483452,SBI,DEBIT
c_005049,460093,CHASE,DEBIT
c_005050,434915,CHASE,DEBIT
c_005051,559360,CHASE,DEBIT
c_005052,420922,SBI,DEBIT
c_005053,410764,HDFC,DEBIT
c_005054,499445,HDFC,CREDIT
c_005055,515611,ICICI,DEBIT
c_005056,467491,ICICI,CREDIT
c_005057,536819,CHASE,CREDIT
c_005058,489985,ICICI,CREDIT
c_005059,417900,SBI,CREDIT
c_005060,524886,ICICI,DEBIT
c_005061,406906,SBI,DEBIT
c_005062,401127,CITI,DEBIT
c_005063,417168,CITI,CREDIT
c_005064,458191,HDFC,CREDIT
c_005065,413563,CHASE,DEBIT
c_005066,461063,CHASE,CREDIT
c_005067,459699,HDFC,DEBIT
c_005068,524868,ICICI,CREDIT
c_005069,422448,SBI,CREDIT
c_005070,413545,ICICI,CREDIT
c_005071,497810,CITI,DEBIT
c_005072,537752,ICICI,CREDIT
c_005073,542635,HDFC,DEBIT
c_005074,559251,HDFC,CREDIT
c_005075,439516,ICICI,DEBIT
c_005076,547003,CHASE,DEBIT
c_005077,441057,HDFC,CREDIT
c_005078,491008,ICICI,DEBIT
c_005079,556292,SBI,CREDIT
c_005080,409909,ICICI,DEBIT
c_005081,454972,HDFC,CREDIT
c_005082,535291,CHASE,CREDIT
c_005083,430143,CHASE,CREDIT
c_005084,516779,CITI,DEBIT
c_005085,451826,ICICI,DEBIT
c_005086,403607,CITI,DEBIT
c_005087,513757,HDFC,CREDIT
c_005088,417573,CHASE,CREDIT
c_005089,403089,ICICI,CREDIT
c_005090,431919,ICICI,DEBIT
c_005091,412341,CHASE,CREDIT
c_005092,529400,SBI,CREDIT
c_005093,485076,SBI,CREDIT
c_005094,401280,CITI,CREDIT
c_005095,550743,HDFC,CREDIT
c_005096,487885,HDFC,CREDIT
c_005097,514750,ICICI,DEBIT
c_005098,502452,CHASE,CREDIT
c_005099,503113,ICICI,CREDIT
c_005100,446656,CITI,CREDIT
c_005101,488897,HDFC,DEBIT
c_005102,475506,ICICI,DEBIT
c_005103,480862,ICICI,CREDIT
c_005104,484922,HDFC,CREDIT
c_005105,505215,ICICI,DEBIT
c_005106,527662,CHASE,CREDIT
c_005107,450693,SBI,DEBIT
c_005108,550469,SBI,DEBIT
c_005109,511606,CHASE,CREDIT
c_005110,467216,HDFC,CREDIT
c_005111,545729,CITI,CREDIT
c_005112,547754,CITI,CREDIT
c_005113,539696,SBI,CREDIT
c_005114,470971,CITI,DEBIT
c_005115,422555,HDFC,CREDIT
c_005116,514492,CHASE,DEBIT
c_005117,512405,SBI,DEBIT
c_005118,532121,CHASE,DEBIT
c_005119,551798,CHASE,CREDIT
c_005120,456787,CHASE,CREDIT
c_005121,413732,HDFC,DEBIT
c_005122,473069,CITI,DEBIT
c_005123,428708,CHASE,CREDIT
c_005124,493421,CITI,DEBIT
c_005125,467811,ICICI,CREDIT
c_005126,543283,HDFC,CREDIT
c_005127,515447,HDFC,CREDIT
c_005128,410296,CHASE,DEBIT
c_005129,501968,SBI,DEBIT
c_005130,533421,CHASE,CREDIT
c_005131,503261,CITI,DEBIT
c_005132,513274,CITI,DEBIT
c_005133,413152,ICICI,DEBIT
c_005134,523108,ICICI,CREDIT
c_005135,530106,HDFC,DEBIT
c_005136,495474,CHASE,CREDIT
c_005137,448389,HDFC,DEBIT
c_005138,465317,HDFC,DEBIT
c_005139,544852,SBI,CREDIT
c_005140,532631,CITI,CREDIT
c_005141,553872,HDFC,CREDIT
c_005142,461375,ICICI,CREDIT
c_005143,447612,SBI,CREDIT
c_005144,499787,HDFC,DEBIT
c_005145,552131,CITI,DEBIT
c_005146,487462,CHASE,DEBIT
c_005147,506761,CITI,DEBIT
c_005148,453880,HDFC,DEBIT
c_005149,470429,HDFC,DEBIT
c_005150,506341,SBI,DEBIT
c_005151,432770,CITI,CREDIT
c_005152,513687,CITI,CREDIT
c_005153,557827,CHASE,CREDIT
c_005154,407238,CHASE,DEBIT
c_005155,511723,HDFC,DEBIT
c_005156,530736,SBI,CREDIT
c_005157,426034,SBI,DEBIT
c_005158,464886,CHASE,DEBIT
c_005159,413338,SBI,DEBIT
c_005160,527978,SBI,CREDIT
c_005161,451635,CHASE,CREDIT
c_005162,421613,CHASE,DEBIT
c_005163,532050,CHASE,CREDIT
c_005164,448878,HDFC,CREDIT
c_005165,525307,CHASE,CREDIT
c_005166,401628,SBI,CREDIT
c_005167,498213,CITI,CREDIT
c_005168,512481,HDFC,DEBIT
c_005169,476144,CITI,CREDIT
c_005170,480637,HDFC,CREDIT
c_005171,444653,CHASE,CREDIT
c_005172,461306,HDFC,CREDIT
c_005173,428528,CITI,CREDIT
c_005174,445382,CHASE,DEBIT
c_005175,467695,CITI,DEBIT
c_005176,421537,ICICI,DEBIT
c_005177,453727,ICICI,DEBIT
c_005178,432157,SBI,DEBIT
c_005179,403748,CHASE,DEBIT
c_005180,455475,ICICI,DEBIT
c_005181,475882,SBI,CREDIT
c_005182,492040,CHASE,CREDIT
c_005183,526609,HDFC,CREDIT
c_005184,469708,HDFC,CREDIT
c_005185,499580,CHASE,DEBIT
c_005186,477778,SBI,CREDIT
c_005187,543669,CITI,DEBIT
c_005188,551186,HDFC,DEBIT
c_005189,505347,SBI,CREDIT
c_005190,515388,CHASE,CREDIT
c_005191,517996,CHASE,CREDIT
c_005192,524212,CHASE,CREDIT
c_005193,505085,SBI,CREDIT
c_005194,503297,HDFC,CREDIT
c_005195,432957,HDFC,CREDIT
c_005196,436615,CITI,CREDIT
c_005197,481487,SBI,CREDIT
c_005198,448508,HDFC,CREDIT
c_005199,495356,HDFC,CREDIT
c_005200,550267,CITI,CREDIT
c_005201,538731,ICICI,CREDIT
c_005202,437641,CHASE,CREDIT
c_005203,478403,SBI,DEBIT
c_005204,443676,HDFC,CREDIT
c_005205,420186,CITI,CREDIT
c_005206,410641,CHASE,DEBIT
c_005207,555952,CITI,CREDIT
c_005208,460859,CITI,CREDIT
c_005209,472254,HDFC,DEBIT
c_005210,499589,CHASE,DEBIT
c_005211,480029,CHASE,CREDIT
c_005212,452997,CITI,DEBIT
c_005213,464422,ICICI,DEBIT
c_005214,467356,ICICI,DEBIT
c_005215,450850,HDFC,DEBIT
c_005216,548549,ICICI,DEBIT
c_005217,405195,HDFC,DEBIT
c_005218,429370,CITI,CREDIT
c_005219,405623,CHASE,CREDIT
c_005220,465953,CITI,CREDIT
c_005221,489951,CITI,CREDIT
c_005222,483829,SBI,DEBIT
c_005223,475903,SBI,DEBIT
c_005224,549294,CHASE,DEBIT
c_005225,490073,HDFC,CREDIT
c_005226,450556,CHASE,CREDIT
c_005227,466309,SBI,CREDIT
c_005228,537175,ICICI,CREDIT
c_005229,419099,CHASE,DEBIT
c_005230,531510,CHASE,DEBIT
c_005231,463317,SBI,CREDIT
c_005232,504180,CHASE,CREDIT
c_005233,464865,ICICI,CREDIT
c_005234,540823,CHASE,CREDIT
c_005235,417902,CHASE,DEBIT
c_005236,485726,CHASE,DEBIT
c_005237,432156,CITI,DEBIT
c_005238,513289,ICICI,CREDIT
c_005239,511298,CITI,CREDIT
c_005240,523345,CHASE,DEBIT
c_005241,555165,ICICI,CREDIT
c_005242,540687,SBI,DEBIT
c_005243,513145,CITI,CREDIT
c_005244,430650,CHASE,CREDIT
c_005245,450132,CHASE,CREDIT
c_005246,548003,CITI,DEBIT
c_005247,423712,HDFC,DEBIT
c_005248,529617,HDFC,DEBIT
c_005249,482000,ICICI,DEBIT
c_005250,449249,CITI,CREDIT
c_005251,441640,HDFC,DEBIT
c_005252,432558,SBI,DEBIT
c_005253,549980,HDFC,CREDIT
c_005254,492233,CHASE,DEBIT
c_005255,479887,SBI,CREDIT
c_005256,447938,ICICI,DEBIT
c_005257,424602,CHASE,CREDIT
c_005258,511417,CHASE,DEBIT
c_005259,461819,CITI,DEBIT
c_005260,492486,HDFC,DEBIT
c_005261,475484,ICICI,DEBIT
c_005262,500469,ICICI,CREDIT
c_005263,463067,CITI,DEBIT
c_005264,472486,HDFC,DEBIT
c_005265,414065,CHASE,CREDIT
c_005266,482147,CITI,CREDIT
c_005267,417182,SBI,DEBIT
c_005268,416066,ICICI,CREDIT
c_005269,538731,SBI,DEBIT
c_005270,490839,HDFC,CREDIT
c_005271,473405,SBI,DEBIT
c_005272,557351,ICICI,DEBIT
c_005273,448259,CITI,DEBIT
c_005274,553159,CITI,CREDIT
c_005275,406407,ICICI,CREDIT
c_005276,470734,HDFC,CREDIT
c_005277,453008,HDFC,DEBIT
c_005278,403152,CHASE,CREDIT
c_005279,425216,CITI,DEBIT
c_005280,461763,SBI,DEBIT
c_005281,433873,CHASE,CREDIT
c_005282,457832,CHASE,CREDIT
c_005283,492955,SBI,CREDIT
c_005284,515562,CHASE,DEBIT
c_005285,514706,ICICI,CREDIT
c_005286,493576,CHASE,DEBIT
c_005287,488487,SBI,CREDIT
c_005288,546123,HDFC,CREDIT
c_005289,522723,HDFC,DEBIT
c_005290,502140,CHASE,CREDIT
c_005291,427722,SBI,DEBIT
c_005292,552069,ICICI,DEBIT
c_005293,559178,SBI,DEBIT
c_005294,521286,HDFC,DEBIT
c_005295,418081,SBI,DEBIT
c_005296,425748,ICICI,CREDIT
c_005297,458348,ICICI,DEBIT
c_005298,514468,ICICI,CREDIT
c_005299,541451,CITI,CREDIT
c_005300,532185,ICICI,CREDIT
c_005301,517037,CHASE,DEBIT
c_005302,456418,CITI,DEBIT
c_005303,434497,CITI,DEBIT
c_005304,457946,CHASE,DEBIT
c_005305,557421,HDFC,DEBIT
c_005306,515763,SBI,DEBIT
c_005307,548729,SBI,CREDIT
c_005308,521099,HDFC,CREDIT
c_005309,447385,HDFC,DEBIT
c_005310,510473,ICICI,DEBIT
c_005311,408807,CHASE,CREDIT
c_005312,556772,HDFC,DEBIT
c_005313,401010,SBI,CREDIT
c_005314,449699,CHASE,CREDIT
c_005315,456515,CHASE,CREDIT
c_005316,476048,SBI,DEBIT
c_005317,442039,CITI,CREDIT
c_005318,554203,HDFC,CREDIT
c_005319,438628,ICICI,DEBIT
c_005320,414778,CHASE,DEBIT
c_005321,443293,CHASE,CREDIT
c_005322,531131,ICICI,CREDIT
c_005323,441211,CHASE,DEBIT
c_005324,532978,CHASE,CREDIT
c_005325,526459,HDFC,DEBIT
c_005326,557701,ICICI,DEBIT
c_005327,541664,SBI,DEBIT
c_005328,410352,HDFC,DEBIT
c_005329,554141,HDFC,DEBIT
c_005330,510885,ICICI,DEBIT
c_005331,489681,CITI,CREDIT
c_005332,524739,CHASE,CREDIT
c_005333,474366,CHASE,CREDIT
c_005334,544579,CHASE,DEBIT
c_005335,525680,ICICI,CREDIT
c_005336,521247,HDFC,DEBIT
c_005337,475836,SBI,CREDIT
c_005338,456779,ICICI,DEBIT
c_005339,475246,CHASE,CREDIT
c_005340,508294,CITI,CREDIT
c_005341,417054,SBI,CREDIT
c_005342,507693,ICICI,CREDIT
c_005343,431742,CHASE,CREDIT
c_005344,529782,ICICI,CREDIT
c_005345,417821,CITI,CREDIT
c_005346,428370,CHASE,CREDIT
c_005347,549128,CHASE,CREDIT
c_005348,548457,SBI,CREDIT
c_005349,485775,CHASE,DEBIT
c_005350,410951,ICICI,DEBIT
c_005351,517362,SBI,DEBIT
c_005352,447798,CITI,CREDIT
c_005353,471315,CITI,CREDIT
c_005354,436614,HDFC,DEBIT
c_005355,547837,ICICI,DEBIT
c_005356,433523,SBI,DEBIT
c_005357,469616,SBI,CREDIT
c_005358,525817,CITI,CREDIT
c_005359,451894,CHASE,DEBIT
c_005360,460254,CHASE,CREDIT
c_005361,508321,HDFC,CREDIT
c_005362,418372,SBI,DEBIT
c_005363,512628,SBI,DEBIT
c_005364,415051,ICICI,CREDIT
c_005365,412121,CITI,DEBIT
c_005366,457849,CHASE,DEBIT
c_005367,446907,CITI,DEBIT
c_005368,431944,HDFC,DEBIT
c_005369,494818,ICICI,CREDIT
c_005370,449857,CITI,DEBIT
c_005371,443567,CITI,CREDIT
c_005372,408634,HDFC,CREDIT
c_005373,548836,CHASE,DEBIT
c_005374,546012,SBI,DEBIT
c_005375,520813,CHASE,CREDIT
c_005376,451940,CITI,DEBIT
c_005377,543070,CHASE,DEBIT
c_005378,477085,CHASE,CREDIT
c_005379,520037,CITI,DEBIT
c_005380,413185,CHASE,DEBIT
c_005381,481449,SBI,CREDIT
c_005382,512968,CHASE,CREDIT
c_005383,559269,SBI,DEBIT
c_005384,513096,HDFC,CREDIT
c_005385,455145,CITI,CREDIT
c_005386,532529,ICICI,CREDIT
c_005387,404299,CITI,CREDIT
c_005388,487920,CITI,DEBIT
c_005389,487607,CHASE,DEBIT
c_005390,549648,CHASE,DEBIT
c_005391,498829,CHASE,DEBIT
c_005392,455237,ICICI,CREDIT
c_005393,517421,ICICI,CREDIT
c_005394,464237,SBI,CREDIT
c_005395,541635,CITI,DEBIT
c_005396,524145,HDFC,CREDIT
c_005397,522558,ICICI,DEBIT
c_005398,463167,SBI,CREDIT
c_005399,512832,CHASE,CREDIT
c_005400,427618,HDFC,CREDIT
c_005401,426248,SBI,CREDIT
c_005402,422789,CITI,DEBIT
c_005403,499202,CITI,CREDIT
c_005404,444251,CITI,CREDIT
c_005405,536302,CITI,CREDIT
c_005406,444409,SBI,CREDIT
c_005407,558353,SBI,DEBIT
c_005408,464437,CITI,CREDIT
c_005409,421858,CITI,CREDIT
c_005410,484937,CHASE,DEBIT
c_005411,460174,SBI,CREDIT
c_005412,412333,CITI,DEBIT
c_005413,461691,HDFC,DEBIT
c_005414,542725,HDFC,DEBIT
c_005415,503557,CITI,DEBIT
c_005416,470216,CHASE,CREDIT
c_005417,553515,HDFC,DEBIT
c_005418,453343,CHASE,CREDIT
c_005419,557933,ICICI,DEBIT
c_005420,423870,ICICI,DEBIT
c_005421,407288,HDFC,CREDIT
c_005422,456377,HDFC,CREDIT
c_005423,447285,HDFC,DEBIT
c_005424,440183,ICICI,DEBIT
c_005425,495371,ICICI,DEBIT
c_005426,419187,ICICI,DEBIT
c_005427,503541,ICICI,DEBIT
c_005428,476307,HDFC,DEBIT
c_005429,420853,ICICI,CREDIT
c_005430,411927,ICICI,DEBIT
c_005431,432032,CITI,CREDIT
c_005432,526853,ICICI,DEBIT
c_005433,429464,ICICI,CREDIT
c_005434,558438,HDFC,DEBIT
c_005435,425607,CHASE,CREDIT
c_005436,483938,CHASE,DEBIT
c_005437,402045,HDFC,DEBIT
c_005438,552524,HDFC,CREDIT
c_005439,498623,SBI,DEBIT
c_005440,445656,SBI,CREDIT
c_005441,538831,ICICI,CREDIT
c_005442,457335,CITI,CREDIT
c_005443,429814,SBI,DEBIT
c_005444,481950,SBI,CREDIT
c_005445,479808,CHASE,DEBIT
c_005446,429770,CHASE,DEBIT
c_005447,544821,CHASE,DEBIT
c_005448,434963,CHASE,DEBIT
c_005449,539732,ICICI,DEBIT
c_005450,466719,HDFC,DEBIT
c_005451,462237,CITI,DEBIT
c_005452,542951,ICICI,CREDIT
c_005453,548871,HDFC,DEBIT
c_005454,453712,ICICI,DEBIT
c_005455,499729,HDFC,DEBIT
c_005456,498214,CITI,DEBIT
c_005457,446648,SBI,DEBIT
c_005458,543231,ICICI,DEBIT
c_005459,491829,ICICI,CREDIT
c_005460,500763,ICICI,CREDIT
c_005461,438680,HDFC,DEBIT
c_005462,423136,ICICI,DEBIT
c_005463,425880,CHASE,CREDIT
c_005464,547849,SBI,CREDIT
c_005465,443417,CITI,DEBIT
c_005466,443900,CHASE,CREDIT
c_005467,406965,HDFC,DEBIT
c_005468,505091,CHASE,DEBIT
c_005469,429606,CHASE,CREDIT
c_005470,540775,CHASE,DEBIT
c_005471,556710,HDFC,DEBIT
c_005472,483849,HDFC,CREDIT
c_005473,449493,CITI,CREDIT
c_005474,467263,ICICI,CREDIT
c_005475,515978,ICICI,DEBIT
c_005476,444730,ICICI,DEBIT
c_005477,550306,SBI,DEBIT
c_005478,526701,SBI,DEBIT
c_005479,406070,SBI,DEBIT
c_005480,494637,ICICI,DEBIT
c_005481,559471,CITI,CREDIT
c_005482,419466,HDFC,CREDIT
c_005483,407200,CHASE,CREDIT
c_005484,483815,HDFC,CREDIT
c_005485,531544,SBI,DEBIT
c_005486,543588,SBI,CREDIT
c_005487,528290,CHASE,DEBIT
c_005488,460996,CHASE,CREDIT
c_005489,514337,CHASE,CREDIT
c_005490,412979,HDFC,DEBIT
c_005491,406211,CHASE,CREDIT
c_005492,471460,SBI,DEBIT
c_005493,489061,CITI,DEBIT
c_005494,484392,SBI,DEBIT
c_005495,422075,CHASE,DEBIT
c_005496,515832,ICICI,CREDIT
c_005497,555960,CHASE,DEBIT
c_005498,436056,CITI,DEBIT
c_005499,548034,HDFC,DEBIT
c_005500,543430,ICICI,DEBIT
c_005501,402852,SBI,DEBIT
c_005502,423590,ICICI,DEBIT
c_005503,450666,SBI,DEBIT
c_005504,511982,ICICI,CREDIT
c_005505,540027,HDFC,DEBIT
c_005506,556378,HDFC,CREDIT
c_005507,407725,ICICI,CREDIT
c_005508,410867,CHASE,CREDIT
c_005509,416833,HDFC,CREDIT
c_005510,471608,CHASE,DEBIT
c_005511,423256,CHASE,DEBIT
c_005512,502990,SBI,CREDIT
c_005513,515325,CITI,CREDIT
c_005514,533749,CITI,CREDIT
c_005515,451181,HDFC,DEBIT
c_005516,466746,HDFC,CREDIT
c_005517,558378,HDFC,CREDIT
c_005518,478056,CITI,DEBIT
c_005519,464606,CITI,DEBIT
c_005520,551401,HDFC,DEBIT
c_005521,426161,SBI,CREDIT
c_005522,506659,CHASE,CREDIT
c_005523,521824,CHASE,CREDIT
c_005524,418671,CITI,CREDIT
c_005525,433881,SBI,CREDIT
c_005526,407598,HDFC,CREDIT
c_005527,410226,CITI,DEBIT
c_005528,424787,CHASE,CREDIT
c_005529,480327,SBI,DEBIT
c_005530,526660,CHASE,DEBIT
c_005531,433799,ICICI,DEBIT
c_005532,545521,HDFC,CREDIT
c_005533,491752,ICICI,CREDIT
c_005534,518519,CITI,DEBIT
c_005535,515455,CHASE,DEBIT
c_005536,484566,ICICI,DEBIT
c_005537,415550,CITI,CREDIT
c_005538,554155,ICICI,CREDIT
c_005539,537398,CITI,CREDIT
c_005540,461792,SBI,CREDIT
c_005541,445783,CHASE,DEBIT
c_005542,559300,ICICI,DEBIT
c_005543,488984,CHASE,DEBIT
c_005544,442836,SBI,DEBIT
c_005545,463616,CITI,CREDIT
c_005546,511067,ICICI,CREDIT
c_005547,500695,SBI,CREDIT
c_005548,469878,ICICI,CREDIT
c_005549,465132,CITI,DEBIT
c_005550,483648,CHASE,CREDIT
c_005551,434306,ICICI,DEBIT
c_005552,544984,CITI,CREDIT
c_005553,519006,CHASE,DEBIT
c_005554,440768,CHASE,DEBIT
c_005555,487422,ICICI,DEBIT
c_005556,481720,HDFC,CREDIT
c_005557,441428,HDFC,DEBIT
c_005558,507744,CHASE,DEBIT
c_005559,464446,SBI,DEBIT
c_005560,430589,SBI,DEBIT
c_005561,424082,SBI,CREDIT
c_005562,451444,SBI,CREDIT
c_005563,446413,CHASE,DEBIT
c_005564,505159,ICICI,CREDIT
c_005565,447696,ICICI,DEBIT
c_005566,495535,CHASE,DEBIT
c_005567,474268,SBI,CREDIT
c_005568,495369,SBI,DEBIT
c_005569,480342,ICICI,CREDIT
c_005570,476150,ICICI,DEBIT
c_005571,420315,HDFC,CREDIT
c_005572,489006,SBI,CREDIT
c_005573,476815,CITI,CREDIT
c_005574,525318,SBI,DEBIT
c_005575,421247,CITI,CREDIT
c_005576,447089,SBI,CREDIT
c_005577,462295,CITI,DEBIT
c_005578,496229,HDFC,DEBIT
c_005579,429161,HDFC,CREDIT
c_005580,471594,CHASE,DEBIT
c_005581,465975,CHASE,CREDIT
c_005582,446670,CITI,CREDIT
c_005583,445489,SBI,CREDIT
c_005584,453555,SBI,DEBIT
c_005585,538493,CHASE,CREDIT
c_005586,549400,HDFC,CREDIT
c_005587,462879,HDFC,DEBIT
c_005588,521822,SBI,DEBIT
c_005589,468443,SBI,DEBIT
c_005590,538682,ICICI,CREDIT
c_005591,525857,CITI,DEBIT
c_005592,461501,HDFC,CREDIT
c_005593,522037,CITI,DEBIT
c_005594,468177,SBI,DEBIT
c_005595,419980,HDFC,DEBIT
c_005596,436782,SBI,CREDIT
c_005597,478606,ICICI,CREDIT
c_005598,540266,CHASE,DEBIT
c_005599,480881,ICICI,DEBIT
c_005600,418615,SBI,CREDIT
c_005601,403472,CHASE,CREDIT
c_005602,554753,CHASE,DEBIT
c_005603,406942,CHASE,CREDIT
c_005604,463529,CHASE,CREDIT
c_005605,559157,HDFC,DEBIT
c_005606,416740,CITI,CREDIT
c_005607,556689,HDFC,CREDIT
c_005608,488648,HDFC,CREDIT
c_005609,420323,SBI,CREDIT
c_005610,421895,SBI,DEBIT
c_005611,426837,HDFC,DEBIT
c_005612,483472,HDFC,DEBIT
c_005613,450072,HDFC,CREDIT
c_005614,411560,HDFC,CREDIT
c_005615,413815,ICICI,CREDIT
c_005616,443268,CITI,CREDIT
c_005617,534070,ICICI,DEBIT
c_005618,429575,ICICI,DEBIT
c_005619,545276,CHASE,DEBIT
c_005620,469277,CITI,CREDIT
c_005621,436964,SBI,DEBIT
c_005622,521135,CITI,CREDIT
c_005623,499805,CITI,CREDIT
c_005624,532449,SBI,DEBIT
c_005625,408498,HDFC,DEBIT
c_005626,474951,HDFC,CREDIT
c_005627,470696,ICICI,CREDIT
c_005628,502827,HDFC,CREDIT
c_005629,458415,CHASE,DEBIT
c_005630,464668,CITI,CREDIT
c_005631,417754,SBI,CREDIT
c_005632,444474,CITI,CREDIT
c_005633,557017,CITI,CREDIT
c_005634,519788,SBI,CREDIT
c_005635,514508,ICICI,CREDIT
c_005636,559594,CITI,DEBIT
c_005637,555460,ICICI,DEBIT
c_005638,489132,SBI,CREDIT
c_005639,525268,CITI,CREDIT
c_005640,557500,CITI,DEBIT
c_005641,502223,CHASE,CREDIT
c_005642,404159,CHASE,CREDIT
c_005643,426137,HDFC,CREDIT
c_005644,553781,ICICI,CREDIT
c_005645,540374,HDFC,CREDIT
c_005646,401164,SBI,DEBIT
c_005647,549369,HDFC,DEBIT
c_005648,489391,CHASE,DEBIT
c_005649,434961,CITI,CREDIT
c_005650,544582,CHASE,CREDIT
c_005651,511551,HDFC,CREDIT
c_005652,455437,SBI,CREDIT
c_005653,522684,CHASE,DEBIT
c_005654,527446,SBI,DEBIT
c_005655,444934,HDFC,DEBIT
c_005656,423226,CITI,CREDIT
c_005657,433955,CHASE,DEBIT
c_005658,435855,CHASE,CREDIT
c_005659,474897,HDFC,DEBIT
c_005660,434250,SBI,CREDIT
c_005661,552679,SBI,DEBIT
c_005662,531520,SBI,DEBIT
c_005663,484318,CHASE,CREDIT
c_005664,463020,SBI,DEBIT
c_005665,472461,ICICI,CREDIT
c_005666,518792,CITI,CREDIT
c_005667,409979,CHASE,CREDIT
c_005668,495032,SBI,CREDIT
c_005669,458591,CHASE,CREDIT
c_005670,546834,SBI,DEBIT
c_005671,486575,HDFC,DEBIT
c_005672,444704,SBI,CREDIT
c_005673,509919,CHASE,DEBIT
c_005674,421572,CHASE,CREDIT
c_005675,444537,ICICI,CREDIT
c_005676,554399,ICICI,CREDIT
c_005677,547484,CHASE,CREDIT
c_005678,442495,ICICI,CREDIT
c_005679,530115,SBI,DEBIT
c_005680,437279,HDFC,DEBIT
c_005681,535530,SBI,CREDIT
c_005682,409973,CHASE,DEBIT
c_005683,415427,CITI,CREDIT
c_005684,423508,SBI,DEBIT
c_005685,433791,SBI,DEBIT
c_005686,508750,CITI,CREDIT
c_005687,523151,SBI,DEBIT
c_005688,542437,SBI,DEBIT
c_005689,452878,CITI,CREDIT
c_005690,498334,ICICI,CREDIT
c_005691,442211,CITI,CREDIT
c_005692,509374,HDFC,CREDIT
c_005693,434299,CHASE,DEBIT
c_005694,405705,SBI,DEBIT
c_005695,533987,SBI,DEBIT
c_005696,405877,CHASE,DEBIT
c_005697,453606,SBI,CREDIT
c_005698,419983,HDFC,CREDIT
c_005699,537776,CHASE,DEBIT
c_005700,517656,ICICI,DEBIT
c_005701,500243,SBI,DEBIT
c_005702,457281,CITI,DEBIT
c_005703,475197,HDFC,DEBIT
c_005704,526081,HDFC,CREDIT
c_005705,412653,ICICI,DEBIT
c_005706,460661,HDFC,CREDIT
c_005707,476513,SBI,DEBIT
c_005708,538711,SBI,DEBIT
c_005709,510005,CHASE,DEBIT
c_005710,447378,HDFC,DEBIT
c_005711,422848,ICICI,CREDIT
c_005712,545050,CITI,DEBIT
c_005713,441509,HDFC,DEBIT
c_005714,552135,ICICI,CREDIT
c_005715,527276,CHASE,CREDIT
c_005716,519979,CHASE,CREDIT
c_005717,462958,CHASE,CREDIT
c_005718,519574,CHASE,CREDIT
c_005719,493606,SBI,CREDIT
c_005720,486723,CITI,DEBIT
c_005721,454533,SBI,DEBIT
c_005722,486723,SBI,DEBIT
c_005723,493907,HDFC,DEBIT
c_005724,413244,ICICI,CREDIT
c_005725,453560,CITI,CREDIT
c_005726,497377,ICICI,DEBIT
c_005727,412927,CITI,DEBIT
c_005728,450368,ICICI,DEBIT
c_005729,421560,ICICI,CREDIT
c_005730,418306,SBI,CREDIT
c_005731,488175,HDFC,CREDIT
c_005732,405986,ICICI,CREDIT
c_005733,465640,HDFC,CREDIT
c_005734,436336,CHASE,DEBIT
c_005735,501058,CHASE,CREDIT
c_005736,427819,SBI,DEBIT
c_005737,477844,SBI,CREDIT
c_005738,514551,ICICI,DEBIT
c_005739,510117,SBI,DEBIT
c_005740,466840,ICICI,CREDIT
c_005741,551754,CHASE,DEBIT
c_005742,414295,ICICI,CREDIT
c_005743,414071,CHASE,CREDIT
c_005744,525301,ICICI,CREDIT
c_005745,443969,HDFC,DEBIT
c_005746,460002,SBI,DEBIT
c_005747,519000,CHASE,DEBIT
c_005748,442154,SBI,DEBIT
c_005749,540774,SBI,DEBIT
c_005750,555121,CITI,CREDIT
c_005751,558164,SBI,DEBIT
c_005752,500687,SBI,DEBIT
c_005753,553086,SBI,CREDIT
c_005754,503175,SBI,CREDIT
c_005755,513392,SBI,CREDIT
c_005756,437848,ICICI,DEBIT
c_005757,407909,SBI,DEBIT
c_005758,497098,ICICI,CREDIT
c_005759,440949,CITI,CREDIT
c_005760,529896,CITI,CREDIT
c_005761,486568,SBI,CREDIT
c_005762,402447,HDFC,CREDIT
c_005763,527944,CITI,CREDIT
c_005764,411810,HDFC,CREDIT
c_005765,498500,CHASE,DEBIT
c_005766,459902,CHASE,CREDIT
c_005767,437552,SBI,DEBIT
c_005768,433600,CITI,DEBIT
c_005769,415019,SBI,DEBIT
c_005770,520960,CHASE,DEBIT
c_005771,529836,ICICI,CREDIT
c_005772,510980,HDFC,DEBIT
c_005773,427746,CHASE,DEBIT
c_005774,458080,SBI,DEBIT
c_005775,527749,CITI,DEBIT
c_005776,423016,CHASE,CREDIT
c_005777,491763,CHASE,CREDIT
c_005778,446527,CHASE,CREDIT
c_005779,475649,ICICI,DEBIT
c_005780,432899,CITI,CREDIT
c_005781,528420,CITI,CREDIT
c_005782,423674,SBI,DEBIT
c_005783,510861,CHASE,DEBIT
c_005784,491101,SBI,CREDIT
c_005785,428786,SBI,CREDIT
c_005786,509020,CHASE,DEBIT
c_005787,510459,CHASE,CREDIT
c_005788,411311,CITI,DEBIT
c_005789,510251,ICICI,CREDIT
c_005790,465767,CHASE,DEBIT
c_005791,489557,CITI,CREDIT
c_005792,482204,HDFC,CREDIT
c_005793,430557,HDFC,DEBIT
c_005794,454276,CITI,CREDIT
c_005795,508875,ICICI,DEBIT
c_005796,434524,SBI,CREDIT
c_005797,419566,CITI,DEBIT
c_005798,497830,CHASE,CREDIT
c_005799,417662,CITI,DEBIT
c_005800,421371,ICICI,CREDIT
c_005801,548768,CHASE,CREDIT
c_005802,546287,CHASE,CREDIT
c_005803,545082,SBI,CREDIT
c_005804,549702,CITI,CREDIT
c_005805,451956,HDFC,CREDIT
c_005806,458842,HDFC,CREDIT
c_005807,442476,CHASE,DEBIT
c_005808,468123,ICICI,CREDIT
c_005809,549606,ICICI,DEBIT
c_005810,491106,CITI,DEBIT
c_005811,510613,SBI,DEBIT
c_005812,461619,HDFC,DEBIT
c_005813,435164,CHASE,CREDIT
c_005814,506264,CITI,DEBIT
c_005815,428992,CHASE,CREDIT
c_005816,453424,HDFC,DEBIT
c_005817,549597,CITI,CREDIT
c_005818,463888,CHASE,DEBIT
c_005819,537406,SBI,CREDIT
c_005820,459302,CHASE,DEBIT
c_005821,510116,ICICI,DEBIT
c_005822,450501,HDFC,CREDIT
c_005823,449430,SBI,CREDIT
c_005824,523325,ICICI,CREDIT
c_005825,528537,CHASE,CREDIT
c_005826,502653,CITI,CREDIT
c_005827,443568,CITI,CREDIT
c_005828,417008,HDFC,CREDIT
c_005829,402201,HDFC,DEBIT
c_005830,441771,CHASE,DEBIT
c_005831,404840,ICICI,DEBIT
c_005832,480881,CITI,DEBIT
c_005833,516520,SBI,CREDIT
c_005834,454268,SBI,DEBIT
c_005835,460101,SBI,CREDIT
c_005836,421197,HDFC,DEBIT
c_005837,403372,ICICI,DEBIT
c_005838,512529,CITI,CREDIT
c_005839,532533,CHASE,DEBIT
c_005840,417591,CITI,CREDIT
c_005841,452394,HDFC,DEBIT
c_005842,424611,ICICI,DEBIT
c_005843,522324,CHASE,DEBIT
c_005844,454813,CHASE,CREDIT
c_005845,500909,CHASE,DEBIT
c_005846,502834,CITI,CREDIT
c_005847,525871,ICICI,DEBIT
c_005848,464556,ICICI,CREDIT
c_005849,485555,CITI,CREDIT
c_005850,488155,HDFC,DEBIT
c_005851,452704,CHASE,DEBIT
c_005852,445359,CITI,CREDIT
c_005853,408091,ICICI,CREDIT
c_005854,494693,ICICI,CREDIT
c_005855,451887,HDFC,DEBIT
c_005856,440711,SBI,CREDIT
c_005857,433067,CHASE,CREDIT
c_005858,508672,CHASE,DEBIT
c_005859,552580,SBI,DEBIT
c_005860,465411,HDFC,CREDIT
c_005861,505593,CITI,CREDIT
c_005862,545607,HDFC,CREDIT
c_005863,417579,ICICI,CREDIT
c_005864,486445,ICICI,CREDIT
c_005865,476574,CITI,DEBIT
c_005866,531202,SBI,DEBIT
c_005867,557127,CITI,DEBIT
c_005868,533084,CITI,DEBIT
c_005869,401042,HDFC,CREDIT
c_005870,431668,SBI,CREDIT
c_005871,515793,CHASE,CREDIT
c_005872,470319,CITI,DEBIT
c_005873,464511,CHASE,DEBIT
c_005874,507009,SBI,CREDIT
c_005875,508509,SBI,DEBIT
c_005876,533206,ICICI,DEBIT
c_005877,501378,HDFC,CREDIT
c_005878,470488,CITI,DEBIT
c_005879,434351,CITI,CREDIT
c_005880,547298,SBI,CREDIT
c_005881,449731,SBI,CREDIT
c_005882,520066,CHASE,CREDIT
c_005883,503569,HDFC,DEBIT
c_005884,542169,CITI,CREDIT
c_005885,489983,SBI,DEBIT
c_005886,408903,CITI,DEBIT
c_005887,496338,CITI,CREDIT
c_005888,504930,CHASE,DEBIT
c_005889,437131,ICICI,CREDIT
c_005890,554967,ICICI,CREDIT
c_005891,404001,HDFC,CREDIT
c_005892,422796,ICICI,CREDIT
c_005893,408045,CHASE,CREDIT
c_005894,427807,CITI,CREDIT
c_005895,460225,CHASE,DEBIT
c_005896,539212,CHASE,DEBIT
c_005897,514908,ICICI,DEBIT
c_005898,436662,HDFC,DEBIT
c_005899,456272,CITI,DEBIT
c_005900,417482,ICICI,DEBIT
c_005901,551477,CITI,CREDIT
c_005902,503813,CHASE,CREDIT
c_005903,457629,CHASE,DEBIT
c_005904,404574,ICICI,CREDIT
c_005905,458601,SBI,CREDIT
c_005906,531933,ICICI,CREDIT
c_005907,494790,CHASE,CREDIT
c_005908,400251,CHASE,DEBIT
c_005909,551861,HDFC,CREDIT
c_005910,506333,SBI,CREDIT
c_005911,475235,ICICI,CREDIT
c_005912,528219,CHASE,DEBIT
c_005913,483269,SBI,CREDIT
c_005914,518119,ICICI,DEBIT
c_005915,419895,CHASE,CREDIT
c_005916,556497,HDFC,CREDIT
c_005917,470922,CHASE,CREDIT
c_005918,463199,HDFC,CREDIT
c_005919,535655,CITI,CREDIT
c_005920,539932,HDFC,DEBIT
c_005921,442160,SBI,DEBIT
c_005922,424777,ICICI,DEBIT
c_005923,510735,CHASE,DEBIT
c_005924,482899,SBI,CREDIT
c_005925,533271,HDFC,DEBIT
c_005926,547731,SBI,DEBIT
c_005927,480178,HDFC,DEBIT
c_005928,477039,CHASE,DEBIT
c_005929,482702,CITI,CREDIT
c_005930,403406,HDFC,DEBIT
c_005931,418439,CITI,DEBIT
c_005932,409154,CHASE,DEBIT
c_005933,536066,CITI,CREDIT
c_005934,467536,CHASE,CREDIT
c_005935,460763,SBI,CREDIT
c_005936,474201,ICICI,CREDIT
c_005937,550065,ICICI,DEBIT
c_005938,545351,CITI,CREDIT
c_005939,427429,ICICI,DEBIT
c_005940,550569,CITI,CREDIT
c_005941,550795,CHASE,CREDIT
c_005942,417742,CITI,DEBIT
c_005943,437604,HDFC,DEBIT
c_005944,403479,SBI,CREDIT
c_005945,432991,CITI,CREDIT
c_005946,445912,SBI,DEBIT
c_005947,427148,HDFC,DEBIT
c_005948,451463,SBI,CREDIT
c_005949,403775,CITI,CREDIT
c_005950,443529,CITI,CREDIT
c_005951,416529,ICICI,CREDIT
c_005952,548037,CHASE,DEBIT
c_005953,459839,ICICI,DEBIT
c_005954,546229,CITI,CREDIT
c_005955,509769,CHASE,CREDIT
c_005956,512775,HDFC,CREDIT
c_005957,443337,CITI,CREDIT
c_005958,418621,ICICI,CREDIT
c_005959,404376,ICICI,CREDIT
c_005960,544208,ICICI,CREDIT
c_005961,475175,SBI,DEBIT
c_005962,405596,CITI,DEBIT
c_005963,533833,ICICI,CREDIT
c_005964,462604,ICICI,DEBIT
c_005965,517366,HDFC,DEBIT
c_005966,500880,CHASE,DEBIT
c_005967,533640,ICICI,DEBIT
c_005968,523711,HDFC,CREDIT
c_005969,480980,CITI,DEBIT
c_005970,544423,SBI,DEBIT
c_005971,458317,ICICI,DEBIT
c_005972,420363,CHASE,CREDIT
c_005973,414805,SBI,CREDIT
c_005974,517722,CHASE,CREDIT
c_005975,529313,HDFC,DEBIT
c_005976,546455,CITI,DEBIT
c_005977,408747,ICICI,DEBIT
c_005978,440916,CITI,CREDIT
c_005979,483778,CHASE,CREDIT
c_005980,408780,SBI,DEBIT
c_005981,462449,HDFC,DEBIT
c_005982,509483,HDFC,CREDIT
c_005983,514794,CHASE,CREDIT
c_005984,429036,CITI,DEBIT
c_005985,469805,CITI,CREDIT
c_005986,445866,CHASE,CREDIT
c_005987,489549,CHASE,DEBIT
c_005988,449635,CHASE,CREDIT
c_005989,551044,CHASE,CREDIT
c_005990,467833,SBI,DEBIT
c_005991,481048,SBI,DEBIT
c_005992,518648,SBI,DEBIT
c_005993,493177,CHASE,CREDIT
c_005994,477901,CITI,DEBIT
c_005995,484708,ICICI,CREDIT
c_005996,558215,CITI,DEBIT
c_005997,429491,CITI,CREDIT
c_005998,427322,HDFC,DEBIT
c_005999,482489,CHASE,CREDIT
c_006000,465445,ICICI,CREDIT
c_006001,419547,SBI,CREDIT
c_006002,512151,SBI,CREDIT
c_006003,529615,HDFC,CREDIT
c_006004,415803,CHASE,DEBIT
c_006005,559519,CITI,DEBIT
c_006006,532121,ICICI,DEBIT
c_006007,552801,ICICI,CREDIT
c_006008,513748,SBI,DEBIT
c_006009,446524,CHASE,CREDIT
c_006010,533469,CHASE,DEBIT
c_006011,465175,SBI,CREDIT
c_006012,498781,ICICI,DEBIT
c_006013,454150,CITI,DEBIT
c_006014,464018,SBI,CREDIT
c_006015,436282,SBI,CREDIT
c_006016,518507,HDFC,CREDIT
c_006017,420219,SBI,CREDIT
c_006018,523341,CITI,DEBIT
c_006019,505494,ICICI,DEBIT
c_006020,453091,ICICI,CREDIT
c_006021,438101,CHASE,DEBIT
c_006022,498968,HDFC,CREDIT
c_006023,442127,CITI,CREDIT
c_006024,552044,CHASE,CREDIT
c_006025,526196,CHASE,DEBIT
c_006026,456518,CHASE,DEBIT
c_006027,454818,CITI,CREDIT
c_006028,473166,CHASE,CREDIT
c_006029,448606,CHASE,DEBIT
c_006030,549631,ICICI,DEBIT
c_006031,440636,ICICI,CREDIT
c_006032,423665,ICICI,DEBIT
c_006033,436568,CITI,DEBIT
c_006034,502696,ICICI,CREDIT
c_006035,463085,CITI,CREDIT
c_006036,424849,CITI,CREDIT
c_006037,471978,SBI,CREDIT
c_006038,472929,HDFC,DEBIT
c_006039,483439,CITI,DEBIT
c_006040,422423,SBI,DEBIT
c_006041,413412,ICICI,CREDIT
c_006042,505470,ICICI,DEBIT
c_006043,453221,ICICI,DEBIT
c_006044,513008,CHASE,DEBIT
c_006045,485559,SBI,DEBIT
c_006046,480832,CHASE,CREDIT
c_006047,494447,CHASE,DEBIT
c_006048,511839,CITI,CREDIT
c_006049,436511,HDFC,DEBIT
c_006050,438734,SBI,DEBIT
c_006051,537496,CHASE,DEBIT
c_006052,541530,CHASE,CREDIT
c_006053,501170,SBI,DEBIT
c_006054,478133,CHASE,CREDIT
c_006055,413248,CITI,DEBIT
c_006056,455286,HDFC,DEBIT
c_006057,494765,CITI,CREDIT
c_006058,446423,CITI,CREDIT
c_006059,503562,CHASE,DEBIT
c_006060,503004,ICICI,DEBIT
c_006061,503973,ICICI,DEBIT
c_006062,404311,CITI,CREDIT
c_006063,501566,HDFC,DEBIT
c_006064,522968,ICICI,CREDIT
c_006065,439911,CITI,DEBIT
c_006066,461765,ICICI,CREDIT
c_006067,481683,CITI,DEBIT
c_006068,535152,SBI,CREDIT
c_006069,473737,CITI,DEBIT
c_006070,423672,CHASE,DEBIT
c_006071,466617,ICICI,DEBIT
c_006072,459962,HDFC,DEBIT
c_006073,425669,CHASE,CREDIT
c_006074,461569,CHASE,CREDIT
c_006075,446903,ICICI,CREDIT
c_006076,495114,SBI,CREDIT
c_006077,418971,SBI,DEBIT
c_006078,539833,SBI,CREDIT
c_006079,499185,ICICI,DEBIT
c_006080,550716,SBI,DEBIT
c_006081,427287,HDFC,CREDIT
c_006082,538162,CHASE,DEBIT
c_006083,409538,CHASE,CREDIT
c_006084,411471,HDFC,DEBIT
c_006085,502096,HDFC,CREDIT
c_006086,509796,CITI,DEBIT
c_006087,427237,CHASE,CREDIT
c_006088,487949,ICICI,DEBIT
c_006089,499545,ICICI,CREDIT
c_006090,472733,HDFC,DEBIT
c_006091,509160,CHASE,CREDIT
c_006092,543049,CITI,CREDIT
c_006093,483741,CHASE,DEBIT
c_006094,438666,HDFC,CREDIT
c_006095,491526,HDFC,DEBIT
c_006096,471776,ICICI,DEBIT
c_006097,537581,CITI,DEBIT
c_006098,490844,SBI,CREDIT
c_006099,403666,CHASE,DEBIT
c_006100,417739,HDFC,CREDIT
c_006101,444967,CITI,CREDIT
c_006102,406285,ICICI,DEBIT
c_006103,406693,SBI,DEBIT
c_006104,511581,CHASE,CREDIT
c_006105,424716,SBI,CREDIT
c_006106,461337,ICICI,DEBIT
c_006107,431996,CHASE,DEBIT
c_006108,466774,CHASE,CREDIT
c_006109,493541,SBI,DEBIT
c_006110,444749,CITI,DEBIT
c_006111,476731,CITI,DEBIT
c_006112,441055,HDFC,DEBIT
c_006113,533076,CITI,DEBIT
c_006114,493464,ICICI,DEBIT
c_006115,533434,CITI,CREDIT
c_006116,436357,HDFC,CREDIT
c_006117,502885,CITI,DEBIT
c_006118,431509,ICICI,CREDIT
c_006119,559194,CHASE,DEBIT
c_006120,487599,HDFC,CREDIT
c_006121,414954,CHASE,DEBIT
c_006122,435617,SBI,DEBIT
c_006123,460734,CITI,CREDIT
c_006124,462550,HDFC,DEBIT
c_006125,444240,SBI,DEBIT
c_006126,444141,CHASE,CREDIT
c_006127,557379,CHASE,DEBIT
c_006128,462838,CITI,DEBIT
c_006129,532599,SBI,CREDIT
c_006130,412392,ICICI,CREDIT
c_006131,503018,SBI,CREDIT
c_006132,455177,CITI,CREDIT
c_006133,440464,CITI,CREDIT
c_006134,537506,HDFC,DEBIT
c_006135,458920,HDFC,CREDIT
c_006136,466757,HDFC,CREDIT
c_006137,545915,CHASE,DEBIT
c_006138,433565,CITI,DEBIT
c_006139,535093,SBI,DEBIT
c_006140,487215,HDFC,CREDIT
c_006141,533996,CHASE,DEBIT
c_006142,487708,CITI,DEBIT
c_006143,482563,HDFC,DEBIT
c_006144,455418,CHASE,CREDIT
c_006145,444668,HDFC,DEBIT
c_006146,413627,CHASE,CREDIT
c_006147,475743,SBI,CREDIT
c_006148,550048,ICICI,DEBIT
c_006149,418801,CHASE,DEBIT
c_006150,526989,SBI,DEBIT
c_006151,407749,ICICI,CREDIT
c_006152,493466,CHASE,CREDIT
c_006153,538925,CHASE,CREDIT
c_006154,527602,ICICI,CREDIT
c_006155,477010,SBI,CREDIT
c_006156,506131,CHASE,DEBIT
c_006157,515994,ICICI,DEBIT
c_006158,503221,CHASE,DEBIT
c_006159,476594,CHASE,CREDIT
c_006160,427141,ICICI,DEBIT
c_006161,546362,HDFC,DEBIT
c_006162,450583,CHASE,DEBIT
c_006163,531352,ICICI,CREDIT
c_006164,434801,CITI,CREDIT
c_006165,401244,SBI,DEBIT
c_006166,552270,ICICI,CREDIT
c_006167,430662,CHASE,DEBIT
c_006168,435843,CHASE,CREDIT
c_006169,526655,CHASE,CREDIT
c_006170,434707,CHASE,CREDIT
c_006171,546968,SBI,DEBIT
c_006172,456892,HDFC,CREDIT
c_006173,451458,CHASE,CREDIT
c_006174,537164,HDFC,CREDIT
c_006175,482601,ICICI,CREDIT
c_006176,545090,HDFC,DEBIT
c_006177,488684,ICICI,CREDIT
c_006178,501049,SBI,DEBIT
c_006179,559859,CITI,DEBIT
c_006180,457727,HDFC,DEBIT
c_006181,493820,ICICI,CREDIT
c_006182,435559,CHASE,DEBIT
c_006183,536817,CITI,CREDIT
c_006184,449337,ICICI,CREDIT
c_006185,462059,SBI,DEBIT
c_006186,424377,HDFC,CREDIT
c_006187,557918,CHASE,CREDIT
c_006188,519353,SBI,CREDIT
c_006189,528304,ICICI,CREDIT
c_006190,521428,HDFC,CREDIT
c_006191,554262,CITI,DEBIT
c_006192,550974,CHASE,CREDIT
c_006193,539987,HDFC,CREDIT
c_006194,495576,CHASE,CREDIT
c_006195,550723,CHASE,CREDIT
c_006196,461083,CITI,CREDIT
c_006197,424665,HDFC,DEBIT
c_006198,465750,HDFC,CREDIT
c_006199,523244,ICICI,CREDIT
c_006200,541933,CITI,DEBIT
c_006201,413416,CITI,DEBIT
c_006202,476896,HDFC,CREDIT
c_006203,482253,CHASE,CREDIT
c_006204,456250,HDFC,CREDIT
c_006205,442348,HDFC,CREDIT
c_006206,518993,HDFC,CREDIT
c_006207,551040,CITI,DEBIT
c_006208,501503,SBI,CREDIT
c_006209,447458,ICICI,CREDIT
c_006210,464814,SBI,DEBIT
c_006211,431120,HDFC,CREDIT
c_006212,541040,SBI,CREDIT
c_006213,545734,CHASE,CREDIT
c_006214,428934,ICICI,CREDIT
c_006215,485902,CHASE,DEBIT
c_006216,543973,HDFC,DEBIT
c_006217,553838,HDFC,DEBIT
c_006218,528593,CITI,CREDIT
c_006219,443150,SBI,DEBIT
c_006220,505993,HDFC,CREDIT
c_006221,426193,SBI,CREDIT
c_006222,496445,ICICI,CREDIT
c_006223,459483,HDFC,CREDIT
c_006224,456231,CHASE,CREDIT
c_006225,453268,HDFC,CREDIT
c_006226,496576,CITI,CREDIT
c_006227,529504,HDFC,CREDIT
c_006228,432311,CHASE,CREDIT
c_006229,466917,CITI,DEBIT
c_006230,471036,SBI,DEBIT
c_006231,401252,HDFC,CREDIT
c_006232,409492,CHASE,CREDIT
c_006233,507557,HDFC,DEBIT
c_006234,462506,HDFC,DEBIT
c_006235,510836,SBI,DEBIT
c_006236,516531,CITI,CREDIT
c_006237,441656,CITI,CREDIT
c_006238,537377,ICICI,DEBIT
c_006239,547276,CITI,CREDIT
c_006240,480086,ICICI,CREDIT
c_006241,454036,SBI,CREDIT
c_006242,554321,CHASE,DEBIT
c_006243,498260,HDFC,CREDIT
c_006244,451093,CHASE,CREDIT
c_006245,484332,SBI,CREDIT
c_006246,496003,CITI,CREDIT
c_006247,546877,ICICI,CREDIT
c_006248,417544,HDFC,CREDIT
c_006249,449155,CITI,DEBIT
c_006250,492957,CITI,DEBIT
c_006251,512764,CHASE,CREDIT
c_006252,431554,CITI,CREDIT
c_006253,451128,CHASE,DEBIT
c_006254,428001,CHASE,CREDIT
c_006255,458824,HDFC,CREDIT
c_006256,416060,ICICI,CREDIT
c_006257,498833,HDFC,DEBIT
c_006258,476943,HDFC,DEBIT
c_006259,426110,CHASE,CREDIT
c_006260,529552,CHASE,CREDIT
c_006261,438708,CHASE,DEBIT
c_006262,514771,HDFC,DEBIT
c_006263,517409,CITI,CREDIT
c_006264,426892,CHASE,CREDIT
c_006265,455834,SBI,DEBIT
c_006266,507593,SBI,DEBIT
c_006267,520198,ICICI,DEBIT
c_006268,477099,ICICI,DEBIT
c_006269,527685,CHASE,CREDIT
c_006270,504238,ICICI,DEBIT
c_006271,514924,HDFC,DEBIT
c_006272,491158,SBI,DEBIT
c_006273,418838,CHASE,DEBIT
c_006274,550615,HDFC,CREDIT
c_006275,533765,SBI,CREDIT
c_006276,471489,CHASE,DEBIT
c_006277,487939,CHASE,DEBIT
c_006278,474123,CHASE,CREDIT
c_006279,534315,ICICI,DEBIT
c_006280,453520,CHASE,DEBIT
c_006281,502440,HDFC,CREDIT
c_006282,491991,HDFC,DEBIT
c_006283,502988,HDFC,DEBIT
c_006284,467467,HDFC,CREDIT
c_006285,459358,HDFC,DEBIT
c_006286,440561,HDFC,CREDIT
c_006287,500631,CHASE,CREDIT
c_006288,506416,SBI,CREDIT
c_006289,401115,SBI,DEBIT
c_006290,446860,SBI,DEBIT
c_006291,429863,CHASE,CREDIT
c_006292,458000,SBI,DEBIT
c_006293,443690,CITI,CREDIT
c_006294,419209,CHASE,DEBIT
c_006295,495864,CITI,DEBIT
c_006296,462851,CITI,DEBIT
c_006297,487275,CHASE,DEBIT
c_006298,448966,HDFC,DEBIT
c_006299,499133,CHASE,CREDIT
c_006300,477755,SBI,CREDIT
c_006301,497593,ICICI,CREDIT
c_006302,428891,SBI,DEBIT
c_006303,407909,CHASE,DEBIT
c_006304,491168,SBI,CREDIT
c_006305,402201,SBI,DEBIT
c_006306,497905,HDFC,CREDIT
c_006307,539356,CHASE,CREDIT
c_006308,475836,HDFC,DEBIT
c_006309,450056,SBI,CREDIT
c_006310,445438,SBI,CREDIT
c_006311,556421,ICICI,CREDIT
c_006312,464620,SBI,CREDIT
c_006313,406541,HDFC,CREDIT
c_006314,449043,SBI,CREDIT
c_006315,416491,SBI,DEBIT
c_006316,526502,CITI,CREDIT
c_006317,495218,HDFC,DEBIT
c_006318,524419,CITI,CREDIT
c_006319,554130,SBI,DEBIT
c_006320,417541,ICICI,CREDIT
c_006321,451874,SBI,CREDIT
c_006322,487616,CITI,DEBIT
c_006323,417337,CITI,CREDIT
c_006324,510915,ICICI,DEBIT
c_006325,451736,SBI,CREDIT
c_006326,423377,CHASE,CREDIT
c_006327,498751,HDFC,CREDIT
c_006328,438980,CHASE,CREDIT
c_006329,465080,ICICI,DEBIT
c_006330,433425,SBI,CREDIT
c_006331,410256,CITI,DEBIT
c_006332,400632,HDFC,CREDIT
c_006333,538418,HDFC,DEBIT
c_006334,552792,CHASE,DEBIT
c_006335,546373,CITI,CREDIT
c_006336,411419,CITI,CREDIT
c_006337,464555,CHASE,CREDIT
c_006338,545176,HDFC,DEBIT
c_006339,505342,CITI,DEBIT
c_006340,527803,CITI,DEBIT
c_006341,402172,HDFC,DEBIT
c_006342,484837,CITI,DEBIT
c_006343,486428,CITI,DEBIT
c_006344,543263,HDFC,CREDIT
c_006345,404214,ICICI,DEBIT
c_006346,474087,HDFC,CREDIT
c_006347,408737,CITI,DEBIT
c_006348,412641,SBI,CREDIT
c_006349,458027,SBI,CREDIT
c_006350,555008,CITI,DEBIT
c_006351,448333,HDFC,DEBIT
c_006352,417953,HDFC,CREDIT
c_006353,508748,CITI,CREDIT
c_006354,509581,HDFC,DEBIT
c_006355,419683,ICICI,CREDIT
c_006356,512765,CHASE,CREDIT
c_006357,467706,ICICI,DEBIT
c_006358,439067,SBI,DEBIT
c_006359,503950,ICICI,DEBIT
c_006360,519809,SBI,CREDIT
c_006361,553298,SBI,DEBIT
c_006362,445131,CHASE,DEBIT
c_006363,551709,ICICI,DEBIT
c_006364,464144,ICICI,DEBIT
c_006365,468083,CHASE,CREDIT
c_006366,509380,SBI,CREDIT
c_006367,431452,CHASE,CREDIT
c_006368,492909,CHASE,DEBIT
c_006369,455333,HDFC,CREDIT
c_006370,550654,CITI,CREDIT
c_006371,415031,SBI,DEBIT
c_006372,531415,CITI,CREDIT
c_006373,476205,HDFC,CREDIT
c_006374,470954,SBI,DEBIT
c_006375,538507,CHASE,DEBIT
c_006376,547728,SBI,DEBIT
c_006377,434126,ICICI,DEBIT
c_006378,406020,CHASE,DEBIT
c_006379,471097,CITI,CREDIT
c_006380,501069,SBI,DEBIT
c_006381,448850,CHASE,DEBIT
c_006382,457034,CITI,CREDIT
c_006383,495168,CHASE,CREDIT
c_006384,484042,CITI,CREDIT
c_006385,431082,CITI,DEBIT
c_006386,484649,CITI,DEBIT
c_006387,551154,ICICI,CREDIT
c_006388,409473,CITI,DEBIT
c_006389,496729,SBI,CREDIT
c_006390,436898,CHASE,CREDIT
c_006391,548006,CITI,DEBIT
c_006392,554536,ICICI,DEBIT
c_006393,513605,CITI,CREDIT
c_006394,497750,CHASE,DEBIT
c_006395,446603,SBI,CREDIT
c_006396,437243,CHASE,CREDIT
c_006397,442790,ICICI,DEBIT
c_006398,508610,CITI,DEBIT
c_006399,421733,ICICI,CREDIT
c_006400,489248,ICICI,CREDIT
c_006401,432182,CITI,DEBIT
c_006402,559209,SBI,CREDIT
c_006403,523286,CITI,DEBIT
c_006404,442204,ICICI,DEBIT
c_006405,423050,CHASE,CREDIT
c_006406,421146,HDFC,CREDIT
c_006407,434064,CITI,CREDIT
c_006408,495120,HDFC,DEBIT
c_006409,501338,CITI,CREDIT
c_006410,470112,CHASE,DEBIT
c_006411,495618,ICICI,CREDIT
c_006412,425030,SBI,DEBIT
c_006413,419195,HDFC,DEBIT
c_006414,448831,ICICI,DEBIT
c_006415,538566,CHASE,CREDIT
c_006416,522856,CITI,DEBIT
c_006417,511293,CHASE,CREDIT
c_006418,467372,CHASE,CREDIT
c_006419,435584,HDFC,DEBIT
c_006420,420833,HDFC,CREDIT
c_006421,400402,CITI,DEBIT
c_006422,533509,SBI,DEBIT
c_006423,522755,CITI,DEBIT
c_006424,503358,HDFC,DEBIT
c_006425,543198,CHASE,CREDIT
c_006426,524696,CITI,CREDIT
c_006427,458114,ICICI,CREDIT
c_006428,437346,ICICI,CREDIT
c_006429,455507,CITI,DEBIT
c_006430,433992,ICICI,CREDIT
c_006431,433593,SBI,CREDIT
c_006432,525014,CHASE,DEBIT
c_006433,519534,CHASE,CREDIT
c_006434,494925,CHASE,CREDIT
c_006435,412557,ICICI,DEBIT
c_006436,536620,CITI,CREDIT
c_006437,448942,HDFC,DEBIT
c_006438,473917,CITI,CREDIT
c_006439,513239,HDFC,DEBIT
c_006440,499211,ICICI,DEBIT
c_006441,552682,CHASE,CREDIT
c_006442,542087,CITI,CREDIT
c_006443,446228,HDFC,CREDIT
c_006444,521142,SBI,DEBIT
c_006445,496601,CITI,CREDIT
c_006446,517197,CHASE,DEBIT
c_006447,500484,CITI,DEBIT
c_006448,554597,ICICI,CREDIT
c_006449,463267,ICICI,DEBIT
c_006450,439377,SBI,CREDIT
c_006451,506771,HDFC,CREDIT
c_006452,524308,CITI,CREDIT
c_006453,507874,CHASE,CREDIT
c_006454,537714,HDFC,CREDIT
c_006455,456426,CHASE,DEBIT
c_006456,458936,CITI,CREDIT
c_006457,476172,SBI,DEBIT
c_006458,416945,HDFC,CREDIT
c_006459,514878,ICICI,DEBIT
c_006460,487081,HDFC,DEBIT
c_006461,473605,CHASE,DEBIT
c_006462,529585,CHASE,CREDIT
c_006463,436081,CHASE,DEBIT
c_006464,532430,CITI,CREDIT
c_006465,492557,SBI,CREDIT
c_006466,521835,CITI,DEBIT
c_006467,525485,CITI,DEBIT
c_006468,435427,HDFC,DEBIT
c_006469,544216,HDFC,DEBIT
c_006470,407905,HDFC,CREDIT
c_006471,446636,CITI,CREDIT
c_006472,509108,CITI,DEBIT
c_006473,503576,ICICI,CREDIT
c_006474,422493,SBI,CREDIT
c_006475,484767,CITI,CREDIT
c_006476,428227,SBI,DEBIT
c_006477,548127,CHASE,CREDIT
c_006478,425730,HDFC,DEBIT
c_006479,400410,SBI,CREDIT
c_006480,534963,CHASE,DEBIT
c_006481,471538,ICICI,DEBIT
c_006482,526817,SBI,CREDIT
c_006483,511028,SBI,DEBIT
c_006484,477964,CITI,DEBIT
c_006485,411763,SBI,DEBIT
c_006486,519704,HDFC,CREDIT
c_006487,440707,SBI,DEBIT
c_006488,447196,ICICI,CREDIT
c_006489,453915,ICICI,CREDIT
c_006490,460821,CHASE,CREDIT
c_006491,497816,CHASE,CREDIT
c_006492,530470,CHASE,DEBIT
c_006493,465717,ICICI,CREDIT
c_006494,487767,CITI,CREDIT
c_006495,484586,HDFC,DEBIT
c_006496,418244,HDFC,CREDIT
c_006497,554740,CHASE,DEBIT
c_006498,467308,HDFC,CREDIT
c_006499,525143,HDFC,DEBIT
c_006500,533694,HDFC,CREDIT
c_006501,422371,CITI,DEBIT
c_006502,526188,SBI,CREDIT
c_006503,503032,CHASE,CREDIT
c_006504,471552,CHASE,DEBIT
c_006505,423619,CHASE,DEBIT
c_006506,444637,SBI,DEBIT
c_006507,496535,CHASE,CREDIT
c_006508,531190,ICICI,DEBIT
c_006509,457153,ICICI,CREDIT
c_006510,451701,CHASE,CREDIT
c_006511,437855,SBI,CREDIT
c_006512,539465,CHASE,CREDIT
c_006513,528351,ICICI,CREDIT
c_006514,402757,CHASE,DEBIT
c_006515,414519,CHASE,DEBIT
c_006516,536994,ICICI,CREDIT
c_006517,520914,CHASE,CREDIT
c_006518,508841,HDFC,DEBIT
c_006519,499320,HDFC,CREDIT
c_006520,559748,CITI,DEBIT
c_006521,506137,ICICI,DEBIT
c_006522,550237,CHASE,DEBIT
c_006523,515709,SBI,CREDIT
c_006524,478148,SBI,DEBIT
c_006525,552068,HDFC,CREDIT
c_006526,416681,CITI,CREDIT
c_006527,503087,CHASE,DEBIT
c_006528,404327,HDFC,CREDIT
c_006529,452652,CHASE,DEBIT
c_006530,430964,HDFC,CREDIT
c_006531,420242,CHASE,CREDIT
c_006532,414807,CHASE,CREDIT
c_006533,414541,SBI,DEBIT
c_006534,423699,ICICI,CREDIT
c_006535,451225,CHASE,DEBIT
c_006536,558427,CHASE,CREDIT
c_006537,441967,CHASE,DEBIT
c_006538,556158,SBI,CREDIT
c_006539,515518,CHASE,CREDIT
c_006540,416040,SBI,CREDIT
c_006541,478171,CITI,DEBIT
c_006542,524309,HDFC,DEBIT
c_006543,554092,CITI,CREDIT
c_006544,559641,CITI,DEBIT
c_006545,485369,SBI,DEBIT
c_006546,525372,HDFC,DEBIT
c_006547,433368,CITI,DEBIT
c_006548,456856,HDFC,DEBIT
c_006549,433735,CHASE,DEBIT
c_006550,523460,SBI,CREDIT
c_006551,405167,ICICI,DEBIT
c_006552,465460,CHASE,CREDIT
c_006553,419855,SBI,CREDIT
c_006554,526361,HDFC,DEBIT
c_006555,559259,HDFC,CREDIT
c_006556,445293,SBI,DEBIT
c_006557,554779,SBI,CREDIT
c_006558,422275,CHASE,CREDIT
c_006559,495574,SBI,DEBIT
c_006560,440668,ICICI,CREDIT
c_006561,494773,ICICI,CREDIT
c_006562,545849,CHASE,DEBIT
c_006563,514603,ICICI,DEBIT
c_006564,439678,ICICI,DEBIT
c_006565,559476,ICICI,DEBIT
c_006566,493536,ICICI,CREDIT
c_006567,538190,CITI,CREDIT
c_006568,427228,SBI,DEBIT
c_006569,491946,CITI,CREDIT
c_006570,478727,CHASE,DEBIT
c_006571,507620,CITI,CREDIT
c_006572,530767,SBI,CREDIT
c_006573,472608,SBI,CREDIT
c_006574,408867,CHASE,DEBIT
c_006575,536294,ICICI,DEBIT
c_006576,402571,HDFC,CREDIT
c_006577,412918,CITI,DEBIT
c_006578,541516,CHASE,CREDIT
c_006579,505675,SBI,CREDIT
c_006580,406700,SBI,DEBIT
c_006581,403139,SBI,DEBIT
c_006582,428540,HDFC,CREDIT
c_006583,527528,CITI,CREDIT
c_006584,468156,SBI,CREDIT
c_006585,514096,HDFC,DEBIT
c_006586,517056,CITI,CREDIT
c_006587,498809,ICICI,CREDIT
c_006588,477510,CHASE,CREDIT
c_006589,463500,ICICI,DEBIT
c_006590,478734,CHASE,CREDIT
c_006591,472483,CITI,CREDIT
c_006592,459997,ICICI,CREDIT
c_006593,551298,ICICI,DEBIT
c_006594,512827,ICICI,DEBIT
c_006595,419468,SBI,DEBIT
c_006596,447531,ICICI,CREDIT
c_006597,476066,ICICI,CREDIT
c_006598,464192,SBI,CREDIT
c_006599,413180,SBI,DEBIT
c_006600,430226,CITI,CREDIT
c_006601,402273,SBI,DEBIT
c_006602,466190,CHASE,DEBIT
c_006603,509237,HDFC,CREDIT
c_006604,547763,CHASE,DEBIT
c_006605,556020,HDFC,CREDIT
c_006606,493166,CITI,CREDIT
c_006607,518199,ICICI,CREDIT
c_006608,498998,HDFC,CREDIT
c_006609,552200,HDFC,DEBIT
c_006610,515103,SBI,CREDIT
c_006611,460777,CHASE,CREDIT
c_006612,495640,ICICI,CREDIT
c_006613,538600,CITI,CREDIT
c_006614,537356,CHASE,CREDIT
c_006615,532635,CITI,CREDIT
c_006616,494950,CHASE,DEBIT
c_006617,464157,HDFC,CREDIT
c_006618,468798,SBI,CREDIT
c_006619,416913,CHASE,DEBIT
c_006620,547976,SBI,DEBIT
c_006621,488853,CHASE,CREDIT
c_006622,525166,CHASE,CREDIT
c_006623,472788,ICICI,CREDIT
c_006624,441369,HDFC,DEBIT
c_006625,458264,CITI,CREDIT
c_006626,535060,CHASE,CREDIT
c_006627,496781,CHASE,DEBIT
c_006628,421334,CITI,CREDIT
c_006629,487060,SBI,CREDIT
c_006630,555353,CITI,DEBIT
c_006631,433248,ICICI,DEBIT
c_006632,407462,HDFC,CREDIT
c_006633,554453,HDFC,CREDIT
c_006634,475144,SBI,DEBIT
c_006635,514858,ICICI,CREDIT
c_006636,484432,CITI,CREDIT
c_006637,474549,HDFC,CREDIT
c_006638,548707,HDFC,DEBIT
c_006639,472679,SBI,DEBIT
c_006640,476139,CHASE,DEBIT
c_006641,523036,HDFC,DEBIT
c_006642,449399,CITI,DEBIT
c_006643,464739,HDFC,CREDIT
c_006644,488141,ICICI,DEBIT
c_006645,497480,ICICI,CREDIT
c_006646,523811,SBI,DEBIT
c_006647,549506,CHASE,DEBIT
c_006648,532060,ICICI,DEBIT
c_006649,555821,CHASE,DEBIT
c_006650,537716,CHASE,CREDIT
c_006651,485253,CHASE,DEBIT
c_006652,524804,ICICI,CREDIT
c_006653,511391,ICICI,DEBIT
c_006654,554137,CHASE,CREDIT
c_006655,457538,CITI,DEBIT
c_006656,514647,CHASE,CREDIT
c_006657,407136,CITI,CREDIT
c_006658,549260,CHASE,CREDIT
c_006659,487812,HDFC,DEBIT
c_006660,476634,SBI,CREDIT
c_006661,412155,CHASE,DEBIT
c_006662,557444,CHASE,DEBIT
c_006663,559854,HDFC,DEBIT
c_006664,404513,CHASE,DEBIT
c_006665,447701,ICICI,CREDIT
c_006666,493242,ICICI,CREDIT
c_006667,535474,ICICI,CREDIT
c_006668,475929,CHASE,DEBIT
c_006669,404115,SBI,CREDIT
c_006670,420554,SBI,CREDIT
c_006671,531039,HDFC,DEBIT
c_006672,520275,CHASE,CREDIT
c_006673,453293,CITI,CREDIT
c_006674,443146,SBI,CREDIT
c_006675,545127,HDFC,CREDIT
c_006676,408991,CITI,CREDIT
c_006677,401873,CHASE,CREDIT
c_006678,482686,ICICI,DEBIT
c_006679,495568,ICICI,CREDIT
c_006680,488796,CITI,CREDIT
c_006681,437207,CHASE,DEBIT
c_006682,497244,HDFC,CREDIT
c_006683,406300,SBI,DEBIT
c_006684,449776,HDFC,CREDIT
c_006685,558861,CHASE,CREDIT
c_006686,447624,HDFC,DEBIT
c_006687,540176,HDFC,CREDIT
c_006688,501745,CITI,DEBIT
c_006689,544910,CHASE,DEBIT
c_006690,448014,CHASE,CREDIT
c_006691,458823,CHASE,DEBIT
c_006692,429265,SBI,DEBIT
c_006693,481311,HDFC,DEBIT
c_006694,524029,HDFC,CREDIT
c_006695,463264,HDFC,CREDIT
c_006696,450388,CITI,DEBIT
c_006697,538721,SBI,DEBIT
c_006698,408739,CHASE,CREDIT
c_006699,531559,ICICI,CREDIT
c_006700,535237,HDFC,CREDIT
c_006701,516141,ICICI,DEBIT
c_006702,540438,CHASE,CREDIT
c_006703,488073,CHASE,DEBIT
c_006704,504619,CHASE,CREDIT
c_006705,497358,SBI,CREDIT
c_006706,517677,ICICI,CREDIT
c_006707,476181,HDFC,DEBIT
c_006708,483480,CHASE,CREDIT
c_006709,434298,SBI,DEBIT
c_006710,476982,HDFC,DEBIT
c_006711,486038,CITI,DEBIT
c_006712,406760,CITI,CREDIT
c_006713,485284,CITI,CREDIT
c_006714,439648,ICICI,CREDIT
c_006715,526990,CITI,CREDIT
c_006716,494316,CHASE,DEBIT
c_006717,412180,CITI,DEBIT
c_006718,440086,SBI,DEBIT
c_006719,404303,SBI,DEBIT
c_006720,496953,HDFC,CREDIT
c_006721,479423,CITI,DEBIT
c_006722,430655,CHASE,CREDIT
c_006723,403611,CITI,DEBIT
c_006724,512229,HDFC,DEBIT
c_006725,489987,SBI,CREDIT
c_006726,514485,HDFC,DEBIT
c_006727,474588,HDFC,CREDIT
c_006728,515461,SBI,DEBIT
c_006729,411034,HDFC,CREDIT
c_006730,488005,CITI,CREDIT
c_006731,408891,CITI,DEBIT
c_006732,434110,CHASE,DEBIT
c_006733,506466,CITI,DEBIT
c_006734,500775,SBI,CREDIT
c_006735,463437,SBI,CREDIT
c_006736,491300,CITI,DEBIT
c_006737,459051,CHASE,DEBIT
c_006738,547435,ICICI,CREDIT
c_006739,476777,CHASE,DEBIT
c_006740,443186,SBI,CREDIT
c_006741,485251,CITI,DEBIT
c_006742,527012,HDFC,DEBIT
c_006743,461790,SBI,DEBIT
c_006744,477800,ICICI,CREDIT
c_006745,471341,CITI,CREDIT
c_006746,505218,ICICI,DEBIT
c_006747,410650,HDFC,CREDIT
c_006748,493576,ICICI,DEBIT
c_006749,471624,CITI,CREDIT
c_006750,529974,ICICI,CREDIT
c_006751,427391,SBI,DEBIT
c_006752,550825,CHASE,DEBIT
c_006753,514695,HDFC,CREDIT
c_006754,455248,HDFC,CREDIT
c_006755,403646,CITI,DEBIT
c_006756,504333,CHASE,DEBIT
c_006757,458426,HDFC,DEBIT
c_006758,543018,SBI,CREDIT
c_006759,558004,HDFC,DEBIT
c_006760,544052,HDFC,CREDIT
c_006761,414325,HDFC,CREDIT
c_006762,466160,SBI,CREDIT
c_006763,507178,CHASE,DEBIT
c_006764,496912,CHASE,DEBIT
c_006765,429282,ICICI,CREDIT
c_006766,457418,CHASE,DEBIT
c_006767,433352,CHASE,CREDIT
c_006768,555583,CITI,CREDIT
c_006769,503458,ICICI,DEBIT
c_006770,553092,SBI,CREDIT
c_006771,553186,SBI,CREDIT
c_006772,473425,SBI,DEBIT
c_006773,545587,HDFC,CREDIT
c_006774,431387,CHASE,DEBIT
c_006775,457795,HDFC,CREDIT
c_006776,530032,HDFC,CREDIT
c_006777,409652,SBI,DEBIT
c_006778,500310,HDFC,CREDIT
c_006779,466184,CHASE,DEBIT
c_006780,509416,SBI,DEBIT
c_006781,469444,SBI,DEBIT
c_006782,496987,ICICI,CREDIT
c_006783,468481,SBI,CREDIT
c_006784,531131,ICICI,CREDIT
c_006785,556255,SBI,CREDIT
c_006786,467358,HDFC,DEBIT
c_006787,457460,CHASE,DEBIT
c_006788,466660,CITI,CREDIT
c_006789,512347,ICICI,DEBIT
c_006790,558057,ICICI,DEBIT
c_006791,516455,ICICI,CREDIT
c_006792,485265,ICICI,CREDIT
c_006793,445513,CHASE,CREDIT
c_006794,400637,CHASE,CREDIT
c_006795,431736,SBI,CREDIT
c_006796,468558,SBI,DEBIT
c_006797,444658,CHASE,DEBIT
c_006798,449895,SBI,DEBIT
c_006799,474033,ICICI,CREDIT
c_006800,492594,SBI,CREDIT
c_006801,422626,CITI,DEBIT
c_006802,437585,CHASE,DEBIT
c_006803,423143,ICICI,CREDIT
c_006804,432212,SBI,CREDIT
c_006805,418977,HDFC,CREDIT
c_006806,471609,ICICI,CREDIT
c_006807,437057,CHASE,CREDIT
c_006808,401737,SBI,CREDIT
c_006809,541863,CITI,DEBIT
c_006810,533838,SBI,DEBIT
c_006811,403471,CHASE,DEBIT
c_006812,523420,HDFC,DEBIT
c_006813,502574,ICICI,DEBIT
c_006814,480439,HDFC,DEBIT
c_006815,455546,CHASE,DEBIT
c_006816,465072,ICICI,CREDIT
c_006817,523171,ICICI,CREDIT
c_006818,464869,ICICI,DEBIT
c_006819,507328,ICICI,CREDIT
c_006820,517219,CHASE,CREDIT
c_006821,476394,CHASE,CREDIT
c_006822,532804,CITI,DEBIT
c_006823,552209,SBI,CREDIT
c_006824,540883,CHASE,CREDIT
c_006825,477128,CITI,DEBIT
c_006826,550779,SBI,CREDIT
c_006827,559146,CITI,DEBIT
c_006828,419116,ICICI,CREDIT
c_006829,528184,SBI,CREDIT
c_006830,441152,CHASE,CREDIT
c_006831,532286,SBI,DEBIT
c_006832,486595,ICICI,CREDIT
c_006833,510806,CHASE,DEBIT
c_006834,448948,HDFC,DEBIT
c_006835,419829,CHASE,DEBIT
c_006836,454104,HDFC,CREDIT
c_006837,518013,CITI,DEBIT
c_006838,489533,ICICI,CREDIT
c_006839,410808,ICICI,DEBIT
c_006840,449653,ICICI,DEBIT
c_006841,483597,HDFC,DEBIT
c_006842,427630,CHASE,CREDIT
c_006843,473281,CITI,DEBIT
c_006844,441292,ICICI,CREDIT
c_006845,435434,CITI,DEBIT
c_006846,431256,CITI,DEBIT
c_006847,531264,CITI,CREDIT
c_006848,450842,HDFC,DEBIT
c_006849,492697,SBI,DEBIT
c_006850,547683,CHASE,DEBIT
c_006851,494235,CHASE,DEBIT
c_006852,468181,HDFC,CREDIT
c_006853,551991,HDFC,DEBIT
c_006854,498980,CHASE,DEBIT
c_006855,531100,CHASE,DEBIT
c_006856,461782,CHASE,CREDIT
c_006857,415624,SBI,CREDIT
c_006858,409928,ICICI,CREDIT
c_006859,445767,ICICI,CREDIT
c_006860,529618,CITI,DEBIT
c_006861,437907,SBI,DEBIT
c_006862,544247,ICICI,CREDIT
c_006863,426030,ICICI,CREDIT
c_006864,411301,CHASE,DEBIT
c_006865,417055,HDFC,CREDIT
c_006866,408694,HDFC,CREDIT
c_006867,525846,CITI,CREDIT
c_006868,404629,CHASE,DEBIT
c_006869,537220,HDFC,DEBIT
c_006870,547936,CITI,CREDIT
c_006871,492751,ICICI,CREDIT
c_006872,539191,CHASE,CREDIT
c_006873,498086,HDFC,DEBIT
c_006874,509772,CITI,DEBIT
c_006875,502585,CITI,DEBIT
c_006876,429808,SBI,DEBIT
c_006877,516005,ICICI,CREDIT
c_006878,451370,HDFC,CREDIT
c_006879,421694,SBI,DEBIT
c_006880,551667,HDFC,DEBIT
c_006881,402624,CITI,DEBIT
c_006882,406859,HDFC,CREDIT
c_006883,502538,ICICI,CREDIT
c_006884,410371,CHASE,DEBIT
c_006885,446470,SBI,CREDIT
c_006886,474820,CITI,CREDIT
c_006887,517672,CITI,DEBIT
c_006888,416544,ICICI,DEBIT
c_006889,521070,ICICI,DEBIT
c_006890,486553,ICICI,DEBIT
c_006891,556252,ICICI,DEBIT
c_006892,435437,CITI,CREDIT
c_006893,445784,SBI,CREDIT
c_006894,409744,HDFC,CREDIT
c_006895,555361,ICICI,CREDIT
c_006896,528267,SBI,CREDIT
c_006897,461531,HDFC,CREDIT
c_006898,481601,SBI,CREDIT
c_006899,519150,CITI,DEBIT
c_006900,415055,CHASE,DEBIT
c_006901,470673,CHASE,DEBIT
c_006902,504800,CHASE,DEBIT
c_006903,525315,SBI,CREDIT
c_006904,495814,HDFC,CREDIT
c_006905,488128,CITI,DEBIT
c_006906,541469,CHASE,CREDIT
c_006907,410142,HDFC,CREDIT
c_006908,521837,HDFC,DEBIT
c_006909,449357,HDFC,CREDIT
c_006910,437961,HDFC,DEBIT
c_006911,459512,SBI,DEBIT
c_006912,474121,ICICI,DEBIT
c_006913,461990,HDFC,CREDIT
c_006914,510261,CITI,CREDIT
c_006915,469374,HDFC,DEBIT
c_006916,412782,HDFC,CREDIT
c_006917,506353,HDFC,DEBIT
c_006918,452401,ICICI,CREDIT
c_006919,448651,HDFC,CREDIT
c_006920,443615,ICICI,CREDIT
c_006921,414302,CITI,DEBIT
c_006922,420253,CHASE,CREDIT
c_006923,434197,CHASE,CREDIT
c_006924,459432,ICICI,DEBIT
c_006925,499389,HDFC,CREDIT
c_006926,413758,CITI,DEBIT
c_006927,449886,HDFC,DEBIT
c_006928,416726,CHASE,DEBIT
c_006929,517670,HDFC,CREDIT
c_006930,482951,CHASE,CREDIT
c_006931,412111,SBI,DEBIT
c_006932,558262,CITI,CREDIT
c_006933,407560,CITI,DEBIT
c_006934,556766,HDFC,DEBIT
c_006935,487219,CHASE,CREDIT
c_006936,461014,SBI,DEBIT
c_006937,509365,ICICI,CREDIT
c_006938,556788,SBI,DEBIT
c_006939,523690,CHASE,DEBIT
c_006940,494767,ICICI,CREDIT
c_006941,428685,ICICI,DEBIT
c_006942,439340,ICICI,CREDIT
c_006943,525550,HDFC,DEBIT
c_006944,504032,CHASE,CREDIT
c_006945,510999,HDFC,DEBIT
c_006946,477293,CITI,DEBIT
c_006947,450664,SBI,CREDIT
c_006948,515422,CHASE,CREDIT
c_006949,421273,SBI,DEBIT
c_006950,496261,CHASE,DEBIT
c_006951,530646,SBI,DEBIT
c_006952,439625,ICICI,CREDIT
c_006953,529289,SBI,DEBIT
c_006954,503223,HDFC,CREDIT
c_006955,538129,CHASE,DEBIT
c_006956,505131,CITI,DEBIT
c_006957,425856,CHASE,DEBIT
c_006958,483164,HDFC,DEBIT
c_006959,417482,SBI,DEBIT
c_006960,468968,HDFC,DEBIT
c_006961,476745,CITI,CREDIT
c_006962,495488,SBI,CREDIT
c_006963,515238,ICICI,DEBIT
c_006964,453448,CHASE,DEBIT
c_006965,523197,SBI,DEBIT
c_006966,550304,HDFC,CREDIT
c_006967,505457,CITI,CREDIT
c_006968,481334,SBI,DEBIT
c_006969,542278,SBI,CREDIT
c_006970,401288,ICICI,CREDIT
c_006971,401950,HDFC,DEBIT
c_006972,529216,CHASE,DEBIT
c_006973,520981,HDFC,CREDIT
c_006974,427332,ICICI,DEBIT
c_006975,429715,HDFC,DEBIT
c_006976,518472,ICICI,DEBIT
c_006977,423717,CITI,DEBIT
c_006978,519295,ICICI,DEBIT
c_006979,464065,SBI,CREDIT
c_006980,553912,CHASE,CREDIT
c_006981,510596,SBI,DEBIT
c_006982,408035,HDFC,DEBIT
c_006983,483150,SBI,DEBIT
c_006984,504545,HDFC,CREDIT
c_006985,544953,ICICI,CREDIT
c_006986,419692,HDFC,CREDIT
c_006987,473442,ICICI,CREDIT
c_006988,445227,SBI,DEBIT
c_006989,432008,SBI,CREDIT
c_006990,483126,SBI,CREDIT
c_006991,514425,ICICI,CREDIT
c_006992,538456,ICICI,DEBIT
c_006993,459984,HDFC,CREDIT
c_006994,477031,ICICI,DEBIT
c_006995,420770,CHASE,CREDIT
c_006996,504944,HDFC,DEBIT
c_006997,535926,CITI,CREDIT
c_006998,425636,SBI,DEBIT
c_006999,462407,SBI,CREDIT
c_007000,502474,SBI,DEBIT
c_007001,416942,CHASE,CREDIT
c_007002,511329,SBI,CREDIT
c_007003,449368,ICICI,DEBIT
c_007004,513549,SBI,CREDIT
c_007005,402503,CHASE,DEBIT
c_007006,484824,SBI,DEBIT
c_007007,425199,ICICI,CREDIT
c_007008,427322,ICICI,CREDIT
c_007009,511487,ICICI,DEBIT
c_007010,403114,CHASE,DEBIT
c_007011,526754,CITI,CREDIT
c_007012,551152,SBI,CREDIT
c_007013,498498,HDFC,DEBIT
c_007014,546126,CITI,DEBIT
c_007015,403588,SBI,DEBIT
c_007016,484596,SBI,CREDIT
c_007017,528045,SBI,CREDIT
c_007018,463031,ICICI,CREDIT
c_007019,458430,SBI,CREDIT
c_007020,465171,CHASE,CREDIT
c_007021,409025,HDFC,CREDIT
c_007022,531586,SBI,DEBIT
c_007023,495109,ICICI,DEBIT
c_007024,526795,SBI,DEBIT
c_007025,466614,HDFC,DEBIT
c_007026,524195,HDFC,DEBIT
c_007027,430297,CITI,CREDIT
c_007028,504288,CITI,CREDIT
c_007029,470429,HDFC,CREDIT
c_007030,444342,CITI,DEBIT
c_007031,485865,SBI,DEBIT
c_007032,557014,SBI,CREDIT
c_007033,549557,ICICI,DEBIT
c_007034,539103,SBI,CREDIT
c_007035,440191,CHASE,CREDIT
c_007036,532468,HDFC,CREDIT
c_007037,453867,CITI,DEBIT
c_007038,475502,HDFC,CREDIT
c_007039,424864,HDFC,CREDIT
c_007040,470623,HDFC,CREDIT
c_007041,446531,CHASE,DEBIT
c_007042,533830,CITI,DEBIT
c_007043,503219,CITI,DEBIT
c_007044,423338,HDFC,DEBIT
c_007045,430867,CHASE,CREDIT
c_007046,557987,ICICI,DEBIT
c_007047,441992,ICICI,DEBIT
c_007048,421315,ICICI,CREDIT
c_007049,502281,CHASE,CREDIT
c_007050,435914,SBI,DEBIT
c_007051,456148,CITI,CREDIT
c_007052,512438,HDFC,CREDIT
c_007053,445839,CHASE,DEBIT
c_007054,468473,HDFC,DEBIT
c_007055,473208,ICICI,CREDIT
c_007056,529646,ICICI,DEBIT
c_007057,452835,SBI,CREDIT
c_007058,460954,CHASE,CREDIT
c_007059,447159,HDFC,CREDIT
c_007060,439599,HDFC,CREDIT
c_007061,448532,HDFC,CREDIT
c_007062,555692,ICICI,CREDIT
c_007063,468394,HDFC,CREDIT
c_007064,533217,CHASE,DEBIT
c_007065,475363,ICICI,CREDIT
c_007066,413215,SBI,DEBIT
c_007067,486509,ICICI,DEBIT
c_007068,550648,SBI,CREDIT
c_007069,543497,CHASE,CREDIT
c_007070,559329,CITI,DEBIT
c_007071,503646,SBI,DEBIT
c_007072,528073,ICICI,CREDIT
c_007073,553346,SBI,CREDIT
c_007074,439049,ICICI,DEBIT
c_007075,510696,HDFC,DEBIT
c_007076,552828,ICICI,DEBIT
c_007077,462745,SBI,DEBIT
c_007078,426732,HDFC,DEBIT
c_007079,454388,HDFC,DEBIT
c_007080,407702,CHASE,CREDIT
c_007081,449210,SBI,DEBIT
c_007082,446693,SBI,CREDIT
c_007083,551197,SBI,CREDIT
c_007084,427154,ICICI,DEBIT
c_007085,436551,ICICI,DEBIT
c_007086,459807,ICICI,DEBIT
c_007087,546201,CHASE,DEBIT
c_007088,537290,SBI,CREDIT
c_007089,415527,CITI,CREDIT
c_007090,454316,CITI,DEBIT
c_007091,465156,CHASE,DEBIT
c_007092,538095,SBI,CREDIT
c_007093,536099,ICICI,CREDIT
c_007094,444421,HDFC,DEBIT
c_007095,429256,CHASE,DEBIT
c_007096,436846,CHASE,DEBIT
c_007097,535230,HDFC,DEBIT
c_007098,517014,HDFC,CREDIT
c_007099,427973,CITI,DEBIT
c_007100,419533,CHASE,CREDIT
c_007101,470767,CITI,DEBIT
c_007102,541639,HDFC,DEBIT
c_007103,516460,SBI,CREDIT
c_007104,460636,CITI,DEBIT
c_007105,425091,ICICI,DEBIT
c_007106,516755,HDFC,CREDIT
c_007107,550696,SBI,CREDIT
c_007108,444315,SBI,CREDIT
c_007109,482092,SBI,DEBIT
c_007110,515244,CHASE,DEBIT
c_007111,404067,SBI,DEBIT
c_007112,493343,SBI,DEBIT
c_007113,453599,SBI,DEBIT
c_007114,432589,CITI,DEBIT
c_007115,545596,ICICI,DEBIT
c_007116,535652,SBI,DEBIT
c_007117,435725,CITI,CREDIT
c_007118,529015,CHASE,DEBIT
c_007119,489289,CITI,CREDIT
c_007120,492826,ICICI,CREDIT
c_007121,418389,SBI,CREDIT
c_007122,477276,HDFC,CREDIT
c_007123,461566,ICICI,DEBIT
c_007124,516981,HDFC,CREDIT
c_007125,507732,CHASE,CREDIT
c_007126,415952,CHASE,DEBIT
c_007127,461060,HDFC,DEBIT
c_007128,550227,HDFC,CREDIT
c_007129,424457,HDFC,CREDIT
c_007130,488331,ICICI,DEBIT
c_007131,555967,ICICI,CREDIT
c_007132,453886,HDFC,DEBIT
c_007133,467012,HDFC,DEBIT
c_007134,527838,CHASE,DEBIT
c_007135,522293,HDFC,DEBIT
c_007136,527309,CITI,DEBIT
c_007137,407204,CHASE,DEBIT
c_007138,541152,CITI,DEBIT
c_007139,413328,HDFC,CREDIT
c_007140,497273,CITI,DEBIT
c_007141,411818,CHASE,DEBIT
c_007142,425296,CHASE,DEBIT
c_007143,470857,CHASE,CREDIT
c_007144,433286,SBI,CREDIT
c_007145,546507,SBI,CREDIT
c_007146,463919,ICICI,CREDIT
c_007147,484218,HDFC,CREDIT
c_007148,486107,ICICI,DEBIT
c_007149,487893,ICICI,CREDIT
c_007150,515646,CITI,DEBIT
c_007151,433917,HDFC,CREDIT
c_007152,441656,HDFC,CREDIT
c_007153,524960,CITI,DEBIT
c_007154,461382,SBI,CREDIT
c_007155,402929,CITI,DEBIT
c_007156,548994,CITI,CREDIT
c_007157,541454,SBI,CREDIT
c_007158,484366,CHASE,CREDIT
c_007159,517099,CITI,DEBIT
c_007160,517247,SBI,CREDIT
c_007161,448614,HDFC,CREDIT
c_007162,468236,HDFC,CREDIT
c_007163,422261,SBI,CREDIT
c_007164,510055,CHASE,CREDIT
c_007165,402521,CITI,DEBIT
c_007166,412714,HDFC,CREDIT
c_007167,530656,SBI,DEBIT
c_007168,409289,HDFC,DEBIT
c_007169,458740,SBI,DEBIT
c_007170,479487,HDFC,CREDIT
c_007171,541254,HDFC,CREDIT
c_007172,525502,HDFC,DEBIT
c_007173,466805,SBI,CREDIT
c_007174,494201,SBI,CREDIT
c_007175,401456,HDFC,DEBIT
c_007176,410538,SBI,DEBIT
c_007177,405897,SBI,CREDIT
c_007178,466812,SBI,CREDIT
c_007179,521100,CHASE,DEBIT
c_007180,477513,CITI,CREDIT
c_007181,492014,ICICI,CREDIT
c_007182,506505,HDFC,CREDIT
c_007183,544597,CITI,DEBIT
c_007184,473930,CHASE,CREDIT
c_007185,435271,SBI,CREDIT
c_007186,510638,HDFC,DEBIT
c_007187,450440,CITI,DEBIT
c_007188,523342,CITI,CREDIT
c_007189,420740,HDFC,DEBIT
c_007190,444731,HDFC,CREDIT
c_007191,492511,ICICI,CREDIT
c_007192,415696,CITI,DEBIT
c_007193,496504,CITI,CREDIT
c_007194,557722,HDFC,CREDIT
c_007195,462983,HDFC,CREDIT
c_007196,405645,CHASE,DEBIT
c_007197,530353,SBI,DEBIT
c_007198,513465,SBI,CREDIT
c_007199,526928,CHASE,DEBIT
c_007200,426613,HDFC,DEBIT
c_007201,440975,ICICI,DEBIT
c_007202,553075,CHASE,CREDIT
c_007203,523682,HDFC,DEBIT
c_007204,494954,SBI,CREDIT
c_007205,426120,CHASE,CREDIT
c_007206,476683,SBI,CREDIT
c_007207,555638,CHASE,CREDIT
c_007208,495806,CITI,DEBIT
c_007209,465875,SBI,DEBIT
c_007210,542145,ICICI,DEBIT
c_007211,533297,HDFC,DEBIT
c_007212,463459,CHASE,DEBIT
c_007213,471265,SBI,CREDIT
c_007214,556158,ICICI,CREDIT
c_007215,485095,CITI,DEBIT
c_007216,469770,SBI,CREDIT
c_007217,405246,HDFC,CREDIT
c_007218,500791,SBI,CREDIT
c_007219,506214,ICICI,DEBIT
c_007220,475811,CITI,CREDIT
c_007221,546839,HDFC,CREDIT
c_007222,463938,CHASE,CREDIT
c_007223,525132,CHASE,CREDIT
c_007224,549990,CHASE,DEBIT
c_007225,518689,CITI,DEBIT
c_007226,484313,ICICI,CREDIT
c_007227,438801,SBI,DEBIT
c_007228,547561,HDFC,CREDIT
c_007229,432143,CHASE,DEBIT
c_007230,541093,CITI,CREDIT
c_007231,480376,CHASE,CREDIT
c_007232,519991,CHASE,CREDIT
c_007233,504930,HDFC,DEBIT
c_007234,554226,HDFC,DEBIT
c_007235,495625,ICICI,CREDIT
c_007236,466353,ICICI,CREDIT
c_007237,551221,CITI,DEBIT
c_007238,429680,CHASE,CREDIT
c_007239,551878,CHASE,DEBIT
c_007240,539184,SBI,CREDIT
c_007241,517309,SBI,DEBIT
c_007242,406857,SBI,CREDIT
c_007243,455720,CITI,CREDIT
c_007244,527123,HDFC,CREDIT
c_007245,472737,CHASE,CREDIT
c_007246,526174,HDFC,CREDIT
c_007247,408925,SBI,CREDIT
c_007248,522701,HDFC,DEBIT
c_007249,495732,HDFC,DEBIT
c_007250,494365,SBI,CREDIT
c_007251,467121,CITI,CREDIT
c_007252,409379,CITI,CREDIT
c_007253,520138,SBI,DEBIT
c_007254,497046,CHASE,DEBIT
c_007255,528610,SBI,CREDIT
c_007256,544067,SBI,CREDIT
c_007257,488246,SBI,CREDIT
c_007258,502334,CHASE,DEBIT
c_007259,463445,SBI,CREDIT
c_007260,448167,HDFC,CREDIT
c_007261,406916,CITI,CREDIT
c_007262,456574,HDFC,CREDIT
c_007263,442086,CHASE,CREDIT
c_007264,434272,CITI,DEBIT
c_007265,524466,CHASE,CREDIT
c_007266,533040,CITI,CREDIT
c_007267,415778,CITI,CREDIT
c_007268,441311,CHASE,CREDIT
c_007269,405990,ICICI,CREDIT
c_007270,511062,CITI,DEBIT
c_007271,449125,CHASE,CREDIT
c_007272,480276,SBI,DEBIT
c_007273,557303,SBI,DEBIT
c_007274,494465,HDFC,DEBIT
c_007275,526339,CITI,CREDIT
c_007276,426898,CHASE,CREDIT
c_007277,458703,CHASE,CREDIT
c_007278,522430,CITI,CREDIT
c_007279,436586,SBI,CREDIT
c_007280,427832,CHASE,CREDIT
c_007281,547915,HDFC,DEBIT
c_007282,502128,ICICI,CREDIT
c_007283,552552,SBI,DEBIT
c_007284,523400,ICICI,CREDIT
c_007285,559222,ICICI,CREDIT
c_007286,409456,HDFC,CREDIT
c_007287,558974,HDFC,CREDIT
c_007288,511959,CITI,CREDIT
c_007289,538978,HDFC,CREDIT
c_007290,533595,ICICI,DEBIT
c_007291,414017,CHASE,DEBIT
c_007292,405540,CITI,DEBIT
c_007293,451557,ICICI,CREDIT
c_007294,551916,HDFC,DEBIT
c_007295,454657,CHASE,CREDIT
c_007296,460738,ICICI,CREDIT
c_007297,550527,ICICI,CREDIT
c_007298,473769,HDFC,DEBIT
c_007299,423668,CHASE,CREDIT
c_007300,430886,HDFC,DEBIT
c_007301,550041,SBI,CREDIT
c_007302,468902,HDFC,DEBIT
c_007303,417870,HDFC,DEBIT
c_007304,545043,CHASE,DEBIT
c_007305,468987,CHASE,CREDIT
c_007306,554697,SBI,DEBIT
c_007307,421524,ICICI,DEBIT
c_007308,449431,ICICI,DEBIT
c_007309,496322,CITI,CREDIT
c_007310,513304,CHASE,CREDIT
c_007311,440418,ICICI,CREDIT
c_007312,449515,CITI,DEBIT
c_007313,526267,SBI,CREDIT
c_007314,441685,CITI,CREDIT
c_007315,500901,ICICI,CREDIT
c_007316,525656,ICICI,CREDIT
c_007317,544151,SBI,DEBIT
c_007318,463868,HDFC,DEBIT
c_007319,517585,CHASE,DEBIT
c_007320,420793,CHASE,DEBIT
c_007321,419561,CHASE,DEBIT
c_007322,493782,HDFC,CREDIT
c_007323,492405,ICICI,DEBIT
c_007324,511285,CHASE,DEBIT
c_007325,472855,SBI,DEBIT
c_007326,522120,ICICI,CREDIT
c_007327,546368,CHASE,CREDIT
c_007328,554450,ICICI,CREDIT
c_007329,555848,HDFC,DEBIT
c_007330,538036,CHASE,CREDIT
c_007331,443448,CITI,CREDIT
c_007332,525862,SBI,CREDIT
c_007333,541131,CHASE,DEBIT
c_007334,413633,SBI,DEBIT
c_007335,516159,CHASE,DEBIT
c_007336,556449,CHASE,CREDIT
c_007337,482181,ICICI,CREDIT
c_007338,426301,SBI,CREDIT
c_007339,457776,HDFC,DEBIT
c_007340,436890,HDFC,CREDIT
c_007341,405292,SBI,DEBIT
c_007342,402084,CHASE,DEBIT
c_007343,548577,HDFC,DEBIT
c_007344,556012,SBI,DEBIT
c_007345,465141,CHASE,DEBIT
c_007346,447194,CHASE,CREDIT
c_007347,514767,CITI,DEBIT
c_007348,476311,CITI,CREDIT
c_007349,458200,SBI,CREDIT
c_007350,407854,HDFC,DEBIT
c_007351,497001,ICICI,DEBIT
c_007352,420829,HDFC,DEBIT
c_007353,484751,CITI,CREDIT
c_007354,496830,CHASE,CREDIT
c_007355,459047,HDFC,DEBIT
c_007356,525081,HDFC,DEBIT
c_007357,417197,CHASE,CREDIT
c_007358,548695,ICICI,DEBIT
c_007359,518229,SBI,CREDIT
c_007360,407279,CHASE,DEBIT
c_007361,401785,ICICI,DEBIT
c_007362,516733,ICICI,CREDIT
c_007363,455856,ICICI,CREDIT
c_007364,411610,HDFC,DEBIT
c_007365,425613,SBI,DEBIT
c_007366,508457,ICICI,DEBIT
c_007367,544599,CITI,DEBIT
c_007368,441757,SBI,DEBIT
c_007369,400022,CHASE,DEBIT
c_007370,454713,CITI,CREDIT
c_007371,487723,SBI,CREDIT
c_007372,505607,HDFC,DEBIT
c_007373,482075,HDFC,CREDIT
c_007374,465418,SBI,DEBIT
c_007375,472547,CHASE,DEBIT
c_007376,416815,CITI,DEBIT
c_007377,408531,SBI,CREDIT
c_007378,413786,HDFC,CREDIT
c_007379,463549,HDFC,DEBIT
c_007380,549992,SBI,CREDIT
c_007381,415235,ICICI,CREDIT
c_007382,506491,CITI,DEBIT
c_007383,471835,CHASE,CREDIT
c_007384,559108,CHASE,CREDIT
c_007385,413024,SBI,CREDIT
c_007386,531707,SBI,CREDIT
c_007387,439234,SBI,CREDIT
c_007388,491734,HDFC,CREDIT
c_007389,444339,ICICI,CREDIT
c_007390,505044,SBI,DEBIT
c_007391,501394,CITI,CREDIT
c_007392,531132,CHASE,DEBIT
c_007393,528981,SBI,CREDIT
c_007394,427759,CITI,DEBIT
c_007395,530716,CHASE,DEBIT
c_007396,430358,SBI,DEBIT
c_007397,500317,HDFC,CREDIT
c_007398,545840,HDFC,DEBIT
c_007399,548772,CHASE,CREDIT
c_007400,492830,CHASE,DEBIT
c_007401,545924,ICICI,CREDIT
c_007402,528949,CITI,CREDIT
c_007403,485484,HDFC,CREDIT
c_007404,470996,SBI,DEBIT
c_007405,478380,SBI,DEBIT
c_007406,468308,ICICI,CREDIT
c_007407,529416,HDFC,DEBIT
c_007408,490845,HDFC,DEBIT
c_007409,486089,HDFC,DEBIT
c_007410,514885,CITI,CREDIT
c_007411,446341,CHASE,CREDIT
c_007412,516456,HDFC,CREDIT
c_007413,437481,SBI,DEBIT
c_007414,507736,CITI,DEBIT
c_007415,477283,ICICI,DEBIT
c_007416,516728,CHASE,DEBIT
c_007417,515117,HDFC,DEBIT
c_007418,512505,CITI,DEBIT
c_007419,469383,ICICI,CREDIT
c_007420,494358,CITI,CREDIT
c_007421,440412,ICICI,CREDIT
c_007422,502612,CHASE,DEBIT
c_007423,412418,SBI,CREDIT
c_007424,431850,CHASE,DEBIT
c_007425,484527,HDFC,DEBIT
c_007426,529581,CHASE,DEBIT
c_007427,421057,CHASE,CREDIT
c_007428,429067,CITI,DEBIT
c_007429,401427,CHASE,CREDIT
c_007430,545122,SBI,DEBIT
c_007431,532881,SBI,CREDIT
c_007432,495050,CHASE,CREDIT
c_007433,426908,CITI,CREDIT
c_007434,526666,CHASE,DEBIT
c_007435,513631,CHASE,CREDIT
c_007436,434400,HDFC,DEBIT
c_007437,446367,CITI,DEBIT
c_007438,478484,CITI,DEBIT
c_007439,467880,ICICI,DEBIT
c_007440,555155,ICICI,DEBIT
c_007441,494995,ICICI,CREDIT
c_007442,446322,SBI,CREDIT
c_007443,540177,ICICI,DEBIT
c_007444,510840,CHASE,CREDIT
c_007445,414256,CITI,DEBIT
c_007446,444715,HDFC,CREDIT
c_007447,555453,CITI,CREDIT
c_007448,475123,CHASE,CREDIT
c_007449,554900,CITI,DEBIT
c_007450,423751,ICICI,DEBIT
c_007451,489716,CHASE,DEBIT
c_007452,415945,CITI,DEBIT
c_007453,508774,HDFC,DEBIT
c_007454,546630,CITI,DEBIT
c_007455,438986,SBI,CREDIT
c_007456,410088,HDFC,CREDIT
c_007457,444145,HDFC,CREDIT
c_007458,463165,CHASE,DEBIT
c_007459,459371,SBI,CREDIT
c_007460,492207,CITI,DEBIT
c_007461,483372,HDFC,CREDIT
c_007462,514848,CHASE,DEBIT
c_007463,514188,CHASE,DEBIT
c_007464,550088,CHASE,CREDIT
c_007465,542000,CHASE,DEBIT
c_007466,501124,HDFC,DEBIT
c_007467,494305,ICICI,CREDIT
c_007468,534593,CHASE,DEBIT
c_007469,437825,HDFC,DEBIT
c_007470,446606,SBI,CREDIT
c_007471,494263,HDFC,DEBIT
c_007472,501504,CITI,CREDIT
c_007473,404808,CITI,CREDIT
c_007474,546577,CHASE,DEBIT
c_007475,546498,CHASE,DEBIT
c_007476,540461,ICICI,CREDIT
c_007477,430739,HDFC,DEBIT
c_007478,401170,CHASE,CREDIT
c_007479,484571,CITI,CREDIT
c_007480,535076,SBI,DEBIT
c_007481,547735,ICICI,DEBIT
c_007482,401524,SBI,CREDIT
c_007483,416247,ICICI,CREDIT
c_007484,508550,HDFC,CREDIT
c_007485,410001,CHASE,CREDIT
c_007486,548172,ICICI,CREDIT
c_007487,497770,CITI,DEBIT
c_007488,474613,SBI,CREDIT
c_007489,413353,SBI,DEBIT
c_007490,415121,SBI,CREDIT
c_007491,403868,ICICI,CREDIT
c_007492,538875,CITI,DEBIT
c_007493,441892,CHASE,CREDIT
c_007494,468913,SBI,DEBIT
c_007495,449302,HDFC,DEBIT
c_007496,484054,HDFC,DEBIT
c_007497,542978,SBI,CREDIT
c_007498,486088,SBI,CREDIT
c_007499,454984,CITI,DEBIT
c_007500,542066,SBI,DEBIT
c_007501,527065,SBI,DEBIT
c_007502,500351,ICICI,DEBIT
c_007503,531432,SBI,DEBIT
c_007504,516500,ICICI,CREDIT
c_007505,482505,ICICI,DEBIT
c_007506,403446,SBI,DEBIT
c_007507,540573,SBI,DEBIT
c_007508,483781,SBI,DEBIT
c_007509,430688,ICICI,CREDIT
c_007510,441156,SBI,CREDIT
c_007511,421134,HDFC,CREDIT
c_007512,544928,CITI,CREDIT
c_007513,490577,HDFC,CREDIT
c_007514,432003,ICICI,DEBIT
c_007515,539093,SBI,DEBIT
c_007516,534448,HDFC,CREDIT
c_007517,424271,SBI,DEBIT
c_007518,433338,HDFC,DEBIT
c_007519,529135,SBI,DEBIT
c_007520,472049,SBI,DEBIT
c_007521,486827,CHASE,DEBIT
c_007522,456693,ICICI,CREDIT
c_007523,506736,CITI,DEBIT
c_007524,500315,CITI,CREDIT
c_007525,517459,ICICI,CREDIT
c_007526,453232,HDFC,DEBIT
c_007527,496896,ICICI,DEBIT
c_007528,558002,HDFC,CREDIT
c_007529,413430,SBI,CREDIT
c_007530,452086,CHASE,DEBIT
c_007531,515064,HDFC,DEBIT
c_007532,479080,HDFC,DEBIT
c_007533,525090,ICICI,CREDIT
c_007534,422688,ICICI,CREDIT
c_007535,540300,HDFC,DEBIT
c_007536,512788,CHASE,CREDIT
c_007537,449726,CHASE,CREDIT
c_007538,454411,CHASE,CREDIT
c_007539,451107,HDFC,CREDIT
c_007540,482606,CITI,CREDIT
c_007541,497735,CHASE,DEBIT
c_007542,496510,HDFC,CREDIT
c_007543,428537,SBI,CREDIT
c_007544,461003,HDFC,CREDIT
c_007545,544334,CITI,CREDIT
c_007546,507702,ICICI,DEBIT
c_007547,412155,ICICI,DEBIT
c_007548,402053,SBI,DEBIT
c_007549,455100,ICICI,DEBIT
c_007550,535828,CITI,DEBIT
c_007551,427169,CITI,CREDIT
c_007552,401066,ICICI,CREDIT
c_007553,407102,CITI,DEBIT
c_007554,529934,HDFC,CREDIT
c_007555,401511,HDFC,CREDIT
c_007556,464266,CITI,CREDIT
c_007557,499492,CHASE,CREDIT
c_007558,522500,HDFC,CREDIT
c_007559,440063,CHASE,DEBIT
c_007560,441993,CHASE,CREDIT
c_007561,524946,CITI,CREDIT
c_007562,511836,ICICI,CREDIT
c_007563,531980,HDFC,CREDIT
c_007564,453781,CHASE,DEBIT
c_007565,538914,HDFC,DEBIT
c_007566,452755,ICICI,DEBIT
c_007567,547912,CHASE,DEBIT
c_007568,424475,CITI,DEBIT
c_007569,477228,CHASE,CREDIT
c_007570,413205,CHASE,CREDIT
c_007571,426024,CITI,CREDIT
c_007572,436335,HDFC,DEBIT
c_007573,547703,CITI,CREDIT
c_007574,449315,CHASE,CREDIT
c_007575,538255,ICICI,DEBIT
c_007576,511048,CITI,CREDIT
c_007577,402955,HDFC,CREDIT
c_007578,504581,CITI,DEBIT
c_007579,441845,CHASE,DEBIT
c_007580,481678,ICICI,CREDIT
c_007581,445051,CITI,CREDIT
c_007582,498941,SBI,DEBIT
c_007583,510700,CITI,DEBIT
c_007584,517856,CITI,DEBIT
c_007585,441099,SBI,DEBIT
c_007586,559814,CHASE,CREDIT
c_007587,402198,ICICI,DEBIT
c_007588,410823,CITI,DEBIT
c_007589,539243,ICICI,CREDIT
c_007590,546476,HDFC,CREDIT
c_007591,467758,SBI,CREDIT
c_007592,544436,CITI,DEBIT
c_007593,471231,CITI,DEBIT
c_007594,450435,SBI,CREDIT
c_007595,483445,CITI,CREDIT
c_007596,520027,ICICI,CREDIT
c_007597,415697,ICICI,DEBIT
c_007598,456767,HDFC,DEBIT
c_007599,510718,CHASE,CREDIT
c_007600,478025,HDFC,CREDIT
c_007601,558817,CITI,CREDIT
c_007602,479611,ICICI,DEBIT
c_007603,539252,CHASE,DEBIT
c_007604,455482,CHASE,DEBIT
c_007605,487668,ICICI,CREDIT
c_007606,428027,ICICI,CREDIT
c_007607,537857,CITI,CREDIT
c_007608,406061,SBI,DEBIT
c_007609,487460,SBI,CREDIT
c_007610,541692,HDFC,DEBIT
c_007611,515240,ICICI,DEBIT
c_007612,474371,ICICI,DEBIT
c_007613,525310,SBI,CREDIT
c_007614,436051,SBI,CREDIT
c_007615,555766,CITI,CREDIT
c_007616,466068,ICICI,DEBIT
c_007617,429153,CHASE,DEBIT
c_007618,517855,ICICI,DEBIT
c_007619,492237,CITI,CREDIT
c_007620,507086,CHASE,DEBIT
c_007621,408395,CITI,CREDIT
c_007622,403678,CHASE,CREDIT
c_007623,505112,SBI,DEBIT
c_007624,430128,SBI,CREDIT
c_007625,517708,SBI,CREDIT
c_007626,501238,ICICI,DEBIT
c_007627,557259,CITI,CREDIT
c_007628,533955,SBI,CREDIT
c_007629,489900,ICICI,CREDIT
c_007630,490073,SBI,DEBIT
c_007631,468960,SBI,CREDIT
c_007632,505355,CHASE,DEBIT
c_007633,559942,ICICI,DEBIT
c_007634,521431,ICICI,DEBIT
c_007635,510106,CHASE,CREDIT
c_007636,411448,CHASE,DEBIT
c_007637,425924,SBI,CREDIT
c_007638,427318,ICICI,DEBIT
c_007639,514895,ICICI,CREDIT
c_007640,540914,CITI,DEBIT
c_007641,462022,CITI,DEBIT
c_007642,453186,CITI,CREDIT
c_007643,436130,ICICI,CREDIT
c_007644,466292,CHASE,CREDIT
c_007645,448946,CITI,CREDIT
c_007646,512913,HDFC,DEBIT
c_007647,459416,SBI,CREDIT
c_007648,497760,CHASE,CREDIT
c_007649,545395,HDFC,CREDIT
c_007650,452630,CHASE,DEBIT
c_007651,480060,CITI,DEBIT
c_007652,507588,ICICI,CREDIT
c_007653,460768,SBI,DEBIT
c_007654,504540,HDFC,DEBIT
c_007655,420224,ICICI,CREDIT
c_007656,508158,SBI,CREDIT
c_007657,409535,CITI,CREDIT
c_007658,419783,SBI,DEBIT
c_007659,548522,HDFC,DEBIT
c_007660,412309,CITI,DEBIT
c_007661,512640,CHASE,CREDIT
c_007662,555419,SBI,CREDIT
c_007663,489081,SBI,DEBIT
c_007664,410156,HDFC,DEBIT
c_007665,524405,CITI,CREDIT
c_007666,504893,ICICI,CREDIT
c_007667,478149,ICICI,DEBIT
c_007668,482520,ICICI,DEBIT
c_007669,489096,CITI,CREDIT
c_007670,451774,HDFC,CREDIT
c_007671,451981,ICICI,DEBIT
c_007672,507915,CHASE,CREDIT
c_007673,504821,CITI,DEBIT
c_007674,412019,CHASE,DEBIT
c_007675,539516,CHASE,DEBIT
c_007676,430918,CHASE,DEBIT
c_007677,455941,SBI,DEBIT
c_007678,438488,SBI,DEBIT
c_007679,405884,CHASE,CREDIT
c_007680,446175,ICICI,CREDIT
c_007681,510238,SBI,DEBIT
c_007682,481293,CITI,CREDIT
c_007683,508500,SBI,DEBIT
c_007684,512998,SBI,DEBIT
c_007685,483854,ICICI,CREDIT
c_007686,530832,CHASE,CREDIT
c_007687,420848,HDFC,CREDIT
c_007688,403899,ICICI,CREDIT
c_007689,550212,SBI,DEBIT
c_007690,544030,CITI,CREDIT
c_007691,490010,SBI,CREDIT
c_007692,482949,CITI,DEBIT
c_007693,415554,SBI,DEBIT
c_007694,490247,SBI,DEBIT
c_007695,538783,ICICI,DEBIT
c_007696,413037,HDFC,CREDIT
c_007697,471769,ICICI,DEBIT
c_007698,464513,ICICI,CREDIT
c_007699,520057,SBI,CREDIT
c_007700,475305,ICICI,DEBIT
c_007701,438136,CITI,CREDIT
c_007702,490453,CHASE,CREDIT
c_007703,530780,SBI,DEBIT
c_007704,477315,CHASE,CREDIT
c_007705,433942,SBI,CREDIT
c_007706,471813,CITI,CREDIT
c_007707,439410,CITI,DEBIT
c_007708,477547,HDFC,DEBIT
c_007709,507497,CHASE,DEBIT
c_007710,405710,HDFC,CREDIT
c_007711,546548,SBI,CREDIT
c_007712,445545,CITI,DEBIT
c_007713,551765,CITI,DEBIT
c_007714,417308,CHASE,CREDIT
c_007715,434376,HDFC,DEBIT
c_007716,531796,ICICI,CREDIT
c_007717,493191,CITI,CREDIT
c_007718,558451,CHASE,DEBIT
c_007719,447168,SBI,DEBIT
c_007720,400462,SBI,CREDIT
c_007721,523095,CITI,DEBIT
c_007722,494807,CITI,CREDIT
c_007723,459924,SBI,CREDIT
c_007724,499327,SBI,DEBIT
c_007725,438636,ICICI,CREDIT
c_007726,453628,SBI,CREDIT
c_007727,414646,CHASE,DEBIT
c_007728,534771,HDFC,CREDIT
c_007729,456742,HDFC,DEBIT
c_007730,554906,SBI,CREDIT
c_007731,462560,SBI,CREDIT
c_007732,541525,SBI,CREDIT
c_007733,405387,CHASE,DEBIT
c_007734,432377,ICICI,DEBIT
c_007735,419221,HDFC,DEBIT
c_007736,447838,CHASE,CREDIT
c_007737,439895,HDFC,DEBIT
c_007738,483712,SBI,CREDIT
c_007739,529967,CITI,DEBIT
c_007740,521739,CHASE,DEBIT
c_007741,527819,HDFC,CREDIT
c_007742,407408,CHASE,DEBIT
c_007743,497262,HDFC,CREDIT
c_007744,434116,CHASE,DEBIT
c_007745,448628,CHASE,CREDIT
c_007746,447003,SBI,DEBIT
c_007747,434079,CHASE,CREDIT
c_007748,518752,ICICI,DEBIT
c_007749,530031,CITI,DEBIT
c_007750,466934,CHASE,DEBIT
c_007751,526160,CITI,DEBIT
c_007752,515586,CITI,CREDIT
c_007753,529664,SBI,DEBIT
c_007754,450020,CITI,CREDIT
c_007755,451161,CHASE,DEBIT
c_007756,536099,SBI,CREDIT
c_007757,472642,SBI,DEBIT
c_007758,553676,CITI,DEBIT
c_007759,532891,SBI,CREDIT
c_007760,549081,ICICI,DEBIT
c_007761,504797,ICICI,DEBIT
c_007762,426373,CHASE,CREDIT
c_007763,427435,SBI,CREDIT
c_007764,443501,CHASE,CREDIT
c_007765,517003,CITI,CREDIT
c_007766,425915,SBI,CREDIT
c_007767,458689,ICICI,DEBIT
c_007768,418527,CHASE,DEBIT
c_007769,418673,ICICI,CREDIT
c_007770,529788,SBI,CREDIT
c_007771,416665,CITI,CREDIT
c_007772,424842,CHASE,CREDIT
c_007773,494575,HDFC,DEBIT
c_007774,429506,HDFC,DEBIT
c_007775,411360,ICICI,CREDIT
c_007776,538502,CHASE,CREDIT
c_007777,547600,SBI,CREDIT
c_007778,414785,HDFC,CREDIT
c_007779,431621,ICICI,CREDIT
c_007780,459586,CITI,DEBIT
c_007781,510572,ICICI,DEBIT
c_007782,400733,SBI,DEBIT
c_007783,530008,CHASE,DEBIT
c_007784,444722,CITI,CREDIT
c_007785,550875,ICICI,CREDIT
c_007786,475231,CHASE,DEBIT
c_007787,446920,CHASE,CREDIT
c_007788,483167,ICICI,DEBIT
c_007789,420109,SBI,DEBIT
c_007790,468196,ICICI,CREDIT
c_007791,435126,HDFC,CREDIT
c_007792,485241,CHASE,DEBIT
c_007793,425434,SBI,CREDIT
c_007794,465823,CITI,CREDIT
c_007795,430157,CITI,CREDIT
c_007796,470822,SBI,CREDIT
c_007797,446087,SBI,DEBIT
c_007798,544929,SBI,DEBIT
c_007799,550653,ICICI,CREDIT
c_007800,517114,HDFC,CREDIT
c_007801,518087,ICICI,CREDIT
c_007802,538396,SBI,DEBIT
c_007803,516575,HDFC,CREDIT
c_007804,428785,CITI,DEBIT
c_007805,491638,HDFC,DEBIT
c_007806,408000,ICICI,DEBIT
c_007807,539264,CHASE,CREDIT
c_007808,434230,HDFC,CREDIT
c_007809,493094,CITI,DEBIT
c_007810,471798,SBI,CREDIT
c_007811,508593,CHASE,DEBIT
c_007812,507002,CHASE,CREDIT
c_007813,498680,HDFC,DEBIT
c_007814,487266,HDFC,CREDIT
c_007815,461496,SBI,DEBIT
c_007816,421279,HDFC,DEBIT
c_007817,502815,SBI,CREDIT
c_007818,518909,CHASE,CREDIT
c_007819,520963,SBI,CREDIT
c_007820,503496,SBI,CREDIT
c_007821,450483,ICICI,CREDIT
c_007822,525748,SBI,DEBIT
c_007823,415376,SBI,DEBIT
c_007824,513566,CITI,CREDIT
c_007825,405508,ICICI,DEBIT
c_007826,463874,HDFC,CREDIT
c_007827,511732,ICICI,DEBIT
c_007828,481426,CHASE,DEBIT
c_007829,509618,HDFC,CREDIT
c_007830,487664,ICICI,CREDIT
c_007831,457600,HDFC,CREDIT
c_007832,453435,SBI,DEBIT
c_007833,542389,CITI,DEBIT
c_007834,528644,CITI,DEBIT
c_007835,509539,ICICI,DEBIT
c_007836,416360,CITI,CREDIT
c_007837,429211,SBI,DEBIT
c_007838,525567,HDFC,DEBIT
c_007839,513201,CHASE,DEBIT
c_007840,504151,CITI,DEBIT
c_007841,457738,CHASE,CREDIT
c_007842,415120,SBI,DEBIT
c_007843,470567,HDFC,DEBIT
c_007844,520618,CITI,CREDIT
c_007845,516146,CITI,CREDIT
c_007846,453144,HDFC,CREDIT
c_007847,508110,CHASE,DEBIT
c_007848,548822,CITI,CREDIT
c_007849,412763,CITI,CREDIT
c_007850,471079,CITI,CREDIT
c_007851,418147,ICICI,DEBIT
c_007852,558619,CITI,DEBIT
c_007853,404823,CITI,CREDIT
c_007854,541834,CITI,CREDIT
c_007855,522969,CHASE,DEBIT
c_007856,467099,ICICI,CREDIT
c_007857,491282,CITI,CREDIT
c_007858,539206,CHASE,CREDIT
c_007859,446390,CHASE,CREDIT
c_007860,531654,ICICI,DEBIT
c_007861,403200,HDFC,CREDIT
c_007862,416987,SBI,CREDIT
c_007863,527959,SBI,CREDIT
c_007864,404182,HDFC,DEBIT
c_007865,456644,CHASE,CREDIT
c_007866,439685,HDFC,DEBIT
c_007867,485859,CHASE,CREDIT
c_007868,536808,HDFC,CREDIT
c_007869,404656,CITI,DEBIT
c_007870,540170,ICICI,CREDIT
c_007871,506355,SBI,DEBIT
c_007872,462908,CHASE,DEBIT
c_007873,510137,SBI,DEBIT
c_007874,548871,SBI,DEBIT
c_007875,456784,HDFC,CREDIT
c_007876,549437,CHASE,DEBIT
c_007877,522993,CITI,DEBIT
c_007878,458382,HDFC,DEBIT
c_007879,495571,HDFC,DEBIT
c_007880,463257,CHASE,DEBIT
c_007881,406903,SBI,CREDIT
c_007882,555750,HDFC,CREDIT
c_007883,513300,SBI,CREDIT
c_007884,556873,SBI,DEBIT
c_007885,490994,CITI,DEBIT
c_007886,486142,HDFC,DEBIT
c_007887,466836,ICICI,CREDIT
c_007888,546728,CITI,DEBIT
c_007889,419043,CITI,DEBIT
c_007890,513774,CITI,DEBIT
c_007891,405533,CITI,CREDIT
c_007892,413102,CHASE,DEBIT
c_007893,476415,SBI,DEBIT
c_007894,512433,CHASE,CREDIT
c_007895,425170,HDFC,CREDIT
c_007896,522315,ICICI,CREDIT
c_007897,442779,HDFC,CREDIT
c_007898,522890,HDFC,DEBIT
c_007899,489728,CITI,CREDIT
c_007900,545325,ICICI,CREDIT
c_007901,403053,SBI,CREDIT
c_007902,527015,CITI,CREDIT
c_007903,526920,ICICI,CREDIT
c_007904,401772,HDFC,DEBIT
c_007905,415393,ICICI,DEBIT
c_007906,495813,HDFC,CREDIT
c_007907,424212,CHASE,CREDIT
c_007908,554528,CITI,CREDIT
c_007909,446680,ICICI,CREDIT
c_007910,479626,CHASE,CREDIT
c_007911,469197,HDFC,CREDIT
c_007912,554611,SBI,DEBIT
c_007913,447487,SBI,DEBIT
c_007914,557046,CITI,DEBIT
c_007915,421692,HDFC,DEBIT
c_007916,505779,ICICI,DEBIT
c_007917,468775,CITI,DEBIT
c_007918,437990,CHASE,CREDIT
c_007919,524118,HDFC,CREDIT
c_007920,551323,SBI,DEBIT
c_007921,510793,CITI,DEBIT
c_007922,461548,CITI,CREDIT
c_007923,497184,SBI,DEBIT
c_007924,472943,SBI,DEBIT
c_007925,423960,ICICI,DEBIT
c_007926,430720,HDFC,CREDIT
c_007927,488833,CHASE,CREDIT
c_007928,557816,SBI,DEBIT
c_007929,497165,HDFC,DEBIT
c_007930,543043,SBI,CREDIT
c_007931,465121,ICICI,DEBIT
c_007932,523352,SBI,DEBIT
c_007933,532183,ICICI,CREDIT
c_007934,463494,HDFC,CREDIT
c_007935,483785,ICICI,CREDIT
c_007936,439230,ICICI,DEBIT
c_007937,473075,ICICI,CREDIT
c_007938,437944,HDFC,DEBIT
c_007939,549143,SBI,CREDIT
c_007940,551022,CHASE,CREDIT
c_007941,514602,ICICI,DEBIT
c_007942,528668,ICICI,DEBIT
c_007943,497985,HDFC,DEBIT
c_007944,510183,SBI,CREDIT
c_007945,485477,CITI,DEBIT
c_007946,479906,CITI,DEBIT
c_007947,476704,HDFC,CREDIT
c_007948,541834,ICICI,CREDIT
c_007949,449068,SBI,CREDIT
c_007950,536725,CHASE,DEBIT
c_007951,551136,ICICI,CREDIT
c_007952,406107,CHASE,DEBIT
c_007953,494686,CITI,CREDIT
c_007954,457038,CHASE,DEBIT
c_007955,537252,HDFC,CREDIT
c_007956,492290,CITI,DEBIT
c_007957,435620,CHASE,DEBIT
c_007958,453178,HDFC,CREDIT
c_007959,520634,SBI,DEBIT
c_007960,416650,HDFC,CREDIT
c_007961,451895,ICICI,CREDIT
c_007962,406410,ICICI,CREDIT
c_007963,425022,SBI,CREDIT
c_007964,524990,SBI,CREDIT
c_007965,542821,CITI,CREDIT
c_007966,455454,CHASE,DEBIT
c_007967,461962,CHASE,CREDIT
c_007968,402071,CITI,DEBIT
c_007969,487233,ICICI,DEBIT
c_007970,541459,CITI,DEBIT
c_007971,446094,ICICI,DEBIT
c_007972,502326,SBI,CREDIT
c_007973,495359,ICICI,CREDIT
c_007974,501953,SBI,CREDIT
c_007975,487077,HDFC,DEBIT
c_007976,485902,CHASE,DEBIT
c_007977,444310,ICICI,DEBIT
c_007978,541990,ICICI,CREDIT
c_007979,506914,SBI,CREDIT
c_007980,434474,CITI,CREDIT
c_007981,431987,ICICI,DEBIT
c_007982,517327,HDFC,CREDIT
c_007983,411629,CHASE,DEBIT
c_007984,558652,CITI,CREDIT
c_007985,489094,HDFC,DEBIT
c_007986,500751,CITI,DEBIT
c_007987,535973,ICICI,DEBIT
c_007988,418508,CHASE,DEBIT
c_007989,552624,CITI,CREDIT
c_007990,403856,SBI,DEBIT
c_007991,527072,CITI,CREDIT
c_007992,529856,HDFC,DEBIT
c_007993,464347,CHASE,DEBIT
c_007994,403268,SBI,CREDIT
c_007995,556892,SBI,CREDIT
c_007996,446191,SBI,DEBIT
c_007997,552376,CHASE,CREDIT
c_007998,419219,ICICI,DEBIT
c_007999,483651,ICICI,DEBIT
