txn_id,note_text,created_at
tx_2024-01_30648,Device fingerprint inconsistent.,2025-05-16 08:34:14
tx_2024-01_124225,Merchant previously linked to fraud ring.,2025-04-16 06:51:54
tx_2024-01_127083,Device fingerprint inconsistent.,2025-01-10 09:33:57
tx_2024-01_83684,Multiple failed attempts before success.,2025-04-04 11:58:58
tx_2024-01_147469,Multiple failed attempts before success.,2025-08-21 03:39:00
tx_2024-01_8804,Cardholder reported unauthorized transaction.,2025-05-05 08:06:25
tx_2024-01_53419,Device fingerprint inconsistent.,2025-07-02 15:05:45
tx_2024-01_74923,Cardholder reported unauthorized transaction.,2025-07-28 03:05:21
tx_2024-01_117627,Cardholder reported unauthorized transaction.,2025-07-16 06:50:06
tx_2024-01_35404,Device fingerprint inconsistent.,2025-03-27 00:28:27
tx_2024-01_50462,Multiple failed attempts before success.,2025-08-25 19:15:44
tx_2024-01_130613,Merchant previously linked to fraud ring.,2025-03-09 09:46:59
tx_2024-01_16699,Merchant previously linked to fraud ring.,2025-01-08 20:15:20
tx_2024-01_144799,Multiple failed attempts before success.,2025-05-26 21:51:13
tx_2024-01_88431,Device fingerprint inconsistent.,2025-04-20 11:18:55
tx_2024-01_116197,Device fingerprint inconsistent.,2025-12-11 18:14:12
tx_2024-01_41594,Merchant previously linked to fraud ring.,2025-11-12 23:06:33
tx_2024-01_44274,Device fingerprint inconsistent.,2025-06-28 13:10:11
tx_2024-01_85582,Cardholder reported unauthorized transaction.,2025-03-12 06:21:57
tx_2024-01_102797,Device fingerprint inconsistent.,2025-08-24 08:59:36
tx_2024-01_129436,Multiple failed attempts before success.,2025-12-06 17:54:45
tx_2024-01_65959,Device fingerprint inconsistent.,2025-11-17 07:44:52
tx_2024-01_114320,Merchant previously linked to fraud ring.,2025-02-14 10:55:28
tx_2024-01_77270,Cardholder reported unauthorized transaction.,2025-09-13 14:24:24
tx_2024-01_143721,Merchant previously linked to fraud ring.,2025-11-26 08:40:15
tx_2024-01_62179,Cardholder reported unauthorized transaction.,2025-01-25 11:55:05
tx_2024-01_17775,Device fingerprint inconsistent.,2025-08-24 18:27:41
tx_2024-01_76707,Cardholder reported unauthorized transaction.,2025-07-25 10:48:28
tx_2024-01_95049,Cardholder reported unauthorized transaction.,2025-01-29 14:23:45
tx_2024-01_99837,Multiple failed attempts before success.,2025-06-16 11:12:29
tx_2024-01_91583,Merchant previously linked to fraud ring.,2025-06-02 19:11:54
tx_2024-01_114547,Multiple failed attempts before success.,2025-05-04 17:24:34
tx_2024-01_87515,Cardholder reported unauthorized transaction.,2025-07-23 16:31:28
tx_2024-01_45982,Cardholder reported unauthorized transaction.,2025-05-04 14:17:33
tx_2024-01_112773,Multiple failed attempts before success.,2025-12-13 21:48:27
tx_2024-01_77892,Merchant previously linked to fraud ring.,2025-06-06 19:00:20
tx_2024-01_82831,Multiple failed attempts before success.,2025-06-23 18:03:46
tx_2024-01_28513,Merchant previously linked to fraud ring.,2025-07-19 12:55:00
tx_2024-01_88636,Device fingerprint inconsistent.,2025-01-31 08:11:22
tx_2024-01_148769,Device fingerprint inconsistent.,2025-03-15 18:02:44
tx_2024-01_62647,Cardholder reported unauthorized transaction.,2025-06-30 06:22:23
tx_2024-01_71249,Cardholder reported unauthorized transaction.,2025-03-04 15:41:09
tx_2024-01_25083,Merchant previously linked to fraud ring.,2025-04-21 11:06:01
tx_2024-01_117676,Cardholder reported unauthorized transaction.,2025-10-29 10:28:27
tx_2024-01_80079,Device fingerprint inconsistent.,2025-01-11 10:49:21
tx_2024-01_97217,Multiple failed attempts before success.,2025-10-02 07:50:33
tx_2024-01_70564,Multiple failed attempts before success.,2025-07-31 13:58:28
tx_2024-01_95276,Multiple failed attempts before success.,2025-03-26 02:06:59
tx_2024-01_11646,Multiple failed attempts before success.,2025-11-23 22:05:29
tx_2024-01_91022,Multiple failed attempts before success.,2025-04-19 22:11:04
tx_2024-01_17362,Merchant previously linked to fraud ring.,2025-02-02 14:53:23
tx_2024-01_1640,Cardholder reported unauthorized transaction.,2025-02-07 16:36:26
tx_2024-01_98087,Cardholder reported unauthorized transaction.,2025-08-03 01:29:54
tx_2024-01_28823,Merchant previously linked to fraud ring.,2025-01-16 00:41:11
tx_2024-01_74506,Multiple failed attempts before success.,2025-10-15 04:54:20
tx_2024-01_123730,Merchant previously linked to fraud ring.,2025-02-18 12:43:40
tx_2024-01_138404,Device fingerprint inconsistent.,2025-04-27 13:44:02
tx_2024-01_47076,Multiple failed attempts before success.,2025-10-16 00:42:51
tx_2024-01_78927,Multiple failed attempts before success.,2025-06-23 13:29:33
tx_2024-01_70038,Multiple failed attempts before success.,2025-08-03 12:00:46
tx_2024-01_133683,Merchant previously linked to fraud ring.,2025-01-31 21:49:15
tx_2024-01_133907,Merchant previously linked to fraud ring.,2025-11-10 10:12:48
tx_2024-01_89757,Cardholder reported unauthorized transaction.,2025-10-20 19:18:18
tx_2024-01_89528,Multiple failed attempts before success.,2025-11-10 08:42:40
tx_2024-01_142102,Device fingerprint inconsistent.,2025-01-25 12:54:38
tx_2024-01_21061,Multiple failed attempts before success.,2025-11-19 16:59:25
tx_2024-01_38760,Device fingerprint inconsistent.,2025-05-04 12:11:59
tx_2024-01_29897,Multiple failed attempts before success.,2025-10-26 07:22:06
tx_2024-01_9488,Multiple failed attempts before success.,2025-03-08 05:29:34
tx_2024-01_135202,Device fingerprint inconsistent.,2025-12-05 07:18:48
tx_2024-01_20443,Merchant previously linked to fraud ring.,2025-11-17 15:03:09
tx_2024-01_141345,Merchant previously linked to fraud ring.,2025-11-04 10:38:34
tx_2024-01_87448,Merchant previously linked to fraud ring.,2025-09-11 01:19:17
tx_2024-01_91889,Cardholder reported unauthorized transaction.,2025-02-28 10:44:22
tx_2024-01_88749,Cardholder reported unauthorized transaction.,2025-06-13 14:50:33
tx_2024-01_18698,Device fingerprint inconsistent.,2025-10-07 22:32:10
tx_2024-01_101714,Multiple failed attempts before success.,2025-08-18 05:48:05
tx_2024-01_94773,Cardholder reported unauthorized transaction.,2025-05-07 15:24:03
tx_2024-01_86552,Cardholder reported unauthorized transaction.,2025-07-07 01:59:09
tx_2024-01_22486,Multiple failed attempts before success.,2025-09-08 00:42:43
tx_2024-01_44398,Multiple failed attempts before success.,2025-03-08 09:00:53
tx_2024-01_98898,Merchant previously linked to fraud ring.,2025-04-01 16:01:31
tx_2024-01_79889,Device fingerprint inconsistent.,2025-11-09 14:59:06
tx_2024-01_26023,Device fingerprint inconsistent.,2025-03-17 01:44:35
tx_2024-01_76180,Device fingerprint inconsistent.,2025-09-11 07:49:54
tx_2024-01_72533,Cardholder reported unauthorized transaction.,2025-03-14 06:55:33
tx_2024-01_136220,Multiple failed attempts before success.,2025-07-09 07:31:02
tx_2024-01_31492,Multiple failed attempts before success.,2025-04-03 00:32:56
tx_2024-01_11127,Merchant previously linked to fraud ring.,2025-09-29 21:14:13
tx_2024-01_24677,Device fingerprint inconsistent.,2025-04-27 02:26:36
tx_2024-01_73953,Cardholder reported unauthorized transaction.,2025-06-11 02:53:06
tx_2024-01_130103,Merchant previously linked to fraud ring.,2025-04-22 10:06:07
tx_2024-01_32185,Merchant previously linked to fraud ring.,2025-11-12 21:05:23
tx_2024-01_74026,Device fingerprint inconsistent.,2025-01-02 00:58:57
tx_2024-01_41393,Merchant previously linked to fraud ring.,2025-08-16 01:57:02
tx_2024-01_52507,Device fingerprint inconsistent.,2025-04-25 02:12:31
tx_2024-01_61197,Device fingerprint inconsistent.,2025-02-15 23:35:16
tx_2024-01_14109,Device fingerprint inconsistent.,2025-08-12 13:41:02
tx_2024-01_127562,Cardholder reported unauthorized transaction.,2025-09-26 05:52:20
tx_2024-01_32862,Multiple failed attempts before success.,2025-05-29 13:02:28
tx_2024-01_117018,Cardholder reported unauthorized transaction.,2025-09-17 12:42:12
tx_2024-01_67961,Merchant previously linked to fraud ring.,2025-06-19 13:45:40
tx_2024-01_90620,Multiple failed attempts before success.,2025-09-11 03:41:38
tx_2024-01_81963,Cardholder reported unauthorized transaction.,2025-10-20 00:27:31
tx_2024-01_127863,Merchant previously linked to fraud ring.,2025-06-28 15:53:24
tx_2024-01_34530,Device fingerprint inconsistent.,2025-03-10 20:40:12
tx_2024-01_76029,Device fingerprint inconsistent.,2025-12-09 10:21:35
tx_2024-01_142512,Device fingerprint inconsistent.,2025-04-06 18:47:20
tx_2024-01_90836,Multiple failed attempts before success.,2025-11-18 22:53:36
tx_2024-01_23997,Device fingerprint inconsistent.,2025-02-07 14:33:25
tx_2024-01_97392,Device fingerprint inconsistent.,2025-05-05 11:13:07
tx_2024-01_149729,Multiple failed attempts before success.,2025-09-02 19:34:03
tx_2024-01_101138,Device fingerprint inconsistent.,2025-12-13 08:36:23
tx_2024-01_1920,Cardholder reported unauthorized transaction.,2025-11-28 21:07:36
tx_2024-01_111499,Device fingerprint inconsistent.,2025-11-26 14:39:35
tx_2024-01_5474,Cardholder reported unauthorized transaction.,2025-10-29 13:50:32
tx_2024-01_22515,Cardholder reported unauthorized transaction.,2025-05-21 23:42:59
tx_2024-01_10260,Multiple failed attempts before success.,2025-08-04 03:08:18
tx_2024-01_118996,Cardholder reported unauthorized transaction.,2025-04-09 22:38:12
tx_2024-01_23562,Cardholder reported unauthorized transaction.,2025-02-12 07:32:49
tx_2024-01_125459,Multiple failed attempts before success.,2025-10-23 11:12:37
tx_2024-01_92276,Cardholder reported unauthorized transaction.,2025-03-04 20:20:20
tx_2024-01_128035,Cardholder reported unauthorized transaction.,2025-12-17 12:29:02
tx_2024-01_94773,Cardholder reported unauthorized transaction.,2025-12-15 01:32:15
tx_2024-01_51192,Device fingerprint inconsistent.,2025-01-28 11:39:01
tx_2024-01_23344,Cardholder reported unauthorized transaction.,2025-04-30 22:56:17
tx_2024-01_148120,Device fingerprint inconsistent.,2025-01-13 12:40:26
tx_2024-01_11824,Multiple failed attempts before success.,2025-07-31 15:02:15
tx_2024-01_49121,Merchant previously linked to fraud ring.,2025-07-06 21:44:47
tx_2024-01_45830,Merchant previously linked to fraud ring.,2025-12-07 20:39:10
tx_2024-01_134563,Device fingerprint inconsistent.,2025-08-18 02:25:31
tx_2024-01_16152,Multiple failed attempts before success.,2025-06-18 22:41:54
tx_2024-01_5145,Multiple failed attempts before success.,2025-04-27 19:19:21
tx_2024-01_38323,Multiple failed attempts before success.,2025-10-07 07:36:26
tx_2024-01_38724,Merchant previously linked to fraud ring.,2025-01-26 06:54:49
tx_2024-01_98123,Merchant previously linked to fraud ring.,2025-12-12 11:37:57
tx_2024-01_66177,Merchant previously linked to fraud ring.,2025-04-20 03:53:54
tx_2024-01_36476,Multiple failed attempts before success.,2025-08-29 07:59:27
tx_2024-01_122680,Cardholder reported unauthorized transaction.,2025-02-23 02:16:10
tx_2024-01_65703,Multiple failed attempts before success.,2025-08-30 12:25:14
tx_2024-01_37641,Cardholder reported unauthorized transaction.,2025-03-09 20:14:22
tx_2024-01_130831,Cardholder reported unauthorized transaction.,2025-11-23 22:10:00
tx_2024-01_93813,Cardholder reported unauthorized transaction.,2025-04-29 20:06:06
tx_2024-01_146619,Device fingerprint inconsistent.,2025-07-09 00:46:01
tx_2024-01_46392,Merchant previously linked to fraud ring.,2025-03-11 03:36:27
tx_2024-01_93295,Merchant previously linked to fraud ring.,2025-03-05 21:16:26
tx_2024-01_39074,Cardholder reported unauthorized transaction.,2025-03-18 08:09:21
tx_2024-01_95252,Cardholder reported unauthorized transaction.,2025-07-28 15:51:36
tx_2024-01_27696,Merchant previously linked to fraud ring.,2025-04-15 23:15:03
tx_2024-01_138989,Multiple failed attempts before success.,2025-05-31 16:45:17
tx_2024-01_34214,Cardholder reported unauthorized transaction.,2025-06-22 21:12:44
tx_2024-01_53717,Device fingerprint inconsistent.,2025-12-01 07:15:54
tx_2024-01_107333,Merchant previously linked to fraud ring.,2025-11-21 12:55:38
tx_2024-01_110462,Device fingerprint inconsistent.,2025-05-14 01:26:05
tx_2024-01_121015,Multiple failed attempts before success.,2025-01-28 09:19:46
tx_2024-01_99597,Device fingerprint inconsistent.,2025-09-10 00:31:04
tx_2024-01_3361,Merchant previously linked to fraud ring.,2025-09-22 03:23:01
tx_2024-01_20612,Merchant previously linked to fraud ring.,2025-03-04 23:52:58
tx_2024-01_79049,Multiple failed attempts before success.,2025-05-09 09:50:12
tx_2024-01_82823,Multiple failed attempts before success.,2025-05-31 06:49:23
tx_2024-01_17452,Multiple failed attempts before success.,2025-06-23 17:34:37
tx_2024-01_70912,Multiple failed attempts before success.,2025-11-09 00:23:26
tx_2024-01_25146,Cardholder reported unauthorized transaction.,2025-04-22 16:16:33
tx_2024-01_97733,Device fingerprint inconsistent.,2025-10-03 11:00:17
tx_2024-01_142242,Device fingerprint inconsistent.,2025-05-09 12:53:13
tx_2024-01_125686,Merchant previously linked to fraud ring.,2025-06-12 09:28:55
tx_2024-01_117089,Merchant previously linked to fraud ring.,2025-03-12 18:37:00
tx_2024-01_79618,Device fingerprint inconsistent.,2025-05-10 04:46:16
tx_2024-01_70766,Cardholder reported unauthorized transaction.,2025-04-06 02:52:05
tx_2024-01_58824,Merchant previously linked to fraud ring.,2025-03-15 02:00:34
tx_2024-01_114519,Multiple failed attempts before success.,2025-01-05 14:16:15
tx_2024-01_52323,Multiple failed attempts before success.,2025-03-30 23:35:39
tx_2024-01_98487,Multiple failed attempts before success.,2025-01-26 22:27:04
tx_2024-01_76773,Multiple failed attempts before success.,2025-06-12 01:32:37
tx_2024-01_94698,Multiple failed attempts before success.,2025-07-11 09:21:11
tx_2024-01_7062,Multiple failed attempts before success.,2025-07-04 01:17:26
tx_2024-01_50294,Merchant previously linked to fraud ring.,2025-06-19 08:08:19
tx_2024-01_45698,Cardholder reported unauthorized transaction.,2025-04-27 12:52:54
tx_2024-01_122784,Device fingerprint inconsistent.,2025-02-04 23:22:19
tx_2024-01_81278,Device fingerprint inconsistent.,2025-04-03 16:35:35
tx_2024-01_53415,Merchant previously linked to fraud ring.,2025-09-11 20:55:04
tx_2024-01_131027,Merchant previously linked to fraud ring.,2025-01-11 22:00:08
tx_2024-01_143569,Merchant previously linked to fraud ring.,2025-09-01 18:31:07
tx_2024-01_84693,Device fingerprint inconsistent.,2025-10-22 10:12:37
tx_2024-01_22294,Cardholder reported unauthorized transaction.,2025-03-17 07:43:38
tx_2024-01_20691,Merchant previously linked to fraud ring.,2025-04-16 14:55:26
tx_2024-01_112519,Device fingerprint inconsistent.,2025-06-03 01:33:34
tx_2024-01_116898,Multiple failed attempts before success.,2025-07-17 06:04:19
tx_2024-01_138180,Cardholder reported unauthorized transaction.,2025-11-04 10:53:52
tx_2024-01_97731,Cardholder reported unauthorized transaction.,2025-11-20 18:09:23
tx_2024-01_38109,Merchant previously linked to fraud ring.,2025-07-01 13:34:57
tx_2024-01_131436,Device fingerprint inconsistent.,2025-04-30 18:00:18
tx_2024-01_21254,Device fingerprint inconsistent.,2025-08-04 16:04:01
tx_2024-01_54639,Multiple failed attempts before success.,2025-07-02 02:19:38
tx_2024-01_41818,Device fingerprint inconsistent.,2025-10-22 14:56:57
tx_2024-01_76258,Multiple failed attempts before success.,2025-10-17 22:42:05
tx_2024-01_90395,Device fingerprint inconsistent.,2025-03-11 21:09:55
tx_2024-01_37419,Cardholder reported unauthorized transaction.,2025-09-04 20:55:29
tx_2024-01_113901,Merchant previously linked to fraud ring.,2025-02-21 06:27:58
tx_2024-01_106114,Cardholder reported unauthorized transaction.,2025-11-13 04:53:36
tx_2024-01_110376,Cardholder reported unauthorized transaction.,2025-07-12 17:30:17
tx_2024-01_89413,Device fingerprint inconsistent.,2025-10-23 09:43:26
tx_2024-01_9747,Cardholder reported unauthorized transaction.,2025-10-10 23:46:24
tx_2024-01_44801,Multiple failed attempts before success.,2025-05-25 17:47:50
tx_2024-01_69294,Multiple failed attempts before success.,2025-09-23 14:26:29
tx_2024-01_14055,Device fingerprint inconsistent.,2025-03-06 07:42:39
tx_2024-01_4592,Device fingerprint inconsistent.,2025-04-08 16:48:41
tx_2024-01_78169,Multiple failed attempts before success.,2025-09-05 04:48:28
tx_2024-01_71729,Merchant previously linked to fraud ring.,2025-02-13 07:43:37
tx_2024-01_127000,Merchant previously linked to fraud ring.,2025-11-20 17:18:36
tx_2024-01_54871,Cardholder reported unauthorized transaction.,2025-11-10 16:00:22
tx_2024-01_141729,Merchant previously linked to fraud ring.,2025-03-20 20:41:57
tx_2024-01_127681,Multiple failed attempts before success.,2025-02-11 13:43:51
tx_2024-01_147962,Merchant previously linked to fraud ring.,2025-07-16 14:04:38
tx_2024-01_74938,Multiple failed attempts before success.,2025-05-09 11:34:29
tx_2024-01_72403,Device fingerprint inconsistent.,2025-05-21 07:28:53
tx_2024-01_93715,Cardholder reported unauthorized transaction.,2025-01-25 13:21:48
tx_2024-01_1371,Merchant previously linked to fraud ring.,2025-11-19 13:10:56
tx_2024-01_76194,Multiple failed attempts before success.,2025-07-31 11:49:55
tx_2024-01_57056,Multiple failed attempts before success.,2025-03-09 17:17:49
tx_2024-01_84686,Merchant previously linked to fraud ring.,2025-07-21 06:37:55
tx_2024-01_36472,Multiple failed attempts before success.,2025-12-05 23:48:26
tx_2024-01_34271,Multiple failed attempts before success.,2025-01-29 03:36:02
tx_2024-01_41274,Merchant previously linked to fraud ring.,2025-01-05 04:13:49
tx_2024-01_103412,Cardholder reported unauthorized transaction.,2025-11-09 01:30:15
tx_2024-01_118327,Multiple failed attempts before success.,2025-11-10 16:55:21
tx_2024-01_79942,Device fingerprint inconsistent.,2025-01-02 12:04:51
tx_2024-01_94249,Merchant previously linked to fraud ring.,2025-08-24 08:01:06
tx_2024-01_142998,Device fingerprint inconsistent.,2025-10-25 23:53:47
tx_2024-01_47893,Merchant previously linked to fraud ring.,2025-09-22 05:39:44
tx_2024-01_17507,Multiple failed attempts before success.,2025-10-17 18:22:39
tx_2024-01_32251,Device fingerprint inconsistent.,2025-05-05 13:50:28
tx_2024-01_142173,Multiple failed attempts before success.,2025-12-08 17:28:57
tx_2024-01_67705,Cardholder reported unauthorized transaction.,2025-05-07 00:17:22
tx_2024-01_94565,Device fingerprint inconsistent.,2025-03-11 17:45:12
tx_2024-01_20965,Device fingerprint inconsistent.,2025-11-13 05:53:53
tx_2024-01_129988,Device fingerprint inconsistent.,2025-11-02 08:41:08
tx_2024-01_110939,Merchant previously linked to fraud ring.,2025-03-27 17:07:08
tx_2024-01_7641,Multiple failed attempts before success.,2025-08-18 09:24:19
tx_2024-01_54748,Multiple failed attempts before success.,2025-09-19 00:40:16
tx_2024-01_99748,Merchant previously linked to fraud ring.,2025-08-21 21:37:08
tx_2024-01_14585,Cardholder reported unauthorized transaction.,2025-12-04 11:53:40
tx_2024-01_54908,Merchant previously linked to fraud ring.,2025-05-09 08:41:39
tx_2024-01_109662,Device fingerprint inconsistent.,2025-06-30 20:54:57
tx_2024-01_38445,Merchant previously linked to fraud ring.,2025-11-25 10:08:02
tx_2024-01_19119,Cardholder reported unauthorized transaction.,2025-12-14 21:11:10
tx_2024-01_1791,Merchant previously linked to fraud ring.,2025-12-15 14:21:26
tx_2024-01_121046,Multiple failed attempts before success.,2025-02-21 01:35:53
tx_2024-01_75769,Device fingerprint inconsistent.,2025-09-29 21:28:01
tx_2024-01_73188,Device fingerprint inconsistent.,2025-06-28 02:47:31
tx_2024-01_44178,Merchant previously linked to fraud ring.,2025-01-28 06:51:39
tx_2024-01_108177,Multiple failed attempts before success.,2025-09-06 08:09:39
tx_2024-01_54399,Merchant previously linked to fraud ring.,2025-10-26 02:48:03
tx_2024-01_38701,Multiple failed attempts before success.,2025-07-30 01:49:19
tx_2024-01_49042,Device fingerprint inconsistent.,2025-06-17 08:13:10
tx_2024-01_63701,Cardholder reported unauthorized transaction.,2025-11-09 14:39:14
tx_2024-01_30059,Multiple failed attempts before success.,2025-08-17 10:10:56
tx_2024-01_121385,Device fingerprint inconsistent.,2025-12-15 13:41:03
tx_2024-01_4691,Cardholder reported unauthorized transaction.,2025-03-20 12:53:42
tx_2024-01_61019,Device fingerprint inconsistent.,2025-11-21 07:46:26
tx_2024-01_112634,Cardholder reported unauthorized transaction.,2025-08-03 05:21:57
tx_2024-01_47313,Device fingerprint inconsistent.,2025-08-05 04:45:06
tx_2024-01_54437,Cardholder reported unauthorized transaction.,2025-02-17 02:05:36
tx_2024-01_3505,Merchant previously linked to fraud ring.,2025-06-20 20:09:40
tx_2024-01_113590,Device fingerprint inconsistent.,2025-02-14 10:16:43
tx_2024-01_28091,Multiple failed attempts before success.,2025-12-04 16:24:49
tx_2024-01_112822,Cardholder reported unauthorized transaction.,2025-01-14 00:22:38
tx_2024-01_64674,Device fingerprint inconsistent.,2025-05-27 20:37:41
tx_2024-01_137900,Device fingerprint inconsistent.,2025-02-17 22:49:56
tx_2024-01_122782,Device fingerprint inconsistent.,2025-02-23 08:24:14
tx_2024-01_99870,Merchant previously linked to fraud ring.,2025-08-25 04:33:16
tx_2024-01_43434,Merchant previously linked to fraud ring.,2025-02-26 14:50:55
tx_2024-01_140358,Device fingerprint inconsistent.,2025-08-14 03:14:40
tx_2024-01_9898,Device fingerprint inconsistent.,2025-10-01 21:37:55
tx_2024-01_120724,Cardholder reported unauthorized transaction.,2025-02-17 18:19:58
tx_2024-01_77036,Cardholder reported unauthorized transaction.,2025-01-04 20:29:40
tx_2024-01_51426,Merchant previously linked to fraud ring.,2025-05-15 10:09:32
tx_2024-01_126406,Merchant previously linked to fraud ring.,2025-05-08 03:29:12
tx_2024-01_128971,Merchant previously linked to fraud ring.,2025-08-05 07:27:24
tx_2024-01_81481,Device fingerprint inconsistent.,2025-04-16 14:19:26
tx_2024-01_67165,Merchant previously linked to fraud ring.,2025-08-07 21:46:31
tx_2024-01_31038,Device fingerprint inconsistent.,2025-11-09 07:38:12
tx_2024-01_109018,Device fingerprint inconsistent.,2025-01-13 15:50:24
tx_2024-01_94404,Device fingerprint inconsistent.,2025-09-10 12:26:55
tx_2024-01_57728,Cardholder reported unauthorized transaction.,2025-09-24 10:58:01
tx_2024-01_81338,Device fingerprint inconsistent.,2025-02-02 02:09:55
tx_2024-01_27441,Multiple failed attempts before success.,2025-12-11 00:58:46
tx_2024-01_55516,Device fingerprint inconsistent.,2025-07-02 02:53:20
tx_2024-01_77005,Merchant previously linked to fraud ring.,2025-04-17 20:10:58
tx_2024-01_142937,Multiple failed attempts before success.,2025-01-13 11:48:46
tx_2024-01_50376,Device fingerprint inconsistent.,2025-03-28 14:43:38
tx_2024-01_39873,Multiple failed attempts before success.,2025-05-08 15:20:31
tx_2024-01_118776,Device fingerprint inconsistent.,2025-03-30 09:37:01
tx_2024-01_84281,Multiple failed attempts before success.,2025-11-03 19:47:56
tx_2024-01_37261,Device fingerprint inconsistent.,2025-07-30 12:29:13
tx_2024-01_145016,Device fingerprint inconsistent.,2025-08-08 15:55:03
tx_2024-01_96969,Multiple failed attempts before success.,2025-05-19 11:15:58
tx_2024-01_41527,Merchant previously linked to fraud ring.,2025-02-11 09:05:28
tx_2024-01_88896,Cardholder reported unauthorized transaction.,2025-02-13 13:20:49
tx_2024-01_144786,Multiple failed attempts before success.,2025-07-22 06:18:22
tx_2024-01_76722,Cardholder reported unauthorized transaction.,2025-09-06 18:24:34
tx_2024-01_38536,Device fingerprint inconsistent.,2025-12-03 04:45:04
tx_2024-01_144045,Cardholder reported unauthorized transaction.,2025-07-26 21:15:45
tx_2024-01_64876,Merchant previously linked to fraud ring.,2025-01-31 11:05:08
tx_2024-01_49626,Cardholder reported unauthorized transaction.,2025-06-01 19:55:55
tx_2024-01_99832,Merchant previously linked to fraud ring.,2025-03-30 18:29:05
tx_2024-01_138970,Multiple failed attempts before success.,2025-02-14 10:39:08
tx_2024-01_6205,Device fingerprint inconsistent.,2025-09-22 02:42:28
tx_2024-01_48481,Cardholder reported unauthorized transaction.,2025-03-24 04:45:05
tx_2024-01_12840,Cardholder reported unauthorized transaction.,2025-11-30 10:54:30
tx_2024-01_42197,Multiple failed attempts before success.,2025-04-01 00:57:08
tx_2024-01_113811,Multiple failed attempts before success.,2025-04-15 20:51:07
tx_2024-01_48113,Cardholder reported unauthorized transaction.,2025-08-25 04:52:06
tx_2024-01_5906,Device fingerprint inconsistent.,2025-08-13 17:59:35
tx_2024-01_30505,Merchant previously linked to fraud ring.,2025-08-04 09:42:16
tx_2024-01_90479,Cardholder reported unauthorized transaction.,2025-08-10 02:29:51
tx_2024-01_107793,Cardholder reported unauthorized transaction.,2025-07-22 15:55:12
tx_2024-01_438,Cardholder reported unauthorized transaction.,2025-10-17 09:05:30
tx_2024-01_38165,Multiple failed attempts before success.,2025-08-27 11:49:54
tx_2024-01_91289,Device fingerprint inconsistent.,2025-06-06 05:31:34
tx_2024-01_19407,Cardholder reported unauthorized transaction.,2025-09-08 06:20:55
tx_2024-01_93140,Merchant previously linked to fraud ring.,2025-05-03 17:41:31
tx_2024-01_126093,Multiple failed attempts before success.,2025-07-09 10:33:31
tx_2024-01_11364,Device fingerprint inconsistent.,2025-06-30 10:32:44
tx_2024-01_113350,Cardholder reported unauthorized transaction.,2025-07-18 07:12:55
tx_2024-01_142596,Multiple failed attempts before success.,2025-01-05 05:35:45
tx_2024-01_110159,Multiple failed attempts before success.,2025-07-26 15:29:00
tx_2024-01_102174,Merchant previously linked to fraud ring.,2025-12-07 13:58:14
tx_2024-01_105617,Merchant previously linked to fraud ring.,2025-05-13 01:15:59
tx_2024-01_33197,Merchant previously linked to fraud ring.,2025-01-20 01:44:50
tx_2024-01_41823,Device fingerprint inconsistent.,2025-10-12 17:50:04
tx_2024-01_135609,Multiple failed attempts before success.,2025-11-25 08:00:01
tx_2024-01_10555,Cardholder reported unauthorized transaction.,2025-03-30 20:30:24
tx_2024-01_98891,Multiple failed attempts before success.,2025-11-23 14:00:24
tx_2024-01_21181,Merchant previously linked to fraud ring.,2025-12-06 17:07:31
tx_2024-01_25286,Device fingerprint inconsistent.,2025-12-10 19:25:24
tx_2024-01_101269,Cardholder reported unauthorized transaction.,2025-09-21 02:55:38
tx_2024-01_58717,Merchant previously linked to fraud ring.,2025-10-04 14:00:38
tx_2024-01_52904,Merchant previously linked to fraud ring.,2025-03-01 01:13:12
tx_2024-01_90091,Device fingerprint inconsistent.,2025-06-17 16:49:45
tx_2024-01_93429,Multiple failed attempts before success.,2025-02-07 21:29:20
tx_2024-01_8671,Device fingerprint inconsistent.,2025-08-04 20:05:40
tx_2024-01_86380,Device fingerprint inconsistent.,2025-10-28 12:11:28
tx_2024-01_111207,Device fingerprint inconsistent.,2025-12-15 18:22:04
tx_2024-01_105650,Merchant previously linked to fraud ring.,2025-10-21 01:59:59
tx_2024-01_104255,Device fingerprint inconsistent.,2025-03-05 07:10:23
tx_2024-01_93929,Merchant previously linked to fraud ring.,2025-09-16 22:35:42
tx_2024-01_123204,Multiple failed attempts before success.,2025-01-31 10:42:20
tx_2024-01_46368,Multiple failed attempts before success.,2025-09-23 13:36:35
tx_2024-01_27593,Cardholder reported unauthorized transaction.,2025-10-07 17:36:09
tx_2024-01_101067,Merchant previously linked to fraud ring.,2025-07-03 05:42:31
tx_2024-01_133820,Cardholder reported unauthorized transaction.,2025-07-14 14:46:21
tx_2024-01_97708,Merchant previously linked to fraud ring.,2025-11-30 03:54:07
tx_2024-01_78275,Device fingerprint inconsistent.,2025-10-02 02:36:37
tx_2024-01_115473,Device fingerprint inconsistent.,2025-03-30 08:03:26
tx_2024-01_48401,Cardholder reported unauthorized transaction.,2025-04-01 01:13:06
tx_2024-01_116676,Cardholder reported unauthorized transaction.,2025-04-22 06:51:11
tx_2024-01_32080,Multiple failed attempts before success.,2025-05-17 06:40:56
tx_2024-01_126407,Multiple failed attempts before success.,2025-11-20 12:24:22
tx_2024-01_145565,Merchant previously linked to fraud ring.,2025-01-19 13:04:43
tx_2024-01_127934,Merchant previously linked to fraud ring.,2025-11-24 09:17:52
tx_2024-01_35811,Device fingerprint inconsistent.,2025-02-23 17:32:56
tx_2024-01_93930,Device fingerprint inconsistent.,2025-04-16 02:57:39
tx_2024-01_47078,Merchant previously linked to fraud ring.,2025-02-03 20:40:31
tx_2024-01_42522,Device fingerprint inconsistent.,2025-03-14 10:53:29
tx_2024-01_92105,Cardholder reported unauthorized transaction.,2025-12-01 18:05:12
tx_2024-01_115903,Cardholder reported unauthorized transaction.,2025-07-14 04:27:23
tx_2024-01_101985,Cardholder reported unauthorized transaction.,2025-04-23 15:03:09
tx_2024-01_135828,Merchant previously linked to fraud ring.,2025-12-17 14:22:20
tx_2024-01_128773,Merchant previously linked to fraud ring.,2025-08-15 10:33:11
tx_2024-01_112240,Multiple failed attempts before success.,2025-03-08 14:47:19
tx_2024-01_148563,Cardholder reported unauthorized transaction.,2025-11-09 07:09:17
tx_2024-01_133054,Device fingerprint inconsistent.,2025-09-03 03:47:14
tx_2024-01_133335,Multiple failed attempts before success.,2025-12-11 18:38:29
tx_2024-01_9916,Device fingerprint inconsistent.,2025-10-02 21:40:18
tx_2024-01_147008,Cardholder reported unauthorized transaction.,2025-04-05 18:08:19
tx_2024-01_104664,Device fingerprint inconsistent.,2025-03-06 02:18:41
tx_2024-01_122357,Multiple failed attempts before success.,2025-03-24 09:22:23
tx_2024-01_117607,Cardholder reported unauthorized transaction.,2025-12-11 14:09:46
tx_2024-01_125727,Multiple failed attempts before success.,2025-08-26 15:42:01
tx_2024-01_59124,Device fingerprint inconsistent.,2025-01-26 17:18:06
tx_2024-01_85336,Merchant previously linked to fraud ring.,2025-10-02 19:36:43
tx_2024-01_30308,Merchant previously linked to fraud ring.,2025-04-16 19:29:31
tx_2024-01_64049,Multiple failed attempts before success.,2025-05-24 15:20:36
tx_2024-01_25321,Device fingerprint inconsistent.,2025-12-11 14:59:23
tx_2024-01_87973,Device fingerprint inconsistent.,2025-12-03 08:19:34
tx_2024-01_34517,Merchant previously linked to fraud ring.,2025-07-25 16:50:41
tx_2024-01_85637,Multiple failed attempts before success.,2025-12-01 02:16:35
tx_2024-01_4575,Cardholder reported unauthorized transaction.,2025-01-08 02:42:59
tx_2024-01_94392,Device fingerprint inconsistent.,2025-08-31 07:39:21
tx_2024-01_23497,Multiple failed attempts before success.,2025-01-29 05:08:38
tx_2024-01_82561,Cardholder reported unauthorized transaction.,2025-06-16 04:49:46
tx_2024-01_124251,Merchant previously linked to fraud ring.,2025-09-05 07:57:18
tx_2024-01_101522,Multiple failed attempts before success.,2025-01-06 16:15:56
tx_2024-01_140140,Device fingerprint inconsistent.,2025-06-11 12:30:12
tx_2024-01_37975,Device fingerprint inconsistent.,2025-10-31 14:17:00
tx_2024-01_44522,Merchant previously linked to fraud ring.,2025-10-17 19:54:06
tx_2024-01_59600,Device fingerprint inconsistent.,2025-01-30 10:42:22
tx_2024-01_141958,Merchant previously linked to fraud ring.,2025-04-21 10:27:09
tx_2024-01_49763,Cardholder reported unauthorized transaction.,2025-02-07 20:10:37
tx_2024-01_133075,Cardholder reported unauthorized transaction.,2025-11-25 21:12:15
tx_2024-01_87688,Device fingerprint inconsistent.,2025-03-28 03:05:11
tx_2024-01_142800,Multiple failed attempts before success.,2025-12-03 17:43:48
tx_2024-01_69005,Multiple failed attempts before success.,2025-09-26 07:01:15
tx_2024-01_104552,Cardholder reported unauthorized transaction.,2025-11-17 16:18:39
tx_2024-01_84848,Multiple failed attempts before success.,2025-07-27 14:10:01
tx_2024-01_86944,Cardholder reported unauthorized transaction.,2025-10-07 14:12:19
tx_2024-01_72005,Cardholder reported unauthorized transaction.,2025-03-07 00:08:03
tx_2024-01_47703,Multiple failed attempts before success.,2025-11-01 11:21:10
tx_2024-01_130584,Merchant previously linked to fraud ring.,2025-08-30 22:27:04
tx_2024-01_120043,Merchant previously linked to fraud ring.,2025-12-08 09:26:26
tx_2024-01_18339,Merchant previously linked to fraud ring.,2025-04-09 22:43:59
tx_2024-01_7489,Multiple failed attempts before success.,2025-02-10 08:39:05
tx_2024-01_84539,Cardholder reported unauthorized transaction.,2025-08-01 15:43:44
tx_2024-01_3911,Multiple failed attempts before success.,2025-06-11 15:29:23
tx_2024-01_12017,Cardholder reported unauthorized transaction.,2025-08-04 06:37:57
tx_2024-01_66305,Device fingerprint inconsistent.,2025-08-21 18:15:13
tx_2024-01_87140,Device fingerprint inconsistent.,2025-08-12 08:13:18
tx_2024-01_40071,Device fingerprint inconsistent.,2025-05-12 03:30:22
tx_2024-01_68412,Merchant previously linked to fraud ring.,2025-04-27 14:37:09
tx_2024-01_44274,Multiple failed attempts before success.,2025-12-01 22:14:41
tx_2024-01_77977,Multiple failed attempts before success.,2025-10-23 17:44:59
tx_2024-01_50188,Cardholder reported unauthorized transaction.,2025-06-05 09:51:31
tx_2024-01_22288,Merchant previously linked to fraud ring.,2025-04-17 11:00:15
tx_2024-01_110940,Cardholder reported unauthorized transaction.,2025-11-21 01:34:52
tx_2024-01_119612,Cardholder reported unauthorized transaction.,2025-10-25 12:02:06
tx_2024-01_119765,Merchant previously linked to fraud ring.,2025-04-10 16:51:16
tx_2024-01_92202,Multiple failed attempts before success.,2025-09-18 06:14:51
tx_2024-01_14821,Multiple failed attempts before success.,2025-03-30 08:12:04
tx_2024-01_22639,Multiple failed attempts before success.,2025-06-06 22:32:36
tx_2024-01_132241,Merchant previously linked to fraud ring.,2025-05-11 12:26:19
tx_2024-01_34607,Cardholder reported unauthorized transaction.,2025-03-27 10:30:04
tx_2024-01_70978,Multiple failed attempts before success.,2025-10-28 22:36:57
tx_2024-01_54478,Device fingerprint inconsistent.,2025-09-08 03:18:05
tx_2024-01_109671,Cardholder reported unauthorized transaction.,2025-04-18 19:12:03
tx_2024-01_138892,Cardholder reported unauthorized transaction.,2025-11-01 15:50:24
tx_2024-01_133863,Device fingerprint inconsistent.,2025-10-08 20:42:12
tx_2024-01_53768,Cardholder reported unauthorized transaction.,2025-06-16 06:36:08
tx_2024-01_11697,Cardholder reported unauthorized transaction.,2025-10-12 00:20:32
tx_2024-01_27684,Cardholder reported unauthorized transaction.,2025-05-30 17:10:23
tx_2024-01_27312,Device fingerprint inconsistent.,2025-02-11 19:23:57
tx_2024-01_20556,Merchant previously linked to fraud ring.,2025-10-29 00:04:16
tx_2024-01_145219,Merchant previously linked to fraud ring.,2025-11-16 06:42:00
tx_2024-01_136002,Cardholder reported unauthorized transaction.,2025-05-17 04:46:59
tx_2024-01_40003,Cardholder reported unauthorized transaction.,2025-08-18 17:04:02
tx_2024-01_147658,Device fingerprint inconsistent.,2025-11-03 19:27:50
tx_2024-01_106909,Merchant previously linked to fraud ring.,2025-01-12 01:20:45
tx_2024-01_62281,Merchant previously linked to fraud ring.,2025-07-27 02:58:36
tx_2024-01_135792,Cardholder reported unauthorized transaction.,2025-03-14 15:31:13
tx_2024-01_42648,Cardholder reported unauthorized transaction.,2025-06-06 00:00:53
tx_2024-01_87793,Multiple failed attempts before success.,2025-01-22 18:20:42
tx_2024-01_53603,Cardholder reported unauthorized transaction.,2025-10-20 13:18:24
tx_2024-01_28272,Cardholder reported unauthorized transaction.,2025-04-30 20:39:02
tx_2024-01_53268,Merchant previously linked to fraud ring.,2025-06-23 05:57:17
tx_2024-01_51121,Device fingerprint inconsistent.,2025-06-16 18:07:55
tx_2024-01_143939,Cardholder reported unauthorized transaction.,2025-01-12 22:52:26
tx_2024-01_100942,Device fingerprint inconsistent.,2025-01-01 23:16:31
tx_2024-01_53506,Cardholder reported unauthorized transaction.,2025-04-03 14:31:45
tx_2024-01_26770,Device fingerprint inconsistent.,2025-02-01 02:06:27
tx_2024-01_18695,Device fingerprint inconsistent.,2025-11-02 03:43:23
tx_2024-01_57392,Merchant previously linked to fraud ring.,2025-05-25 09:06:37
tx_2024-01_97588,Multiple failed attempts before success.,2025-08-04 06:54:21
tx_2024-01_24791,Merchant previously linked to fraud ring.,2025-10-24 17:40:27
tx_2024-01_47308,Multiple failed attempts before success.,2025-05-19 02:56:18
tx_2024-01_38397,Multiple failed attempts before success.,2025-03-02 16:18:44
tx_2024-01_49282,Multiple failed attempts before success.,2025-02-04 05:20:05
tx_2024-01_103371,Device fingerprint inconsistent.,2025-05-24 15:06:10
tx_2024-01_62698,Cardholder reported unauthorized transaction.,2025-02-28 20:42:30
tx_2024-01_70821,Multiple failed attempts before success.,2025-02-20 22:58:00
tx_2024-01_104770,Multiple failed attempts before success.,2025-01-06 08:33:01
tx_2024-01_27899,Device fingerprint inconsistent.,2025-03-02 20:39:07
tx_2024-01_40910,Device fingerprint inconsistent.,2025-04-18 19:31:59
tx_2024-01_26165,Multiple failed attempts before success.,2025-08-21 00:44:51
tx_2024-01_81782,Device fingerprint inconsistent.,2025-10-01 13:24:37
tx_2024-01_69785,Cardholder reported unauthorized transaction.,2025-03-01 03:25:52
tx_2024-01_85881,Merchant previously linked to fraud ring.,2025-04-02 02:10:50
tx_2024-01_139134,Cardholder reported unauthorized transaction.,2025-09-23 08:01:45
tx_2024-01_41157,Cardholder reported unauthorized transaction.,2025-10-13 02:37:17
tx_2024-01_112594,Cardholder reported unauthorized transaction.,2025-11-22 16:11:36
tx_2024-01_83716,Multiple failed attempts before success.,2025-03-17 14:48:53
tx_2024-01_98828,Device fingerprint inconsistent.,2025-02-16 18:59:22
tx_2024-01_66649,Device fingerprint inconsistent.,2025-01-10 03:44:08
tx_2024-01_8309,Device fingerprint inconsistent.,2025-09-10 10:28:51
tx_2024-01_97361,Cardholder reported unauthorized transaction.,2025-02-13 10:30:42
tx_2024-01_1970,Merchant previously linked to fraud ring.,2025-02-24 22:20:05
tx_2024-01_17032,Multiple failed attempts before success.,2025-04-01 20:43:36
tx_2024-01_50486,Device fingerprint inconsistent.,2025-10-31 18:42:21
tx_2024-01_61799,Cardholder reported unauthorized transaction.,2025-08-09 12:18:46
tx_2024-01_106935,Multiple failed attempts before success.,2025-12-09 10:57:53
tx_2024-01_86189,Cardholder reported unauthorized transaction.,2025-06-08 14:36:03
tx_2024-01_18840,Merchant previously linked to fraud ring.,2025-11-18 21:13:26
tx_2024-01_88013,Device fingerprint inconsistent.,2025-04-19 18:53:50
tx_2024-01_108274,Cardholder reported unauthorized transaction.,2025-12-02 02:11:02
tx_2024-01_107073,Multiple failed attempts before success.,2025-01-31 08:00:55
tx_2024-01_58876,Device fingerprint inconsistent.,2025-11-09 18:37:27
tx_2024-01_36694,Cardholder reported unauthorized transaction.,2025-07-11 18:19:36
tx_2024-01_87970,Device fingerprint inconsistent.,2025-10-26 22:12:53
tx_2024-01_58655,Cardholder reported unauthorized transaction.,2025-12-14 00:23:28
tx_2024-01_46163,Device fingerprint inconsistent.,2025-08-20 17:44:17
tx_2024-01_49787,Multiple failed attempts before success.,2025-08-07 20:53:44
tx_2024-01_76798,Device fingerprint inconsistent.,2025-02-12 13:11:50
tx_2024-01_130206,Multiple failed attempts before success.,2025-08-04 09:25:35
tx_2024-01_25564,Multiple failed attempts before success.,2025-06-23 02:09:59
tx_2024-01_94371,Cardholder reported unauthorized transaction.,2025-04-01 05:02:40
tx_2024-01_146384,Cardholder reported unauthorized transaction.,2025-02-25 16:43:02
tx_2024-01_59078,Multiple failed attempts before success.,2025-06-04 03:09:18
tx_2024-01_1125,Device fingerprint inconsistent.,2025-10-29 17:35:40
tx_2024-01_63859,Device fingerprint inconsistent.,2025-06-20 07:00:57
tx_2024-01_44786,Merchant previously linked to fraud ring.,2025-03-04 10:16:12
tx_2024-01_1037,Multiple failed attempts before success.,2025-07-24 19:20:11
tx_2024-01_116290,Device fingerprint inconsistent.,2025-05-03 23:50:43
tx_2024-01_129997,Device fingerprint inconsistent.,2025-01-09 04:25:50
tx_2024-01_10226,Multiple failed attempts before success.,2025-11-11 07:03:02
tx_2024-01_33624,Multiple failed attempts before success.,2025-05-23 16:49:48
tx_2024-01_78932,Cardholder reported unauthorized transaction.,2025-06-19 21:06:12
tx_2024-01_30596,Device fingerprint inconsistent.,2025-05-27 18:14:29
tx_2024-01_7149,Cardholder reported unauthorized transaction.,2025-12-14 04:50:00
tx_2024-01_131835,Device fingerprint inconsistent.,2025-05-12 07:35:29
tx_2024-01_72152,Merchant previously linked to fraud ring.,2025-03-17 21:26:39
tx_2024-01_148167,Multiple failed attempts before success.,2025-01-21 00:17:51
tx_2024-01_92011,Merchant previously linked to fraud ring.,2025-09-28 18:31:18
tx_2024-01_45838,Cardholder reported unauthorized transaction.,2025-09-07 12:39:16
tx_2024-01_111073,Multiple failed attempts before success.,2025-07-25 06:42:10
tx_2024-01_69403,Merchant previously linked to fraud ring.,2025-07-22 23:27:50
tx_2024-01_52495,Cardholder reported unauthorized transaction.,2025-11-30 06:16:47
tx_2024-01_67338,Multiple failed attempts before success.,2025-07-04 09:00:37
tx_2024-01_72843,Merchant previously linked to fraud ring.,2025-03-04 18:29:18
tx_2024-01_25483,Merchant previously linked to fraud ring.,2025-01-20 04:32:24
tx_2024-01_75592,Multiple failed attempts before success.,2025-09-15 20:01:01
tx_2024-01_32952,Multiple failed attempts before success.,2025-07-28 22:06:56
tx_2024-01_19983,Merchant previously linked to fraud ring.,2025-10-16 09:03:57
tx_2024-01_19056,Cardholder reported unauthorized transaction.,2025-01-31 21:17:45
tx_2024-01_136453,Device fingerprint inconsistent.,2025-04-06 13:01:51
tx_2024-01_149118,Multiple failed attempts before success.,2025-01-26 02:19:19
tx_2024-01_101891,Multiple failed attempts before success.,2025-04-27 23:52:35
tx_2024-01_39332,Cardholder reported unauthorized transaction.,2025-03-05 23:12:38
tx_2024-01_91524,Multiple failed attempts before success.,2025-05-15 05:47:26
tx_2024-01_89401,Cardholder reported unauthorized transaction.,2025-10-17 03:07:50
tx_2024-01_96452,Cardholder reported unauthorized transaction.,2025-08-10 15:14:09
tx_2024-01_80644,Cardholder reported unauthorized transaction.,2025-09-10 15:56:04
tx_2024-01_37894,Cardholder reported unauthorized transaction.,2025-08-05 00:31:20
tx_2024-01_85487,Device fingerprint inconsistent.,2025-06-19 07:00:35
tx_2024-01_17468,Multiple failed attempts before success.,2025-04-27 21:53:44
tx_2024-01_58536,Merchant previously linked to fraud ring.,2025-08-04 22:17:13
tx_2024-01_79661,Multiple failed attempts before success.,2025-10-04 09:47:53
tx_2024-01_144328,Device fingerprint inconsistent.,2025-08-16 03:42:39
tx_2024-01_37932,Cardholder reported unauthorized transaction.,2025-08-29 16:04:31
tx_2024-01_129411,Merchant previously linked to fraud ring.,2025-04-14 17:22:40
tx_2024-01_113021,Cardholder reported unauthorized transaction.,2025-08-13 09:01:17
tx_2024-01_55847,Multiple failed attempts before success.,2025-12-13 17:07:47
tx_2024-01_109361,Multiple failed attempts before success.,2025-08-09 05:12:30
tx_2024-01_52761,Device fingerprint inconsistent.,2025-11-30 20:02:35
tx_2024-01_134154,Multiple failed attempts before success.,2025-05-08 01:10:19
tx_2024-01_148693,Merchant previously linked to fraud ring.,2025-01-27 07:08:51
tx_2024-01_57515,Cardholder reported unauthorized transaction.,2025-01-24 19:32:47
tx_2024-01_8152,Multiple failed attempts before success.,2025-01-01 04:51:24
tx_2024-01_69941,Multiple failed attempts before success.,2025-11-01 11:53:29
tx_2024-01_64196,Device fingerprint inconsistent.,2025-06-01 02:48:45
tx_2024-01_132374,Cardholder reported unauthorized transaction.,2025-10-04 04:52:40
tx_2024-01_51008,Merchant previously linked to fraud ring.,2025-11-19 07:19:15
tx_2024-01_55429,Cardholder reported unauthorized transaction.,2025-05-08 06:04:05
tx_2024-01_149788,Device fingerprint inconsistent.,2025-10-29 20:44:11
tx_2024-01_107936,Merchant previously linked to fraud ring.,2025-10-23 12:16:04
tx_2024-01_52807,Merchant previously linked to fraud ring.,2025-07-25 20:07:17
tx_2024-01_41706,Cardholder reported unauthorized transaction.,2025-04-13 14:27:15
tx_2024-01_2644,Multiple failed attempts before success.,2025-05-02 01:26:06
tx_2024-01_122876,Device fingerprint inconsistent.,2025-10-12 04:23:47
tx_2024-01_105730,Merchant previously linked to fraud ring.,2025-01-19 22:26:50
tx_2024-01_133681,Cardholder reported unauthorized transaction.,2025-08-01 13:51:37
tx_2024-01_130658,Device fingerprint inconsistent.,2025-02-16 19:11:16
tx_2024-01_8370,Cardholder reported unauthorized transaction.,2025-03-22 04:19:48
tx_2024-01_20234,Multiple failed attempts before success.,2025-01-23 13:58:01
tx_2024-01_46312,Cardholder reported unauthorized transaction.,2025-09-09 15:15:58
tx_2024-01_70221,Multiple failed attempts before success.,2025-05-12 13:47:54
tx_2024-01_28177,Cardholder reported unauthorized transaction.,2025-07-14 07:01:50
tx_2024-01_93846,Multiple failed attempts before success.,2025-06-28 03:22:48
tx_2024-01_63857,Cardholder reported unauthorized transaction.,2025-09-02 13:45:51
tx_2024-01_135306,Multiple failed attempts before success.,2025-12-08 14:08:39
tx_2024-01_65394,Merchant previously linked to fraud ring.,2025-10-24 15:15:35
tx_2024-01_99898,Device fingerprint inconsistent.,2025-11-27 11:22:51
tx_2024-01_128923,Merchant previously linked to fraud ring.,2025-11-24 02:42:32
tx_2024-01_1165,Cardholder reported unauthorized transaction.,2025-07-22 15:44:16
tx_2024-01_149799,Cardholder reported unauthorized transaction.,2025-04-07 22:57:40
tx_2024-01_79811,Device fingerprint inconsistent.,2025-03-28 14:09:48
tx_2024-01_79752,Cardholder reported unauthorized transaction.,2025-07-11 13:27:16
tx_2024-01_115337,Device fingerprint inconsistent.,2025-02-09 22:12:43
tx_2024-01_5829,Cardholder reported unauthorized transaction.,2025-05-21 09:50:09
tx_2024-01_81044,Merchant previously linked to fraud ring.,2025-12-17 08:58:56
tx_2024-01_125838,Multiple failed attempts before success.,2025-08-27 08:31:58
tx_2024-01_127722,Device fingerprint inconsistent.,2025-09-24 00:32:43
tx_2024-01_92032,Cardholder reported unauthorized transaction.,2025-07-16 04:34:48
tx_2024-01_1258,Merchant previously linked to fraud ring.,2025-02-28 21:47:41
tx_2024-01_47056,Device fingerprint inconsistent.,2025-08-28 05:44:16
tx_2024-01_64623,Cardholder reported unauthorized transaction.,2025-11-18 02:56:44
tx_2024-01_143107,Device fingerprint inconsistent.,2025-04-10 23:36:02
tx_2024-01_72751,Cardholder reported unauthorized transaction.,2025-09-21 02:11:19
tx_2024-01_90593,Multiple failed attempts before success.,2025-12-08 12:48:34
tx_2024-01_113518,Merchant previously linked to fraud ring.,2025-10-31 10:28:22
tx_2024-01_74406,Multiple failed attempts before success.,2025-01-26 15:22:33
tx_2024-01_70396,Cardholder reported unauthorized transaction.,2025-10-15 11:04:43
tx_2024-01_46082,Device fingerprint inconsistent.,2025-07-27 00:23:51
tx_2024-01_18848,Device fingerprint inconsistent.,2025-01-24 09:41:42
tx_2024-01_23249,Merchant previously linked to fraud ring.,2025-06-28 05:17:45
tx_2024-01_73495,Cardholder reported unauthorized transaction.,2025-01-15 06:40:39
tx_2024-01_57570,Multiple failed attempts before success.,2025-07-15 10:46:34
tx_2024-01_93486,Merchant previously linked to fraud ring.,2025-09-04 11:52:51
tx_2024-01_118036,Cardholder reported unauthorized transaction.,2025-12-16 05:04:32
tx_2024-01_94404,Merchant previously linked to fraud ring.,2025-08-09 22:52:41
tx_2024-01_146402,Cardholder reported unauthorized transaction.,2025-08-01 09:03:22
tx_2024-01_143732,Multiple failed attempts before success.,2025-07-23 12:46:48
tx_2024-01_124540,Cardholder reported unauthorized transaction.,2025-04-28 05:50:45
tx_2024-01_7533,Device fingerprint inconsistent.,2025-04-10 08:50:36
tx_2024-01_67442,Cardholder reported unauthorized transaction.,2025-04-07 11:25:48
tx_2024-01_83583,Merchant previously linked to fraud ring.,2025-02-03 01:17:26
tx_2024-01_95153,Merchant previously linked to fraud ring.,2025-04-09 21:36:38
tx_2024-01_120653,Multiple failed attempts before success.,2025-05-27 23:20:56
tx_2024-01_116438,Merchant previously linked to fraud ring.,2025-06-25 13:17:48
tx_2024-01_42038,Cardholder reported unauthorized transaction.,2025-03-09 21:24:56
tx_2024-01_47867,Multiple failed attempts before success.,2025-11-11 03:39:01
tx_2024-01_34763,Multiple failed attempts before success.,2025-10-19 08:14:54
tx_2024-01_50082,Multiple failed attempts before success.,2025-10-29 00:52:46
tx_2024-01_102609,Device fingerprint inconsistent.,2025-10-06 14:18:57
tx_2024-01_140822,Device fingerprint inconsistent.,2025-05-10 11:25:08
tx_2024-01_14471,Device fingerprint inconsistent.,2025-03-02 14:04:10
tx_2024-01_79581,Merchant previously linked to fraud ring.,2025-01-11 23:06:55
tx_2024-01_16255,Multiple failed attempts before success.,2025-02-23 19:09:05
tx_2024-01_7337,Cardholder reported unauthorized transaction.,2025-12-06 11:56:25
tx_2024-01_33489,Cardholder reported unauthorized transaction.,2025-02-28 15:13:51
tx_2024-01_35275,Merchant previously linked to fraud ring.,2025-06-13 08:36:25
tx_2024-01_107206,Multiple failed attempts before success.,2025-10-06 08:07:43
tx_2024-01_44648,Merchant previously linked to fraud ring.,2025-02-03 11:36:25
tx_2024-01_93197,Cardholder reported unauthorized transaction.,2025-02-11 03:06:31
tx_2024-01_50957,Device fingerprint inconsistent.,2025-08-23 01:37:41
tx_2024-01_137017,Multiple failed attempts before success.,2025-12-01 14:35:40
tx_2024-01_20171,Cardholder reported unauthorized transaction.,2025-12-14 19:48:53
tx_2024-01_8541,Cardholder reported unauthorized transaction.,2025-11-14 11:47:59
tx_2024-01_16559,Device fingerprint inconsistent.,2025-06-07 17:31:49
tx_2024-01_95103,Device fingerprint inconsistent.,2025-11-11 12:30:40
tx_2024-01_137883,Multiple failed attempts before success.,2025-04-17 03:35:10
tx_2024-01_103281,Merchant previously linked to fraud ring.,2025-05-14 16:00:47
tx_2024-01_68269,Cardholder reported unauthorized transaction.,2025-11-13 16:45:18
tx_2024-01_84529,Multiple failed attempts before success.,2025-08-22 22:50:32
tx_2024-01_39796,Multiple failed attempts before success.,2025-04-12 17:04:09
tx_2024-01_107599,Cardholder reported unauthorized transaction.,2025-12-10 02:10:04
tx_2024-01_74579,Merchant previously linked to fraud ring.,2025-05-08 23:27:12
tx_2024-01_40618,Merchant previously linked to fraud ring.,2025-09-06 22:11:57
tx_2024-01_113837,Cardholder reported unauthorized transaction.,2025-01-21 16:04:25
tx_2024-01_5719,Cardholder reported unauthorized transaction.,2025-05-03 06:41:09
tx_2024-01_119431,Multiple failed attempts before success.,2025-08-24 16:53:35
tx_2024-01_47657,Merchant previously linked to fraud ring.,2025-12-10 18:39:18
tx_2024-01_71084,Cardholder reported unauthorized transaction.,2025-01-27 23:19:37
tx_2024-01_147783,Device fingerprint inconsistent.,2025-03-23 16:07:32
tx_2024-01_4094,Cardholder reported unauthorized transaction.,2025-03-31 06:14:47
tx_2024-01_107098,Device fingerprint inconsistent.,2025-05-22 14:23:03
tx_2024-01_142846,Merchant previously linked to fraud ring.,2025-01-06 01:02:14
tx_2024-01_149711,Device fingerprint inconsistent.,2025-12-04 20:35:00
tx_2024-01_41538,Device fingerprint inconsistent.,2025-06-02 12:26:35
tx_2024-01_11706,Multiple failed attempts before success.,2025-05-25 07:07:49
tx_2024-01_72277,Merchant previously linked to fraud ring.,2025-11-18 21:21:52
tx_2024-01_103836,Multiple failed attempts before success.,2025-04-25 13:57:32
tx_2024-01_134109,Merchant previously linked to fraud ring.,2025-02-20 14:34:11
tx_2024-01_32929,Device fingerprint inconsistent.,2025-11-08 01:56:22
tx_2024-01_77613,Merchant previously linked to fraud ring.,2025-01-06 12:53:31
tx_2024-01_62226,Device fingerprint inconsistent.,2025-05-12 00:07:42
tx_2024-01_45486,Device fingerprint inconsistent.,2025-08-21 01:20:04
tx_2024-01_21009,Device fingerprint inconsistent.,2025-10-07 08:39:37
tx_2024-01_136492,Multiple failed attempts before success.,2025-05-06 04:51:44
tx_2024-01_103320,Cardholder reported unauthorized transaction.,2025-04-28 04:13:08
tx_2024-01_131439,Merchant previously linked to fraud ring.,2025-12-05 04:07:32
tx_2024-01_16382,Merchant previously linked to fraud ring.,2025-08-20 11:39:26
tx_2024-01_30381,Cardholder reported unauthorized transaction.,2025-04-12 01:37:02
tx_2024-01_127333,Device fingerprint inconsistent.,2025-05-26 14:01:38
tx_2024-01_1123,Multiple failed attempts before success.,2025-11-29 23:48:15
tx_2024-01_111565,Merchant previously linked to fraud ring.,2025-09-02 03:27:38
tx_2024-01_57468,Cardholder reported unauthorized transaction.,2025-11-30 02:46:43
tx_2024-01_139270,Cardholder reported unauthorized transaction.,2025-02-17 20:24:21
tx_2024-01_116509,Merchant previously linked to fraud ring.,2025-08-20 22:15:18
tx_2024-01_75686,Cardholder reported unauthorized transaction.,2025-01-10 14:13:07
tx_2024-01_28983,Multiple failed attempts before success.,2025-05-29 22:03:42
tx_2024-01_69667,Multiple failed attempts before success.,2025-09-12 09:56:46
tx_2024-01_108932,Device fingerprint inconsistent.,2025-07-10 18:43:26
tx_2024-01_79687,Merchant previously linked to fraud ring.,2025-03-14 10:00:41
tx_2024-01_129099,Cardholder reported unauthorized transaction.,2025-12-09 19:20:56
tx_2024-01_111100,Merchant previously linked to fraud ring.,2025-08-12 23:19:59
tx_2024-01_146574,Multiple failed attempts before success.,2025-11-07 04:13:42
tx_2024-01_1862,Multiple failed attempts before success.,2025-07-10 06:31:00
tx_2024-01_14138,Multiple failed attempts before success.,2025-05-05 21:43:38
tx_2024-01_113639,Merchant previously linked to fraud ring.,2025-07-25 06:37:46
tx_2024-01_149425,Merchant previously linked to fraud ring.,2025-04-03 08:20:18
tx_2024-01_147418,Merchant previously linked to fraud ring.,2025-08-22 22:49:13
tx_2024-01_7689,Multiple failed attempts before success.,2025-10-11 01:20:36
tx_2024-01_144452,Merchant previously linked to fraud ring.,2025-10-15 10:13:19
tx_2024-01_107116,Cardholder reported unauthorized transaction.,2025-08-20 08:02:43
tx_2024-01_135882,Device fingerprint inconsistent.,2025-06-07 04:47:44
tx_2024-01_30593,Multiple failed attempts before success.,2025-09-09 22:18:59
tx_2024-01_146770,Device fingerprint inconsistent.,2025-07-08 09:08:01
tx_2024-01_34125,Merchant previously linked to fraud ring.,2025-10-04 02:56:36
tx_2024-01_31009,Cardholder reported unauthorized transaction.,2025-06-12 07:27:58
tx_2024-01_88834,Cardholder reported unauthorized transaction.,2025-04-18 06:22:41
tx_2024-01_26620,Cardholder reported unauthorized transaction.,2025-02-24 17:38:06
tx_2024-01_70312,Merchant previously linked to fraud ring.,2025-10-24 10:53:44
tx_2024-01_5090,Cardholder reported unauthorized transaction.,2025-09-01 17:17:22
tx_2024-01_44723,Multiple failed attempts before success.,2025-03-27 17:07:09
tx_2024-01_21361,Merchant previously linked to fraud ring.,2025-05-03 13:07:42
tx_2024-01_5817,Multiple failed attempts before success.,2025-01-27 22:57:49
tx_2024-01_98922,Multiple failed attempts before success.,2025-08-04 01:58:58
tx_2024-01_71542,Device fingerprint inconsistent.,2025-11-06 11:00:56
tx_2024-01_147399,Multiple failed attempts before success.,2025-06-10 11:19:08
tx_2024-01_7471,Multiple failed attempts before success.,2025-07-18 01:59:50
tx_2024-01_29354,Cardholder reported unauthorized transaction.,2025-02-08 14:35:22
tx_2024-01_22904,Merchant previously linked to fraud ring.,2025-06-07 07:41:34
tx_2024-01_76328,Device fingerprint inconsistent.,2025-07-31 22:47:27
tx_2024-01_126696,Multiple failed attempts before success.,2025-03-01 04:06:14
tx_2024-01_56186,Multiple failed attempts before success.,2025-10-29 01:30:52
tx_2024-01_133614,Device fingerprint inconsistent.,2025-08-01 20:46:45
tx_2024-01_96368,Cardholder reported unauthorized transaction.,2025-12-11 10:40:23
tx_2024-01_90766,Merchant previously linked to fraud ring.,2025-04-27 01:47:49
tx_2024-01_36367,Merchant previously linked to fraud ring.,2025-10-14 09:11:14
tx_2024-01_113032,Multiple failed attempts before success.,2025-01-21 03:35:29
tx_2024-01_104094,Cardholder reported unauthorized transaction.,2025-07-26 14:01:47
tx_2024-01_89473,Cardholder reported unauthorized transaction.,2025-06-28 19:56:10
tx_2024-01_101342,Multiple failed attempts before success.,2025-07-16 20:44:58
tx_2024-01_89095,Merchant previously linked to fraud ring.,2025-01-29 05:22:35
tx_2024-01_91978,Multiple failed attempts before success.,2025-09-16 07:37:27
tx_2024-01_31654,Multiple failed attempts before success.,2025-01-10 07:51:12
tx_2024-01_11453,Merchant previously linked to fraud ring.,2025-07-05 05:38:24
tx_2024-01_108913,Cardholder reported unauthorized transaction.,2025-10-29 17:51:02
tx_2024-01_98052,Merchant previously linked to fraud ring.,2025-11-03 20:23:37
tx_2024-01_10725,Cardholder reported unauthorized transaction.,2025-03-12 15:16:12
tx_2024-01_135999,Cardholder reported unauthorized transaction.,2025-06-15 19:45:33
tx_2024-01_144265,Device fingerprint inconsistent.,2025-05-07 13:42:26
tx_2024-01_103162,Cardholder reported unauthorized transaction.,2025-01-14 17:10:42
tx_2024-01_134849,Cardholder reported unauthorized transaction.,2025-02-21 22:54:56
tx_2024-01_94378,Device fingerprint inconsistent.,2025-01-01 20:00:09
tx_2024-01_18761,Device fingerprint inconsistent.,2025-05-23 16:26:41
tx_2024-01_126271,Merchant previously linked to fraud ring.,2025-04-12 07:54:23
tx_2024-01_42573,Device fingerprint inconsistent.,2025-10-21 04:23:29
tx_2024-01_136623,Cardholder reported unauthorized transaction.,2025-10-09 17:48:57
tx_2024-01_79190,Device fingerprint inconsistent.,2025-01-27 01:12:36
tx_2024-01_13506,Multiple failed attempts before success.,2025-04-25 21:40:36
tx_2024-01_14466,Cardholder reported unauthorized transaction.,2025-06-12 09:34:30
tx_2024-01_122988,Device fingerprint inconsistent.,2025-12-08 09:08:20
tx_2024-01_43526,Cardholder reported unauthorized transaction.,2025-02-24 09:18:34
tx_2024-01_106222,Merchant previously linked to fraud ring.,2025-12-12 09:36:12
tx_2024-01_49370,Device fingerprint inconsistent.,2025-05-14 15:15:03
tx_2024-01_105848,Multiple failed attempts before success.,2025-02-13 08:02:30
tx_2024-01_124846,Cardholder reported unauthorized transaction.,2025-10-03 01:45:02
tx_2024-01_60059,Multiple failed attempts before success.,2025-09-15 20:03:36
tx_2024-01_141727,Device fingerprint inconsistent.,2025-04-29 06:43:21
tx_2024-01_118361,Device fingerprint inconsistent.,2025-03-31 19:34:40
tx_2024-01_97815,Device fingerprint inconsistent.,2025-04-27 07:07:20
tx_2024-01_14998,Cardholder reported unauthorized transaction.,2025-01-24 15:55:19
tx_2024-01_59569,Cardholder reported unauthorized transaction.,2025-06-05 17:27:07
tx_2024-01_82989,Cardholder reported unauthorized transaction.,2025-04-22 05:00:58
tx_2024-01_113610,Device fingerprint inconsistent.,2025-03-12 14:27:34
tx_2024-01_104641,Cardholder reported unauthorized transaction.,2025-02-07 00:34:31
tx_2024-01_23172,Device fingerprint inconsistent.,2025-09-29 20:56:02
tx_2024-01_19886,Multiple failed attempts before success.,2025-07-22 07:31:29
tx_2024-01_116517,Multiple failed attempts before success.,2025-04-22 16:28:02
tx_2024-01_146323,Merchant previously linked to fraud ring.,2025-11-14 08:51:19
tx_2024-01_133656,Multiple failed attempts before success.,2025-03-15 23:54:45
tx_2024-01_13246,Cardholder reported unauthorized transaction.,2025-05-04 12:30:07
tx_2024-01_5994,Merchant previously linked to fraud ring.,2025-05-07 05:26:29
tx_2024-01_42864,Cardholder reported unauthorized transaction.,2025-07-26 17:51:52
tx_2024-01_101775,Device fingerprint inconsistent.,2025-02-21 22:07:49
tx_2024-01_116170,Multiple failed attempts before success.,2025-01-03 13:01:05
tx_2024-01_21320,Cardholder reported unauthorized transaction.,2025-03-30 08:06:45
tx_2024-01_122959,Device fingerprint inconsistent.,2025-05-04 17:44:42
tx_2024-01_29009,Multiple failed attempts before success.,2025-10-06 09:47:55
tx_2024-01_97635,Merchant previously linked to fraud ring.,2025-03-17 02:56:44
tx_2024-01_21435,Cardholder reported unauthorized transaction.,2025-05-03 01:10:28
tx_2024-01_149639,Multiple failed attempts before success.,2025-03-01 15:36:56
tx_2024-01_38549,Device fingerprint inconsistent.,2025-11-22 18:52:16
tx_2024-01_4167,Multiple failed attempts before success.,2025-06-14 04:34:31
tx_2024-01_17297,Merchant previously linked to fraud ring.,2025-09-02 07:12:52
tx_2024-01_41512,Multiple failed attempts before success.,2025-07-06 08:23:32
tx_2024-01_57461,Device fingerprint inconsistent.,2025-09-09 18:34:32
tx_2024-01_122123,Merchant previously linked to fraud ring.,2025-06-07 17:42:20
tx_2024-01_77576,Multiple failed attempts before success.,2025-10-23 06:29:42
tx_2024-01_46900,Device fingerprint inconsistent.,2025-08-06 03:35:50
tx_2024-01_121691,Cardholder reported unauthorized transaction.,2025-03-07 01:10:22
tx_2024-01_107064,Cardholder reported unauthorized transaction.,2025-08-17 00:55:35
tx_2024-01_122305,Cardholder reported unauthorized transaction.,2025-07-18 21:23:28
tx_2024-01_36629,Multiple failed attempts before success.,2025-08-11 20:34:50
tx_2024-01_34641,Device fingerprint inconsistent.,2025-10-09 00:29:09
tx_2024-01_45376,Cardholder reported unauthorized transaction.,2025-02-22 10:17:01
tx_2024-01_102536,Multiple failed attempts before success.,2025-10-19 09:15:25
tx_2024-01_62069,Multiple failed attempts before success.,2025-08-23 12:07:50
tx_2024-01_3601,Device fingerprint inconsistent.,2025-03-09 07:00:37
tx_2024-01_110229,Multiple failed attempts before success.,2025-05-16 14:24:01
tx_2024-01_57676,Multiple failed attempts before success.,2025-08-13 14:54:32
tx_2024-01_140340,Device fingerprint inconsistent.,2025-11-01 16:25:27
tx_2024-01_72550,Multiple failed attempts before success.,2025-01-01 07:45:31
tx_2024-01_60456,Merchant previously linked to fraud ring.,2025-06-22 04:18:56
tx_2024-01_9900,Multiple failed attempts before success.,2025-01-30 15:19:16
tx_2024-01_108495,Multiple failed attempts before success.,2025-05-25 13:54:56
tx_2024-01_19569,Cardholder reported unauthorized transaction.,2025-04-13 11:24:40
tx_2024-01_116242,Device fingerprint inconsistent.,2025-11-04 17:11:10
tx_2024-01_80302,Multiple failed attempts before success.,2025-08-19 14:47:55
tx_2024-01_49206,Merchant previously linked to fraud ring.,2025-12-07 10:48:00
tx_2024-01_51412,Merchant previously linked to fraud ring.,2025-09-25 09:26:57
tx_2024-01_62038,Multiple failed attempts before success.,2025-12-08 16:52:07
tx_2024-01_134899,Device fingerprint inconsistent.,2025-02-25 21:01:52
tx_2024-01_135119,Multiple failed attempts before success.,2025-09-10 22:52:39
tx_2024-01_106767,Merchant previously linked to fraud ring.,2025-10-18 02:48:43
tx_2024-01_140167,Merchant previously linked to fraud ring.,2025-11-13 22:10:31
tx_2024-01_36715,Cardholder reported unauthorized transaction.,2025-09-18 04:09:27
tx_2024-01_19566,Merchant previously linked to fraud ring.,2025-10-06 06:20:09
tx_2024-01_47713,Device fingerprint inconsistent.,2025-08-13 15:31:22
tx_2024-01_25572,Multiple failed attempts before success.,2025-11-19 14:04:59
tx_2024-01_76434,Cardholder reported unauthorized transaction.,2025-02-27 14:22:56
tx_2024-01_38835,Multiple failed attempts before success.,2025-07-02 18:56:34
tx_2024-01_102495,Multiple failed attempts before success.,2025-03-01 03:55:17
tx_2024-01_112449,Cardholder reported unauthorized transaction.,2025-06-28 10:41:24
tx_2024-01_61104,Merchant previously linked to fraud ring.,2025-01-22 01:18:19
tx_2024-01_20642,Device fingerprint inconsistent.,2025-07-02 12:28:56
tx_2024-01_126158,Merchant previously linked to fraud ring.,2025-11-16 14:50:25
tx_2024-01_106009,Multiple failed attempts before success.,2025-10-25 08:11:48
tx_2024-01_49818,Merchant previously linked to fraud ring.,2025-12-02 05:52:07
tx_2024-01_117904,Multiple failed attempts before success.,2025-09-29 04:18:32
tx_2024-01_34233,Cardholder reported unauthorized transaction.,2025-11-19 03:15:41
tx_2024-01_42031,Multiple failed attempts before success.,2025-04-17 22:22:34
tx_2024-01_59120,Multiple failed attempts before success.,2025-10-12 08:11:08
tx_2024-01_85111,Cardholder reported unauthorized transaction.,2025-04-11 17:48:30
tx_2024-01_100907,Multiple failed attempts before success.,2025-11-25 13:49:27
tx_2024-01_62617,Cardholder reported unauthorized transaction.,2025-08-12 01:18:17
tx_2024-01_74540,Device fingerprint inconsistent.,2025-11-06 22:23:31
tx_2024-01_105895,Merchant previously linked to fraud ring.,2025-08-10 06:24:50
tx_2024-01_87537,Cardholder reported unauthorized transaction.,2025-01-05 00:04:30
tx_2024-01_136564,Cardholder reported unauthorized transaction.,2025-05-30 16:01:26
tx_2024-01_2312,Multiple failed attempts before success.,2025-07-23 02:20:43
tx_2024-01_14949,Multiple failed attempts before success.,2025-10-11 02:56:16
tx_2024-01_119131,Cardholder reported unauthorized transaction.,2025-08-03 11:05:49
tx_2024-01_95132,Device fingerprint inconsistent.,2025-09-19 22:03:15
tx_2024-01_45885,Cardholder reported unauthorized transaction.,2025-02-26 10:44:06
tx_2024-01_117071,Cardholder reported unauthorized transaction.,2025-01-04 04:12:03
tx_2024-01_7189,Device fingerprint inconsistent.,2025-10-07 18:31:57
tx_2024-01_142215,Cardholder reported unauthorized transaction.,2025-01-16 18:40:46
tx_2024-01_100621,Cardholder reported unauthorized transaction.,2025-07-18 13:25:39
tx_2024-01_22276,Merchant previously linked to fraud ring.,2025-05-22 03:40:50
tx_2024-01_27480,Cardholder reported unauthorized transaction.,2025-11-16 00:37:40
tx_2024-01_34166,Multiple failed attempts before success.,2025-03-18 07:29:35
tx_2024-01_104682,Merchant previously linked to fraud ring.,2025-06-07 11:20:44
tx_2024-01_46108,Multiple failed attempts before success.,2025-05-05 14:03:17
tx_2024-01_135215,Device fingerprint inconsistent.,2025-04-14 10:58:07
tx_2024-01_114011,Cardholder reported unauthorized transaction.,2025-07-28 05:05:31
tx_2024-01_112023,Cardholder reported unauthorized transaction.,2025-11-11 22:21:35
tx_2024-01_56027,Merchant previously linked to fraud ring.,2025-08-12 11:32:08
tx_2024-01_93467,Device fingerprint inconsistent.,2025-11-18 01:22:19
tx_2024-01_30268,Multiple failed attempts before success.,2025-05-25 09:42:14
tx_2024-01_119057,Multiple failed attempts before success.,2025-12-06 12:26:37
tx_2024-01_71894,Multiple failed attempts before success.,2025-11-16 22:51:53
tx_2024-01_28683,Cardholder reported unauthorized transaction.,2025-12-06 21:04:33
tx_2024-01_53178,Multiple failed attempts before success.,2025-08-31 12:56:49
tx_2024-01_74759,Multiple failed attempts before success.,2025-11-09 00:56:41
tx_2024-01_37869,Cardholder reported unauthorized transaction.,2025-09-03 20:58:36
tx_2024-01_85286,Merchant previously linked to fraud ring.,2025-01-07 02:12:21
tx_2024-01_72369,Multiple failed attempts before success.,2025-01-02 16:44:36
tx_2024-01_115518,Device fingerprint inconsistent.,2025-03-25 01:13:44
tx_2024-01_138314,Cardholder reported unauthorized transaction.,2025-09-14 01:31:49
tx_2024-01_145415,Multiple failed attempts before success.,2025-05-12 10:42:41
tx_2024-01_20406,Merchant previously linked to fraud ring.,2025-05-27 00:38:39
tx_2024-01_120319,Cardholder reported unauthorized transaction.,2025-06-22 23:00:20
tx_2024-01_147145,Cardholder reported unauthorized transaction.,2025-11-26 20:59:19
tx_2024-01_89307,Cardholder reported unauthorized transaction.,2025-12-10 15:07:09
tx_2024-01_109383,Cardholder reported unauthorized transaction.,2025-07-14 23:00:37
tx_2024-01_50351,Multiple failed attempts before success.,2025-04-01 10:09:35
tx_2024-01_18946,Cardholder reported unauthorized transaction.,2025-02-20 10:44:15
tx_2024-01_49822,Cardholder reported unauthorized transaction.,2025-03-22 16:01:06
tx_2024-01_131147,Multiple failed attempts before success.,2025-03-10 15:33:10
tx_2024-01_3475,Multiple failed attempts before success.,2025-01-25 18:05:24
tx_2024-01_53888,Cardholder reported unauthorized transaction.,2025-03-02 19:39:18
tx_2024-01_93925,Device fingerprint inconsistent.,2025-03-05 07:46:16
tx_2024-01_10737,Device fingerprint inconsistent.,2025-02-09 00:15:01
tx_2024-01_57056,Device fingerprint inconsistent.,2025-01-03 23:22:17
tx_2024-01_43652,Cardholder reported unauthorized transaction.,2025-10-02 03:02:51
tx_2024-01_144125,Device fingerprint inconsistent.,2025-12-05 07:02:04
tx_2024-01_136912,Multiple failed attempts before success.,2025-10-22 06:45:37
tx_2024-01_147214,Merchant previously linked to fraud ring.,2025-09-29 12:56:06
tx_2024-01_145346,Multiple failed attempts before success.,2025-03-12 04:12:08
tx_2024-01_16331,Merchant previously linked to fraud ring.,2025-06-03 15:19:00
tx_2024-01_72198,Cardholder reported unauthorized transaction.,2025-06-30 04:56:40
tx_2024-01_49844,Multiple failed attempts before success.,2025-04-22 13:41:29
tx_2024-01_33911,Device fingerprint inconsistent.,2025-02-21 19:55:44
tx_2024-01_8785,Multiple failed attempts before success.,2025-10-15 17:26:37
tx_2024-01_51972,Device fingerprint inconsistent.,2025-12-06 06:17:44
tx_2024-01_74262,Device fingerprint inconsistent.,2025-02-19 15:09:28
tx_2024-01_120598,Cardholder reported unauthorized transaction.,2025-11-23 15:38:24
tx_2024-01_123320,Merchant previously linked to fraud ring.,2025-06-06 01:55:11
tx_2024-01_139670,Multiple failed attempts before success.,2025-05-10 01:23:33
tx_2024-01_101944,Merchant previously linked to fraud ring.,2025-10-29 12:24:25
tx_2024-01_139517,Cardholder reported unauthorized transaction.,2025-07-25 15:36:20
tx_2024-01_28753,Cardholder reported unauthorized transaction.,2025-11-24 21:08:45
tx_2024-01_15480,Cardholder reported unauthorized transaction.,2025-09-10 11:35:13
tx_2024-01_2637,Merchant previously linked to fraud ring.,2025-09-16 12:27:57
tx_2024-01_106874,Cardholder reported unauthorized transaction.,2025-05-31 04:45:59
tx_2024-01_105061,Device fingerprint inconsistent.,2025-09-15 06:28:25
tx_2024-01_126446,Merchant previously linked to fraud ring.,2025-04-02 16:18:53
tx_2024-01_103258,Cardholder reported unauthorized transaction.,2025-03-07 15:59:19
tx_2024-01_607,Merchant previously linked to fraud ring.,2025-11-13 02:43:29
tx_2024-01_27398,Device fingerprint inconsistent.,2025-08-28 08:55:24
tx_2024-01_109698,Cardholder reported unauthorized transaction.,2025-06-28 10:55:04
tx_2024-01_120430,Cardholder reported unauthorized transaction.,2025-03-14 01:47:44
tx_2024-01_26128,Merchant previously linked to fraud ring.,2025-11-01 02:15:21
tx_2024-01_42364,Multiple failed attempts before success.,2025-02-21 06:08:32
tx_2024-01_94858,Merchant previously linked to fraud ring.,2025-03-09 07:33:05
tx_2024-01_103542,Cardholder reported unauthorized transaction.,2025-05-07 19:31:17
tx_2024-01_10523,Cardholder reported unauthorized transaction.,2025-10-29 01:05:20
tx_2024-01_92306,Multiple failed attempts before success.,2025-05-24 12:46:17
tx_2024-01_108084,Merchant previously linked to fraud ring.,2025-12-18 00:12:31
tx_2024-01_113341,Cardholder reported unauthorized transaction.,2025-01-31 14:34:50
tx_2024-01_107967,Cardholder reported unauthorized transaction.,2025-05-01 00:08:01
tx_2024-01_104163,Device fingerprint inconsistent.,2025-07-02 07:19:28
tx_2024-01_77233,Merchant previously linked to fraud ring.,2025-04-03 21:43:03
tx_2024-01_130744,Device fingerprint inconsistent.,2025-01-07 07:50:01
tx_2024-01_96639,Merchant previously linked to fraud ring.,2025-08-03 00:56:51
tx_2024-01_45889,Multiple failed attempts before success.,2025-11-07 03:55:08
tx_2024-01_110716,Merchant previously linked to fraud ring.,2025-04-21 14:37:04
tx_2024-01_136193,Multiple failed attempts before success.,2025-01-02 07:26:50
tx_2024-01_62794,Multiple failed attempts before success.,2025-08-29 22:09:07
tx_2024-01_8699,Multiple failed attempts before success.,2025-02-15 18:13:05
tx_2024-01_64110,Device fingerprint inconsistent.,2025-08-11 13:01:19
tx_2024-01_88821,Merchant previously linked to fraud ring.,2025-09-11 20:04:26
tx_2024-01_92739,Multiple failed attempts before success.,2025-03-31 17:27:36
tx_2024-01_108719,Multiple failed attempts before success.,2025-08-15 02:37:44
tx_2024-01_48599,Device fingerprint inconsistent.,2025-03-14 23:35:09
tx_2024-01_101501,Cardholder reported unauthorized transaction.,2025-10-31 20:36:23
tx_2024-01_64855,Multiple failed attempts before success.,2025-09-18 18:04:34
tx_2024-01_96180,Cardholder reported unauthorized transaction.,2025-07-07 15:11:15
tx_2024-01_11823,Multiple failed attempts before success.,2025-05-27 02:44:53
tx_2024-01_230,Multiple failed attempts before success.,2025-08-06 16:52:44
tx_2024-01_66957,Device fingerprint inconsistent.,2025-04-30 18:49:31
tx_2024-01_13983,Merchant previously linked to fraud ring.,2025-10-04 22:16:14
tx_2024-01_98003,Multiple failed attempts before success.,2025-04-19 17:18:08
tx_2024-01_116932,Multiple failed attempts before success.,2025-05-23 13:25:59
tx_2024-01_127863,Cardholder reported unauthorized transaction.,2025-10-20 14:47:54
tx_2024-01_115088,Merchant previously linked to fraud ring.,2025-04-07 08:52:09
tx_2024-01_28606,Cardholder reported unauthorized transaction.,2025-03-03 11:31:08
tx_2024-01_113388,Device fingerprint inconsistent.,2025-09-05 10:59:54
tx_2024-01_67142,Device fingerprint inconsistent.,2025-06-18 04:44:59
tx_2024-01_100507,Multiple failed attempts before success.,2025-10-03 01:22:21
tx_2024-01_73929,Multiple failed attempts before success.,2025-06-13 19:45:48
tx_2024-01_136166,Merchant previously linked to fraud ring.,2025-10-20 18:32:14
tx_2024-01_120839,Multiple failed attempts before success.,2025-08-25 00:23:39
tx_2024-01_61605,Multiple failed attempts before success.,2025-07-13 20:56:43
tx_2024-01_109060,Cardholder reported unauthorized transaction.,2025-03-15 10:10:31
tx_2024-01_27009,Merchant previously linked to fraud ring.,2025-11-27 11:58:22
tx_2024-01_127342,Multiple failed attempts before success.,2025-07-13 19:11:05
tx_2024-01_108390,Device fingerprint inconsistent.,2025-05-17 19:03:38
tx_2024-01_119920,Multiple failed attempts before success.,2025-12-11 05:48:38
tx_2024-01_117804,Merchant previously linked to fraud ring.,2025-10-02 10:00:36
tx_2024-01_33532,Device fingerprint inconsistent.,2025-01-04 23:56:57
tx_2024-01_115587,Cardholder reported unauthorized transaction.,2025-02-19 03:16:59
tx_2024-01_40773,Merchant previously linked to fraud ring.,2025-06-12 21:47:09
tx_2024-01_84612,Merchant previously linked to fraud ring.,2025-04-23 11:26:15
tx_2024-01_119843,Device fingerprint inconsistent.,2025-12-16 04:35:16
tx_2024-01_131605,Multiple failed attempts before success.,2025-07-17 02:19:37
tx_2024-01_49616,Device fingerprint inconsistent.,2025-02-28 10:52:35
tx_2024-01_147306,Merchant previously linked to fraud ring.,2025-06-13 11:07:03
tx_2024-01_46227,Device fingerprint inconsistent.,2025-01-28 02:01:39
tx_2024-01_134179,Cardholder reported unauthorized transaction.,2025-09-21 13:31:46
tx_2024-01_136687,Cardholder reported unauthorized transaction.,2025-06-25 22:04:46
tx_2024-01_92238,Cardholder reported unauthorized transaction.,2025-12-09 22:07:44
tx_2024-01_38775,Device fingerprint inconsistent.,2025-05-03 14:50:21
tx_2024-01_104232,Multiple failed attempts before success.,2025-12-01 12:05:07
tx_2024-01_91194,Cardholder reported unauthorized transaction.,2025-01-29 22:19:41
tx_2024-01_1629,Device fingerprint inconsistent.,2025-09-02 13:04:19
tx_2024-01_105831,Multiple failed attempts before success.,2025-08-01 20:38:45
tx_2024-01_122054,Device fingerprint inconsistent.,2025-01-02 00:23:42
tx_2024-01_119959,Device fingerprint inconsistent.,2025-06-27 05:15:45
tx_2024-01_115675,Merchant previously linked to fraud ring.,2025-06-14 13:59:45
tx_2024-01_107430,Merchant previously linked to fraud ring.,2025-08-11 21:18:45
tx_2024-01_114190,Device fingerprint inconsistent.,2025-06-25 14:09:47
tx_2024-01_69304,Cardholder reported unauthorized transaction.,2025-11-16 08:45:50
tx_2024-01_19349,Merchant previously linked to fraud ring.,2025-06-24 00:04:26
tx_2024-01_95611,Cardholder reported unauthorized transaction.,2025-10-22 06:40:55
tx_2024-01_26030,Cardholder reported unauthorized transaction.,2025-10-17 00:43:13
tx_2024-01_141624,Cardholder reported unauthorized transaction.,2025-12-05 07:21:17
tx_2024-01_82416,Device fingerprint inconsistent.,2025-05-30 23:21:11
tx_2024-01_29918,Device fingerprint inconsistent.,2025-04-24 11:05:26
tx_2024-01_131502,Multiple failed attempts before success.,2025-06-13 04:58:10
tx_2024-01_86198,Merchant previously linked to fraud ring.,2025-06-28 11:57:53
tx_2024-01_79967,Merchant previously linked to fraud ring.,2025-07-22 11:39:44
tx_2024-01_78307,Multiple failed attempts before success.,2025-01-19 11:33:46
tx_2024-01_83325,Merchant previously linked to fraud ring.,2025-05-09 09:19:05
tx_2024-01_107202,Cardholder reported unauthorized transaction.,2025-04-12 21:00:11
tx_2024-01_115103,Cardholder reported unauthorized transaction.,2025-03-12 06:44:05
tx_2024-01_110985,Multiple failed attempts before success.,2025-02-21 08:15:27
tx_2024-01_52757,Merchant previously linked to fraud ring.,2025-09-20 22:18:31
tx_2024-01_118981,Device fingerprint inconsistent.,2025-08-24 01:38:56
tx_2024-01_73625,Device fingerprint inconsistent.,2025-08-21 19:16:12
tx_2024-01_64194,Multiple failed attempts before success.,2025-09-04 15:31:45
tx_2024-01_95319,Multiple failed attempts before success.,2025-08-23 18:56:59
tx_2024-01_18693,Merchant previously linked to fraud ring.,2025-04-03 04:44:53
tx_2024-01_113693,Device fingerprint inconsistent.,2025-10-25 15:17:34
tx_2024-01_10714,Cardholder reported unauthorized transaction.,2025-11-16 23:55:13
tx_2024-01_113002,Device fingerprint inconsistent.,2025-03-25 15:30:01
tx_2024-01_5301,Merchant previously linked to fraud ring.,2025-01-03 19:05:15
tx_2024-01_21972,Cardholder reported unauthorized transaction.,2025-04-17 01:43:41
tx_2024-01_110022,Device fingerprint inconsistent.,2025-06-09 21:44:58
tx_2024-01_8449,Multiple failed attempts before success.,2025-12-13 01:50:33
tx_2024-01_17331,Multiple failed attempts before success.,2025-03-17 03:28:18
tx_2024-01_133334,Merchant previously linked to fraud ring.,2025-08-17 21:30:16
tx_2024-01_46231,Device fingerprint inconsistent.,2025-09-21 01:33:07
tx_2024-01_14145,Merchant previously linked to fraud ring.,2025-10-04 10:12:59
tx_2024-01_118025,Cardholder reported unauthorized transaction.,2025-07-24 23:22:30
tx_2024-01_70330,Cardholder reported unauthorized transaction.,2025-06-03 20:33:12
tx_2024-01_34201,Cardholder reported unauthorized transaction.,2025-11-21 05:42:23
tx_2024-01_5196,Device fingerprint inconsistent.,2025-05-26 12:24:05
tx_2024-01_147762,Multiple failed attempts before success.,2025-01-29 16:30:47
tx_2024-01_94360,Merchant previously linked to fraud ring.,2025-06-12 18:55:27
tx_2024-01_19943,Cardholder reported unauthorized transaction.,2025-03-19 03:59:52
tx_2024-01_8182,Merchant previously linked to fraud ring.,2025-01-18 01:16:23
tx_2024-01_63657,Multiple failed attempts before success.,2025-03-29 17:53:43
tx_2024-01_77815,Cardholder reported unauthorized transaction.,2025-01-14 08:48:29
tx_2024-01_144060,Cardholder reported unauthorized transaction.,2025-03-13 15:00:06
tx_2024-01_140718,Merchant previously linked to fraud ring.,2025-01-03 03:57:33
tx_2024-01_45201,Cardholder reported unauthorized transaction.,2025-04-05 07:39:36
tx_2024-01_128500,Merchant previously linked to fraud ring.,2025-02-22 10:35:30
tx_2024-01_10503,Merchant previously linked to fraud ring.,2025-07-10 17:00:20
tx_2024-01_39203,Cardholder reported unauthorized transaction.,2025-01-25 22:52:26
tx_2024-01_92403,Multiple failed attempts before success.,2025-11-11 19:05:56
tx_2024-01_111338,Merchant previously linked to fraud ring.,2025-01-13 04:07:25
tx_2024-01_124116,Device fingerprint inconsistent.,2025-06-26 02:32:45
tx_2024-01_27235,Merchant previously linked to fraud ring.,2025-01-20 04:32:43
tx_2024-01_130526,Merchant previously linked to fraud ring.,2025-07-15 16:35:44
tx_2024-01_37378,Cardholder reported unauthorized transaction.,2025-09-12 16:10:55
tx_2024-01_87107,Cardholder reported unauthorized transaction.,2025-04-08 16:15:15
tx_2024-01_50661,Multiple failed attempts before success.,2025-12-13 20:07:07
tx_2024-01_133116,Multiple failed attempts before success.,2025-12-17 10:47:10
tx_2024-01_85382,Merchant previously linked to fraud ring.,2025-07-29 16:25:43
tx_2024-01_49902,Device fingerprint inconsistent.,2025-07-11 17:49:49
tx_2024-01_54465,Device fingerprint inconsistent.,2025-11-12 03:33:44
tx_2024-01_86846,Multiple failed attempts before success.,2025-08-31 18:40:51
tx_2024-01_46460,Cardholder reported unauthorized transaction.,2025-09-15 16:35:19
tx_2024-01_26384,Multiple failed attempts before success.,2025-10-21 18:53:41
tx_2024-01_125238,Device fingerprint inconsistent.,2025-02-03 20:24:55
tx_2024-01_141660,Cardholder reported unauthorized transaction.,2025-01-17 08:44:41
tx_2024-01_109685,Cardholder reported unauthorized transaction.,2025-05-18 15:55:22
tx_2024-01_106339,Cardholder reported unauthorized transaction.,2025-08-30 12:25:19
tx_2024-01_93876,Merchant previously linked to fraud ring.,2025-09-01 05:41:02
tx_2024-01_16241,Merchant previously linked to fraud ring.,2025-12-07 07:11:17
tx_2024-01_81561,Device fingerprint inconsistent.,2025-05-06 22:12:12
tx_2024-01_39702,Device fingerprint inconsistent.,2025-08-09 15:27:41
tx_2024-01_125437,Cardholder reported unauthorized transaction.,2025-04-17 04:53:05
tx_2024-01_12562,Device fingerprint inconsistent.,2025-10-24 14:40:16
tx_2024-01_44642,Cardholder reported unauthorized transaction.,2025-11-29 23:17:30
tx_2024-01_117682,Cardholder reported unauthorized transaction.,2025-08-02 20:16:57
tx_2024-01_138895,Multiple failed attempts before success.,2025-08-27 18:12:34
tx_2024-01_20981,Multiple failed attempts before success.,2025-01-19 02:44:18
tx_2024-01_43293,Device fingerprint inconsistent.,2025-12-03 10:39:47
tx_2024-01_37051,Multiple failed attempts before success.,2025-12-02 13:16:35
tx_2024-01_11356,Device fingerprint inconsistent.,2025-07-26 15:37:48
tx_2024-01_80175,Multiple failed attempts before success.,2025-08-09 08:45:35
tx_2024-01_105339,Multiple failed attempts before success.,2025-08-03 00:23:46
tx_2024-01_95843,Multiple failed attempts before success.,2025-01-16 12:23:49
tx_2024-01_82517,Merchant previously linked to fraud ring.,2025-07-29 23:32:34
tx_2024-01_56659,Cardholder reported unauthorized transaction.,2025-03-27 02:03:08
tx_2024-01_132646,Device fingerprint inconsistent.,2025-02-01 12:54:17
tx_2024-01_35933,Merchant previously linked to fraud ring.,2025-04-21 22:12:41
tx_2024-01_142079,Multiple failed attempts before success.,2025-03-22 21:02:42
tx_2024-01_24785,Cardholder reported unauthorized transaction.,2025-04-03 08:41:18
tx_2024-01_28245,Cardholder reported unauthorized transaction.,2025-07-19 09:34:47
tx_2024-01_63613,Device fingerprint inconsistent.,2025-02-12 20:01:01
tx_2024-01_48207,Merchant previously linked to fraud ring.,2025-09-19 23:36:08
tx_2024-01_104456,Cardholder reported unauthorized transaction.,2025-11-06 06:23:16
tx_2024-01_8848,Device fingerprint inconsistent.,2025-06-03 06:05:01
tx_2024-01_124300,Device fingerprint inconsistent.,2025-03-29 16:21:48
tx_2024-01_92800,Merchant previously linked to fraud ring.,2025-01-23 09:59:42
tx_2024-01_131664,Device fingerprint inconsistent.,2025-04-02 23:11:00
tx_2024-01_139696,Multiple failed attempts before success.,2025-05-06 07:48:57
tx_2024-01_128976,Merchant previously linked to fraud ring.,2025-04-13 12:40:08
tx_2024-01_100895,Device fingerprint inconsistent.,2025-11-04 23:45:08
tx_2024-01_94610,Cardholder reported unauthorized transaction.,2025-04-24 15:23:59
tx_2024-01_17560,Merchant previously linked to fraud ring.,2025-04-06 05:04:02
tx_2024-01_134643,Device fingerprint inconsistent.,2025-05-05 00:24:16
tx_2024-01_83067,Merchant previously linked to fraud ring.,2025-02-01 10:22:38
tx_2024-01_135887,Cardholder reported unauthorized transaction.,2025-02-18 23:33:39
tx_2024-01_92635,Device fingerprint inconsistent.,2025-03-29 16:16:53
tx_2024-01_60873,Cardholder reported unauthorized transaction.,2025-10-13 20:16:47
tx_2024-01_36549,Merchant previously linked to fraud ring.,2025-03-06 00:57:27
tx_2024-01_112257,Multiple failed attempts before success.,2025-10-29 23:14:00
tx_2024-01_68259,Cardholder reported unauthorized transaction.,2025-08-15 23:46:28
tx_2024-01_149040,Device fingerprint inconsistent.,2025-07-18 19:40:32
tx_2024-01_108941,Multiple failed attempts before success.,2025-06-28 21:21:29
tx_2024-01_198,Cardholder reported unauthorized transaction.,2025-01-05 16:25:05
tx_2024-01_147180,Cardholder reported unauthorized transaction.,2025-03-17 02:28:13
tx_2024-01_9701,Multiple failed attempts before success.,2025-06-12 18:40:01
tx_2024-01_135158,Multiple failed attempts before success.,2025-08-12 21:40:36
tx_2024-01_146268,Cardholder reported unauthorized transaction.,2025-06-10 19:23:35
tx_2024-01_19641,Cardholder reported unauthorized transaction.,2025-01-08 02:05:55
tx_2024-01_80337,Merchant previously linked to fraud ring.,2025-06-11 19:21:05
tx_2024-01_46277,Merchant previously linked to fraud ring.,2025-05-05 22:26:13
tx_2024-01_107294,Cardholder reported unauthorized transaction.,2025-08-22 23:54:28
tx_2024-01_42274,Device fingerprint inconsistent.,2025-04-13 23:29:48
tx_2024-01_85503,Device fingerprint inconsistent.,2025-08-25 21:54:29
tx_2024-01_33975,Merchant previously linked to fraud ring.,2025-05-09 02:34:24
tx_2024-01_70193,Multiple failed attempts before success.,2025-11-18 15:27:26
tx_2024-01_26918,Multiple failed attempts before success.,2025-09-13 03:57:46
tx_2024-01_11943,Multiple failed attempts before success.,2025-03-15 01:44:52
tx_2024-01_149513,Multiple failed attempts before success.,2025-04-27 13:56:05
tx_2024-01_65634,Merchant previously linked to fraud ring.,2025-01-05 18:17:02
tx_2024-01_7429,Device fingerprint inconsistent.,2025-11-03 10:17:33
tx_2024-01_59014,Multiple failed attempts before success.,2025-02-14 13:28:37
tx_2024-01_50531,Multiple failed attempts before success.,2025-09-14 06:40:23
tx_2024-01_125258,Merchant previously linked to fraud ring.,2025-11-28 22:03:53
tx_2024-01_41897,Device fingerprint inconsistent.,2025-01-22 17:55:32
tx_2024-01_56060,Merchant previously linked to fraud ring.,2025-02-19 20:30:19
tx_2024-01_138127,Device fingerprint inconsistent.,2025-09-23 12:33:41
tx_2024-01_145741,Merchant previously linked to fraud ring.,2025-01-15 05:23:11
tx_2024-01_59073,Multiple failed attempts before success.,2025-09-30 19:07:01
tx_2024-01_125655,Multiple failed attempts before success.,2025-02-28 17:44:42
tx_2024-01_112490,Device fingerprint inconsistent.,2025-07-28 07:29:15
tx_2024-01_87265,Cardholder reported unauthorized transaction.,2025-11-12 01:06:31
tx_2024-01_116836,Cardholder reported unauthorized transaction.,2025-07-22 17:46:05
tx_2024-01_88702,Multiple failed attempts before success.,2025-04-06 20:54:42
tx_2024-01_23831,Merchant previously linked to fraud ring.,2025-09-10 05:18:34
tx_2024-01_24235,Device fingerprint inconsistent.,2025-03-30 06:39:17
tx_2024-01_78853,Device fingerprint inconsistent.,2025-07-05 01:52:34
tx_2024-01_67003,Device fingerprint inconsistent.,2025-04-28 22:02:10
tx_2024-01_44615,Cardholder reported unauthorized transaction.,2025-03-28 04:56:20
tx_2024-01_29995,Cardholder reported unauthorized transaction.,2025-11-12 09:34:09
tx_2024-01_46482,Multiple failed attempts before success.,2025-07-03 16:23:59
tx_2024-01_52482,Cardholder reported unauthorized transaction.,2025-05-24 18:40:43
tx_2024-01_131238,Cardholder reported unauthorized transaction.,2025-08-24 13:42:02
tx_2024-01_100942,Device fingerprint inconsistent.,2025-11-28 04:10:29
tx_2024-01_36141,Device fingerprint inconsistent.,2025-04-14 15:34:30
tx_2024-01_146682,Device fingerprint inconsistent.,2025-09-20 21:44:42
tx_2024-01_43385,Merchant previously linked to fraud ring.,2025-07-22 17:50:33
tx_2024-01_67350,Cardholder reported unauthorized transaction.,2025-06-04 15:32:08
tx_2024-01_21321,Merchant previously linked to fraud ring.,2025-08-10 23:51:12
tx_2024-01_38285,Device fingerprint inconsistent.,2025-08-03 20:54:22
tx_2024-01_25479,Cardholder reported unauthorized transaction.,2025-09-03 15:26:02
tx_2024-01_106180,Cardholder reported unauthorized transaction.,2025-09-23 23:24:52
tx_2024-01_58904,Cardholder reported unauthorized transaction.,2025-12-03 05:06:49
tx_2024-01_78957,Merchant previously linked to fraud ring.,2025-12-18 07:58:59
tx_2024-01_64443,Merchant previously linked to fraud ring.,2025-03-25 13:52:54
tx_2024-01_34759,Device fingerprint inconsistent.,2025-07-25 03:18:02
tx_2024-01_92804,Multiple failed attempts before success.,2025-01-27 07:46:54
tx_2024-01_139571,Cardholder reported unauthorized transaction.,2025-01-21 05:18:31
tx_2024-01_99414,Multiple failed attempts before success.,2025-09-23 04:32:53
tx_2024-01_62543,Device fingerprint inconsistent.,2025-01-12 14:41:44
tx_2024-01_20016,Merchant previously linked to fraud ring.,2025-09-24 12:05:11
tx_2024-01_14842,Cardholder reported unauthorized transaction.,2025-02-19 21:41:09
tx_2024-01_122362,Device fingerprint inconsistent.,2025-04-10 04:27:12
tx_2024-01_129939,Cardholder reported unauthorized transaction.,2025-04-27 07:02:09
tx_2024-01_24513,Multiple failed attempts before success.,2025-12-19 06:40:49
tx_2024-01_123464,Device fingerprint inconsistent.,2025-06-11 16:02:49
tx_2024-01_68578,Multiple failed attempts before success.,2025-06-15 10:46:38
tx_2024-01_74329,Merchant previously linked to fraud ring.,2025-10-11 13:59:19
tx_2024-01_115934,Merchant previously linked to fraud ring.,2025-04-28 18:54:55
tx_2024-01_21776,Device fingerprint inconsistent.,2025-10-26 04:53:03
tx_2024-01_137999,Cardholder reported unauthorized transaction.,2025-08-29 22:10:06
tx_2024-01_74744,Cardholder reported unauthorized transaction.,2025-07-30 08:18:42
tx_2024-01_128565,Multiple failed attempts before success.,2025-01-05 12:05:52
tx_2024-01_102915,Multiple failed attempts before success.,2025-01-03 07:01:09
tx_2024-01_143148,Cardholder reported unauthorized transaction.,2025-09-15 17:52:33
tx_2024-01_37378,Device fingerprint inconsistent.,2025-09-15 01:34:23
tx_2024-01_83691,Device fingerprint inconsistent.,2025-02-19 15:55:48
tx_2024-01_38044,Device fingerprint inconsistent.,2025-01-17 11:10:09
tx_2024-01_62971,Device fingerprint inconsistent.,2025-02-10 19:15:30
tx_2024-01_97059,Cardholder reported unauthorized transaction.,2025-08-23 02:18:04
tx_2024-01_143741,Multiple failed attempts before success.,2025-01-20 03:05:39
tx_2024-01_42653,Merchant previously linked to fraud ring.,2025-05-20 08:07:19
tx_2024-01_75294,Device fingerprint inconsistent.,2025-09-06 19:27:22
tx_2024-01_60850,Multiple failed attempts before success.,2025-07-27 16:03:03
tx_2024-01_107145,Cardholder reported unauthorized transaction.,2025-04-21 03:28:09
tx_2024-01_43827,Device fingerprint inconsistent.,2025-05-17 15:54:03
tx_2024-01_12210,Device fingerprint inconsistent.,2025-10-07 02:29:55
tx_2024-01_76934,Device fingerprint inconsistent.,2025-05-30 12:20:53
tx_2024-01_133870,Multiple failed attempts before success.,2025-04-03 09:20:38
tx_2024-01_60196,Multiple failed attempts before success.,2025-12-16 16:48:11
tx_2024-01_146708,Multiple failed attempts before success.,2025-03-21 05:48:49
tx_2024-01_3273,Merchant previously linked to fraud ring.,2025-09-01 17:51:13
tx_2024-01_3099,Device fingerprint inconsistent.,2025-07-19 03:20:05
tx_2024-01_9743,Multiple failed attempts before success.,2025-02-12 05:53:29
tx_2024-01_146644,Cardholder reported unauthorized transaction.,2025-01-19 09:21:11
tx_2024-01_61128,Device fingerprint inconsistent.,2025-07-02 02:42:27
tx_2024-01_44643,Multiple failed attempts before success.,2025-10-15 01:50:08
tx_2024-01_122254,Multiple failed attempts before success.,2025-07-12 05:34:00
tx_2024-01_124756,Multiple failed attempts before success.,2025-09-14 13:46:38
tx_2024-01_125585,Multiple failed attempts before success.,2025-03-13 17:17:49
tx_2024-01_84642,Merchant previously linked to fraud ring.,2025-06-05 20:43:22
tx_2024-01_83120,Cardholder reported unauthorized transaction.,2025-01-01 06:04:46
tx_2024-01_100513,Merchant previously linked to fraud ring.,2025-03-22 03:32:38
tx_2024-01_80476,Merchant previously linked to fraud ring.,2025-01-08 00:12:38
tx_2024-01_5208,Multiple failed attempts before success.,2025-03-25 16:28:40
tx_2024-01_149176,Device fingerprint inconsistent.,2025-10-08 15:11:58
tx_2024-01_78573,Device fingerprint inconsistent.,2025-05-27 11:31:57
tx_2024-01_76057,Cardholder reported unauthorized transaction.,2025-10-19 08:03:07
tx_2024-01_40038,Multiple failed attempts before success.,2025-09-01 18:29:44
tx_2024-01_87721,Merchant previously linked to fraud ring.,2025-11-13 10:56:16
tx_2024-01_66708,Merchant previously linked to fraud ring.,2025-12-12 12:20:19
tx_2024-01_37365,Multiple failed attempts before success.,2025-10-04 14:48:08
tx_2024-01_66705,Multiple failed attempts before success.,2025-09-24 13:36:47
tx_2024-01_1330,Multiple failed attempts before success.,2025-06-22 01:30:12
tx_2024-01_48480,Cardholder reported unauthorized transaction.,2025-07-22 19:42:55
tx_2024-01_96270,Multiple failed attempts before success.,2025-08-15 14:42:04
tx_2024-01_98620,Cardholder reported unauthorized transaction.,2025-01-22 12:50:08
tx_2024-01_95723,Cardholder reported unauthorized transaction.,2025-06-05 01:55:48
tx_2024-01_101513,Device fingerprint inconsistent.,2025-09-12 03:14:43
tx_2024-01_8893,Cardholder reported unauthorized transaction.,2025-10-24 13:25:49
tx_2024-01_129567,Multiple failed attempts before success.,2025-11-03 07:43:19
tx_2024-01_3940,Multiple failed attempts before success.,2025-08-30 10:13:33
tx_2024-01_146291,Cardholder reported unauthorized transaction.,2025-11-08 15:13:43
tx_2024-01_93941,Cardholder reported unauthorized transaction.,2025-03-21 06:05:25
tx_2024-01_114517,Cardholder reported unauthorized transaction.,2025-09-04 08:55:01
tx_2024-01_70377,Device fingerprint inconsistent.,2025-02-07 13:22:14
tx_2024-01_45785,Multiple failed attempts before success.,2025-12-10 22:19:52
tx_2024-01_37137,Multiple failed attempts before success.,2025-08-02 09:53:59
tx_2024-01_13546,Multiple failed attempts before success.,2025-11-25 15:40:49
tx_2024-01_82771,Merchant previously linked to fraud ring.,2025-07-03 00:32:04
tx_2024-01_66194,Multiple failed attempts before success.,2025-05-18 14:25:54
tx_2024-01_135465,Cardholder reported unauthorized transaction.,2025-08-01 01:34:46
tx_2024-01_95557,Multiple failed attempts before success.,2025-09-30 06:23:34
tx_2024-01_29997,Multiple failed attempts before success.,2025-04-06 22:47:09
tx_2024-01_35955,Cardholder reported unauthorized transaction.,2025-04-15 15:46:24
tx_2024-01_141136,Multiple failed attempts before success.,2025-08-17 21:57:15
tx_2024-01_133450,Multiple failed attempts before success.,2025-07-11 04:10:40
tx_2024-01_136866,Multiple failed attempts before success.,2025-09-16 19:07:26
tx_2024-01_39172,Cardholder reported unauthorized transaction.,2025-06-10 02:40:13
tx_2024-01_101504,Merchant previously linked to fraud ring.,2025-09-09 03:48:13
tx_2024-01_128226,Cardholder reported unauthorized transaction.,2025-11-06 03:04:54
tx_2024-01_44151,Device fingerprint inconsistent.,2025-01-17 14:32:15
tx_2024-01_96033,Merchant previously linked to fraud ring.,2025-05-10 05:06:13
tx_2024-01_105349,Cardholder reported unauthorized transaction.,2025-01-07 02:29:24
tx_2024-01_88927,Device fingerprint inconsistent.,2025-07-14 07:40:39
tx_2024-01_42560,Device fingerprint inconsistent.,2025-04-07 15:24:46
tx_2024-01_40721,Multiple failed attempts before success.,2025-03-30 09:04:45
tx_2024-01_21072,Merchant previously linked to fraud ring.,2025-01-24 06:02:09
tx_2024-01_44546,Cardholder reported unauthorized transaction.,2025-08-21 12:49:34
tx_2024-01_40336,Multiple failed attempts before success.,2025-03-19 21:53:34
tx_2024-01_22306,Cardholder reported unauthorized transaction.,2025-04-13 18:07:21
tx_2024-01_108747,Device fingerprint inconsistent.,2025-09-29 21:43:18
tx_2024-01_126188,Cardholder reported unauthorized transaction.,2025-04-27 18:43:37
tx_2024-01_34244,Cardholder reported unauthorized transaction.,2025-06-19 08:51:15
tx_2024-01_40494,Merchant previously linked to fraud ring.,2025-01-17 04:36:23
tx_2024-01_78453,Cardholder reported unauthorized transaction.,2025-11-22 01:44:14
tx_2024-01_143511,Merchant previously linked to fraud ring.,2025-05-15 11:49:48
tx_2024-01_145553,Device fingerprint inconsistent.,2025-04-03 10:05:50
tx_2024-01_124112,Cardholder reported unauthorized transaction.,2025-08-03 19:04:52
tx_2024-01_67440,Device fingerprint inconsistent.,2025-12-03 15:08:56
tx_2024-01_111849,Device fingerprint inconsistent.,2025-03-21 08:40:14
tx_2024-01_45082,Device fingerprint inconsistent.,2025-02-14 23:14:12
tx_2024-01_57785,Cardholder reported unauthorized transaction.,2025-02-09 15:35:28
tx_2024-01_116452,Cardholder reported unauthorized transaction.,2025-09-07 19:39:03
tx_2024-01_126939,Cardholder reported unauthorized transaction.,2025-01-22 08:56:05
tx_2024-01_144101,Device fingerprint inconsistent.,2025-03-06 15:53:18
tx_2024-01_36198,Cardholder reported unauthorized transaction.,2025-02-07 04:02:28
tx_2024-01_18,Merchant previously linked to fraud ring.,2025-04-03 15:42:42
tx_2024-01_120529,Device fingerprint inconsistent.,2025-04-06 11:55:23
tx_2024-01_53697,Device fingerprint inconsistent.,2025-08-19 08:08:53
tx_2024-01_45967,Cardholder reported unauthorized transaction.,2025-01-08 12:02:47
tx_2024-01_145021,Multiple failed attempts before success.,2025-11-06 17:40:31
tx_2024-01_26557,Merchant previously linked to fraud ring.,2025-09-12 03:45:13
tx_2024-01_27053,Multiple failed attempts before success.,2025-11-03 02:34:42
tx_2024-01_94688,Merchant previously linked to fraud ring.,2025-08-11 07:19:12
tx_2024-01_138084,Merchant previously linked to fraud ring.,2025-09-02 16:14:41
tx_2024-01_112646,Merchant previously linked to fraud ring.,2025-05-18 20:49:41
tx_2024-01_72763,Cardholder reported unauthorized transaction.,2025-06-19 19:24:49
tx_2024-01_7279,Multiple failed attempts before success.,2025-06-22 19:56:10
tx_2024-01_69289,Device fingerprint inconsistent.,2025-12-16 04:35:55
tx_2024-01_33212,Cardholder reported unauthorized transaction.,2025-11-24 21:37:15
tx_2024-01_68416,Cardholder reported unauthorized transaction.,2025-06-30 07:31:42
tx_2024-01_59652,Device fingerprint inconsistent.,2025-02-28 08:34:46
tx_2024-01_13441,Cardholder reported unauthorized transaction.,2025-10-06 04:20:40
tx_2024-01_129561,Cardholder reported unauthorized transaction.,2025-06-13 14:29:33
tx_2024-01_2563,Multiple failed attempts before success.,2025-11-12 09:44:54
tx_2024-01_99361,Merchant previously linked to fraud ring.,2025-06-28 14:13:07
tx_2024-01_79086,Device fingerprint inconsistent.,2025-02-16 09:39:57
tx_2024-01_3914,Cardholder reported unauthorized transaction.,2025-12-08 06:11:56
tx_2024-01_54073,Multiple failed attempts before success.,2025-05-16 02:34:57
tx_2024-01_79851,Cardholder reported unauthorized transaction.,2025-02-15 03:00:47
tx_2024-01_138662,Merchant previously linked to fraud ring.,2025-08-23 05:14:13
tx_2024-01_90687,Cardholder reported unauthorized transaction.,2025-07-23 18:04:00
tx_2024-01_100165,Cardholder reported unauthorized transaction.,2025-04-23 20:32:58
tx_2024-01_31446,Merchant previously linked to fraud ring.,2025-02-05 07:46:18
tx_2024-01_125142,Merchant previously linked to fraud ring.,2025-04-23 00:03:41
tx_2024-01_24334,Multiple failed attempts before success.,2025-03-04 18:13:50
tx_2024-01_3942,Multiple failed attempts before success.,2025-08-18 01:03:35
tx_2024-01_117782,Cardholder reported unauthorized transaction.,2025-03-10 13:33:16
tx_2024-01_2003,Device fingerprint inconsistent.,2025-04-25 11:23:59
tx_2024-01_35973,Merchant previously linked to fraud ring.,2025-05-06 22:30:25
tx_2024-01_145476,Merchant previously linked to fraud ring.,2025-05-05 18:02:03
tx_2024-01_37447,Multiple failed attempts before success.,2025-02-09 19:34:23
tx_2024-01_3704,Multiple failed attempts before success.,2025-08-14 13:01:56
tx_2024-01_1163,Cardholder reported unauthorized transaction.,2025-05-25 22:38:54
tx_2024-01_125680,Cardholder reported unauthorized transaction.,2025-05-04 20:44:42
tx_2024-01_2781,Multiple failed attempts before success.,2025-08-12 13:03:27
tx_2024-01_89208,Merchant previously linked to fraud ring.,2025-12-12 05:57:56
tx_2024-01_78141,Multiple failed attempts before success.,2025-04-26 01:56:34
tx_2024-01_57365,Cardholder reported unauthorized transaction.,2025-01-13 05:16:22
tx_2024-01_6569,Multiple failed attempts before success.,2025-08-21 18:57:41
tx_2024-01_92296,Device fingerprint inconsistent.,2025-08-25 08:13:26
tx_2024-01_148396,Merchant previously linked to fraud ring.,2025-12-09 20:39:14
tx_2024-01_32624,Device fingerprint inconsistent.,2025-02-05 17:14:26
tx_2024-01_140266,Cardholder reported unauthorized transaction.,2025-03-24 09:27:59
tx_2024-01_132826,Cardholder reported unauthorized transaction.,2025-03-21 18:37:37
tx_2024-01_25427,Cardholder reported unauthorized transaction.,2025-03-31 20:10:45
tx_2024-01_24077,Cardholder reported unauthorized transaction.,2025-10-16 07:22:41
tx_2024-01_48983,Multiple failed attempts before success.,2025-03-27 01:23:57
tx_2024-01_2458,Device fingerprint inconsistent.,2025-11-27 14:37:57
tx_2024-01_65643,Device fingerprint inconsistent.,2025-01-29 03:58:57
tx_2024-01_60131,Device fingerprint inconsistent.,2025-02-17 06:09:43
tx_2024-01_29901,Device fingerprint inconsistent.,2025-12-15 10:30:10
tx_2024-01_110481,Merchant previously linked to fraud ring.,2025-11-17 19:14:13
tx_2024-01_98206,Device fingerprint inconsistent.,2025-10-19 16:11:41
tx_2024-01_87210,Device fingerprint inconsistent.,2025-06-24 10:33:21
tx_2024-01_141013,Device fingerprint inconsistent.,2025-09-26 03:48:38
tx_2024-01_134931,Merchant previously linked to fraud ring.,2025-11-20 06:07:56
tx_2024-01_101024,Cardholder reported unauthorized transaction.,2025-03-13 18:46:51
tx_2024-01_90013,Device fingerprint inconsistent.,2025-07-23 04:04:59
tx_2024-01_101643,Device fingerprint inconsistent.,2025-01-01 02:18:22
tx_2024-01_21685,Multiple failed attempts before success.,2025-01-03 21:35:45
tx_2024-01_58156,Merchant previously linked to fraud ring.,2025-05-30 01:27:23
tx_2024-01_126044,Cardholder reported unauthorized transaction.,2025-03-10 00:05:32
tx_2024-01_74358,Device fingerprint inconsistent.,2025-09-14 01:18:06
tx_2024-01_144618,Device fingerprint inconsistent.,2025-08-24 06:38:00
tx_2024-01_119501,Multiple failed attempts before success.,2025-04-11 12:20:59
tx_2024-01_142516,Device fingerprint inconsistent.,2025-10-15 13:55:40
tx_2024-01_70573,Device fingerprint inconsistent.,2025-11-03 12:20:34
tx_2024-01_109102,Device fingerprint inconsistent.,2025-07-19 04:20:47
tx_2024-01_91048,Merchant previously linked to fraud ring.,2025-06-21 14:58:25
tx_2024-01_143095,Merchant previously linked to fraud ring.,2025-06-26 21:22:36
tx_2024-01_102310,Multiple failed attempts before success.,2025-05-03 03:49:41
tx_2024-01_38990,Multiple failed attempts before success.,2025-12-11 04:21:46
tx_2024-01_60466,Cardholder reported unauthorized transaction.,2025-11-22 03:37:34
tx_2024-01_42406,Merchant previously linked to fraud ring.,2025-10-22 21:14:49
tx_2024-01_12195,Device fingerprint inconsistent.,2025-03-23 20:38:20
tx_2024-01_44092,Multiple failed attempts before success.,2025-02-13 02:44:09
tx_2024-01_19930,Merchant previously linked to fraud ring.,2025-11-18 05:06:57
tx_2024-01_141236,Device fingerprint inconsistent.,2025-04-01 23:37:18
tx_2024-01_136971,Cardholder reported unauthorized transaction.,2025-08-17 13:21:29
tx_2024-01_67775,Device fingerprint inconsistent.,2025-09-02 21:52:40
tx_2024-01_88767,Multiple failed attempts before success.,2025-08-25 19:37:50
tx_2024-01_45011,Multiple failed attempts before success.,2025-10-18 13:42:32
tx_2024-01_82076,Multiple failed attempts before success.,2025-07-02 00:56:16
tx_2024-01_24990,Cardholder reported unauthorized transaction.,2025-10-14 02:58:42
tx_2024-01_41325,Merchant previously linked to fraud ring.,2025-09-02 14:21:38
tx_2024-01_96886,Multiple failed attempts before success.,2025-08-03 00:19:22
tx_2024-01_21504,Device fingerprint inconsistent.,2025-08-01 05:35:06
tx_2024-01_36089,Multiple failed attempts before success.,2025-04-10 07:32:31
tx_2024-01_101410,Multiple failed attempts before success.,2025-10-18 04:58:14
tx_2024-01_86012,Merchant previously linked to fraud ring.,2025-01-01 19:47:12
tx_2024-01_139337,Cardholder reported unauthorized transaction.,2025-07-10 19:57:05
tx_2024-01_23101,Cardholder reported unauthorized transaction.,2025-02-17 13:29:07
tx_2024-01_148447,Merchant previously linked to fraud ring.,2025-06-12 20:14:21
tx_2024-01_20123,Device fingerprint inconsistent.,2025-07-28 02:53:28
tx_2024-01_142823,Device fingerprint inconsistent.,2025-08-14 22:15:57
tx_2024-01_115280,Cardholder reported unauthorized transaction.,2025-07-27 08:24:50
tx_2024-01_94977,Multiple failed attempts before success.,2025-06-30 07:03:21
tx_2024-01_143137,Device fingerprint inconsistent.,2025-12-11 04:32:32
tx_2024-01_115391,Merchant previously linked to fraud ring.,2025-07-12 21:31:00
tx_2024-01_132716,Merchant previously linked to fraud ring.,2025-07-25 23:04:36
tx_2024-01_109489,Merchant previously linked to fraud ring.,2025-01-31 07:21:42
tx_2024-01_54584,Multiple failed attempts before success.,2025-03-19 05:03:44
tx_2024-01_70982,Cardholder reported unauthorized transaction.,2025-04-18 07:09:44
tx_2024-01_4015,Device fingerprint inconsistent.,2025-09-14 12:58:37
tx_2024-01_62440,Merchant previously linked to fraud ring.,2025-09-12 05:31:22
tx_2024-01_41189,Merchant previously linked to fraud ring.,2025-01-11 11:07:47
tx_2024-01_144836,Cardholder reported unauthorized transaction.,2025-09-20 05:01:53
tx_2024-01_35371,Merchant previously linked to fraud ring.,2025-07-18 09:47:30
tx_2024-01_4947,Multiple failed attempts before success.,2025-11-08 12:15:44
tx_2024-01_67971,Device fingerprint inconsistent.,2025-09-16 11:13:51
tx_2024-01_30534,Multiple failed attempts before success.,2025-10-03 08:45:34
tx_2024-01_92353,Device fingerprint inconsistent.,2025-10-12 06:01:04
tx_2024-01_85605,Cardholder reported unauthorized transaction.,2025-02-09 13:24:59
tx_2024-01_51184,Merchant previously linked to fraud ring.,2025-03-26 13:38:31
tx_2024-01_101527,Cardholder reported unauthorized transaction.,2025-04-06 22:15:07
tx_2024-01_148635,Merchant previously linked to fraud ring.,2025-03-03 10:09:12
tx_2024-01_29791,Merchant previously linked to fraud ring.,2025-08-17 09:01:45
tx_2024-01_54994,Merchant previously linked to fraud ring.,2025-12-17 17:02:47
tx_2024-01_42866,Cardholder reported unauthorized transaction.,2025-09-15 15:45:21
tx_2024-01_4985,Multiple failed attempts before success.,2025-06-15 14:06:11
tx_2024-01_66425,Multiple failed attempts before success.,2025-12-13 21:36:58
tx_2024-01_100737,Merchant previously linked to fraud ring.,2025-09-07 05:52:39
tx_2024-01_111168,Device fingerprint inconsistent.,2025-06-13 05:30:49
tx_2024-01_83178,Merchant previously linked to fraud ring.,2025-08-04 18:59:26
tx_2024-01_8392,Merchant previously linked to fraud ring.,2025-10-02 16:31:19
tx_2024-01_81003,Cardholder reported unauthorized transaction.,2025-04-21 16:30:39
tx_2024-01_83542,Merchant previously linked to fraud ring.,2025-03-02 10:53:20
tx_2024-01_81542,Merchant previously linked to fraud ring.,2025-04-08 17:13:58
tx_2024-01_74497,Multiple failed attempts before success.,2025-03-12 03:59:59
tx_2024-01_132905,Cardholder reported unauthorized transaction.,2025-05-16 15:09:26
tx_2024-01_84531,Cardholder reported unauthorized transaction.,2025-07-16 06:45:04
tx_2024-01_16107,Device fingerprint inconsistent.,2025-07-19 04:48:39
tx_2024-01_128774,Device fingerprint inconsistent.,2025-08-03 22:48:26
tx_2024-01_92675,Cardholder reported unauthorized transaction.,2025-11-11 13:17:17
tx_2024-01_29209,Device fingerprint inconsistent.,2025-08-03 10:18:03
tx_2024-01_119277,Multiple failed attempts before success.,2025-03-25 09:49:24
tx_2024-01_12456,Cardholder reported unauthorized transaction.,2025-10-17 04:56:55
tx_2024-01_57336,Cardholder reported unauthorized transaction.,2025-05-18 13:18:23
tx_2024-01_53544,Multiple failed attempts before success.,2025-10-14 16:33:14
tx_2024-01_101799,Merchant previously linked to fraud ring.,2025-12-01 22:32:14
tx_2024-01_37524,Device fingerprint inconsistent.,2025-07-11 09:48:24
tx_2024-01_125612,Multiple failed attempts before success.,2025-06-06 13:16:24
tx_2024-01_89995,Device fingerprint inconsistent.,2025-05-17 01:30:20
tx_2024-01_6144,Merchant previously linked to fraud ring.,2025-09-05 19:21:08
tx_2024-01_63264,Device fingerprint inconsistent.,2025-05-09 05:44:11
tx_2024-01_27304,Device fingerprint inconsistent.,2025-07-17 21:45:16
tx_2024-01_95121,Device fingerprint inconsistent.,2025-06-12 03:07:34
tx_2024-01_119247,Device fingerprint inconsistent.,2025-06-15 10:31:52
tx_2024-01_57688,Device fingerprint inconsistent.,2025-04-09 04:17:46
tx_2024-01_57043,Multiple failed attempts before success.,2025-08-07 12:27:16
tx_2024-01_141959,Cardholder reported unauthorized transaction.,2025-06-16 11:34:42
tx_2024-01_70570,Device fingerprint inconsistent.,2025-05-03 13:39:32
tx_2024-01_52447,Device fingerprint inconsistent.,2025-08-16 18:21:26
tx_2024-01_40363,Multiple failed attempts before success.,2025-02-26 00:30:38
tx_2024-01_56682,Cardholder reported unauthorized transaction.,2025-04-27 09:50:07
tx_2024-01_59944,Multiple failed attempts before success.,2025-10-27 02:59:23
tx_2024-01_39538,Device fingerprint inconsistent.,2025-01-22 19:55:48
tx_2024-01_123042,Multiple failed attempts before success.,2025-10-09 21:01:44
tx_2024-01_115713,Device fingerprint inconsistent.,2025-12-02 22:36:51
tx_2024-01_95366,Merchant previously linked to fraud ring.,2025-02-22 05:19:43
tx_2024-01_145592,Merchant previously linked to fraud ring.,2025-04-21 12:46:32
tx_2024-01_43263,Merchant previously linked to fraud ring.,2025-05-30 00:34:10
tx_2024-01_56155,Merchant previously linked to fraud ring.,2025-11-17 22:33:57
tx_2024-01_117419,Merchant previously linked to fraud ring.,2025-03-29 11:10:29
tx_2024-01_65047,Merchant previously linked to fraud ring.,2025-06-30 07:29:34
tx_2024-01_7709,Merchant previously linked to fraud ring.,2025-05-05 06:55:46
tx_2024-01_127695,Merchant previously linked to fraud ring.,2025-03-17 12:00:40
tx_2024-01_16026,Merchant previously linked to fraud ring.,2025-05-05 10:37:57
tx_2024-01_100222,Device fingerprint inconsistent.,2025-02-19 21:41:51
tx_2024-01_45591,Device fingerprint inconsistent.,2025-01-12 03:52:16
tx_2024-01_26777,Merchant previously linked to fraud ring.,2025-04-16 10:38:12
tx_2024-01_117268,Merchant previously linked to fraud ring.,2025-10-14 15:35:27
tx_2024-01_30597,Device fingerprint inconsistent.,2025-04-30 15:24:27
tx_2024-01_671,Cardholder reported unauthorized transaction.,2025-06-04 13:00:47
tx_2024-01_149301,Device fingerprint inconsistent.,2025-02-26 06:31:44
tx_2024-01_119388,Cardholder reported unauthorized transaction.,2025-07-07 16:30:57
tx_2024-01_112146,Merchant previously linked to fraud ring.,2025-07-25 16:34:02
tx_2024-01_88027,Merchant previously linked to fraud ring.,2025-06-28 07:00:07
tx_2024-01_11046,Multiple failed attempts before success.,2025-07-21 14:04:21
tx_2024-01_93882,Multiple failed attempts before success.,2025-05-22 18:28:54
tx_2024-01_145215,Cardholder reported unauthorized transaction.,2025-02-04 05:23:43
tx_2024-01_103136,Multiple failed attempts before success.,2025-07-17 19:20:46
tx_2024-01_110855,Merchant previously linked to fraud ring.,2025-01-16 15:17:19
tx_2024-01_75658,Cardholder reported unauthorized transaction.,2025-12-16 03:48:12
tx_2024-01_11172,Merchant previously linked to fraud ring.,2025-04-08 16:20:52
tx_2024-01_12682,Device fingerprint inconsistent.,2025-11-04 13:04:19
tx_2024-01_35639,Cardholder reported unauthorized transaction.,2025-10-30 06:29:21
tx_2024-01_13736,Merchant previously linked to fraud ring.,2025-10-20 23:07:11
tx_2024-01_131430,Merchant previously linked to fraud ring.,2025-01-22 11:52:02
tx_2024-01_71778,Merchant previously linked to fraud ring.,2025-07-29 00:30:51
tx_2024-01_17777,Multiple failed attempts before success.,2025-05-09 03:54:01
tx_2024-01_102471,Device fingerprint inconsistent.,2025-12-10 22:38:14
tx_2024-01_73978,Device fingerprint inconsistent.,2025-12-09 00:55:00
tx_2024-01_39026,Merchant previously linked to fraud ring.,2025-06-14 19:12:29
tx_2024-01_63868,Merchant previously linked to fraud ring.,2025-12-18 05:39:04
tx_2024-01_48419,Multiple failed attempts before success.,2025-02-21 17:20:40
tx_2024-01_31934,Cardholder reported unauthorized transaction.,2025-07-23 07:21:30
tx_2024-01_15466,Cardholder reported unauthorized transaction.,2025-03-13 06:40:27
tx_2024-01_67087,Device fingerprint inconsistent.,2025-12-10 04:26:58
tx_2024-01_3770,Cardholder reported unauthorized transaction.,2025-10-11 01:02:31
tx_2024-01_21859,Cardholder reported unauthorized transaction.,2025-09-03 02:39:33
tx_2024-01_56650,Cardholder reported unauthorized transaction.,2025-04-29 20:02:30
tx_2024-01_99218,Device fingerprint inconsistent.,2025-10-27 18:26:00
tx_2024-01_59418,Multiple failed attempts before success.,2025-12-16 00:29:12
tx_2024-01_37148,Merchant previously linked to fraud ring.,2025-01-16 00:25:58
tx_2024-01_47793,Multiple failed attempts before success.,2025-07-23 01:40:08
tx_2024-01_21191,Multiple failed attempts before success.,2025-01-04 21:10:57
tx_2024-01_77551,Multiple failed attempts before success.,2025-06-25 19:06:32
tx_2024-01_48521,Device fingerprint inconsistent.,2025-07-16 16:52:30
tx_2024-01_119903,Cardholder reported unauthorized transaction.,2025-04-13 09:55:51
tx_2024-01_41864,Merchant previously linked to fraud ring.,2025-08-15 10:06:09
tx_2024-01_21481,Cardholder reported unauthorized transaction.,2025-09-18 23:26:35
tx_2024-01_84209,Merchant previously linked to fraud ring.,2025-02-13 04:10:18
tx_2024-01_41404,Device fingerprint inconsistent.,2025-06-15 12:18:21
tx_2024-01_43535,Merchant previously linked to fraud ring.,2025-11-05 21:00:55
tx_2024-01_111879,Merchant previously linked to fraud ring.,2025-05-12 03:45:26
tx_2024-01_49068,Merchant previously linked to fraud ring.,2025-09-01 18:47:50
tx_2024-01_65295,Merchant previously linked to fraud ring.,2025-05-31 07:00:54
tx_2024-01_58431,Merchant previously linked to fraud ring.,2025-01-28 03:01:00
tx_2024-01_78579,Multiple failed attempts before success.,2025-11-29 03:42:48
tx_2024-01_16431,Device fingerprint inconsistent.,2025-04-12 20:05:57
tx_2024-01_140478,Multiple failed attempts before success.,2025-07-16 17:14:51
tx_2024-01_11353,Cardholder reported unauthorized transaction.,2025-05-08 15:31:11
tx_2024-01_140541,Cardholder reported unauthorized transaction.,2025-11-15 05:52:00
tx_2024-01_63682,Device fingerprint inconsistent.,2025-01-28 07:10:23
tx_2024-01_148973,Merchant previously linked to fraud ring.,2025-03-20 22:50:05
tx_2024-01_97109,Device fingerprint inconsistent.,2025-02-02 00:11:28
tx_2024-01_86968,Multiple failed attempts before success.,2025-01-22 02:31:02
tx_2024-01_121449,Cardholder reported unauthorized transaction.,2025-10-29 08:19:36
tx_2024-01_72260,Device fingerprint inconsistent.,2025-10-22 10:27:42
tx_2024-01_12229,Merchant previously linked to fraud ring.,2025-02-26 17:40:40
tx_2024-01_129955,Cardholder reported unauthorized transaction.,2025-10-23 18:49:15
tx_2024-01_71427,Device fingerprint inconsistent.,2025-06-24 06:42:06
tx_2024-01_88613,Device fingerprint inconsistent.,2025-05-14 05:33:01
tx_2024-01_63335,Multiple failed attempts before success.,2025-08-05 01:36:09
tx_2024-01_26620,Device fingerprint inconsistent.,2025-04-12 10:13:44
tx_2024-01_112845,Merchant previously linked to fraud ring.,2025-11-16 14:43:56
tx_2024-01_79336,Cardholder reported unauthorized transaction.,2025-04-02 07:12:18
tx_2024-01_73830,Merchant previously linked to fraud ring.,2025-01-07 17:26:56
tx_2024-01_144203,Merchant previously linked to fraud ring.,2025-06-30 12:03:29
tx_2024-01_98509,Device fingerprint inconsistent.,2025-06-16 02:02:57
tx_2024-01_144760,Multiple failed attempts before success.,2025-11-29 04:42:26
tx_2024-01_107521,Merchant previously linked to fraud ring.,2025-01-27 21:59:53
tx_2024-01_115421,Device fingerprint inconsistent.,2025-07-31 23:22:54
tx_2024-01_43298,Device fingerprint inconsistent.,2025-07-30 05:49:46
tx_2024-01_119810,Cardholder reported unauthorized transaction.,2025-03-26 21:35:26
tx_2024-01_56315,Cardholder reported unauthorized transaction.,2025-04-15 14:57:43
tx_2024-01_72198,Merchant previously linked to fraud ring.,2025-07-08 01:52:12
tx_2024-01_8598,Device fingerprint inconsistent.,2025-10-05 16:58:30
tx_2024-01_118474,Cardholder reported unauthorized transaction.,2025-11-28 21:28:27
tx_2024-01_12121,Device fingerprint inconsistent.,2025-12-09 09:54:27
tx_2024-01_49003,Multiple failed attempts before success.,2025-12-12 02:47:24
tx_2024-01_59323,Cardholder reported unauthorized transaction.,2025-08-09 00:14:35
tx_2024-01_121617,Device fingerprint inconsistent.,2025-03-04 01:37:51
tx_2024-01_113660,Merchant previously linked to fraud ring.,2025-11-29 07:58:34
tx_2024-01_19695,Merchant previously linked to fraud ring.,2025-03-18 15:50:11
tx_2024-01_135715,Merchant previously linked to fraud ring.,2025-03-23 20:49:45
tx_2024-01_113182,Device fingerprint inconsistent.,2025-09-14 12:41:26
tx_2024-01_5418,Device fingerprint inconsistent.,2025-09-21 19:45:50
tx_2024-01_33603,Multiple failed attempts before success.,2025-01-13 23:06:18
tx_2024-01_84908,Cardholder reported unauthorized transaction.,2025-02-24 06:26:39
tx_2024-01_4092,Merchant previously linked to fraud ring.,2025-03-29 10:40:40
tx_2024-01_104089,Multiple failed attempts before success.,2025-11-06 16:49:33
tx_2024-01_122492,Cardholder reported unauthorized transaction.,2025-08-10 15:07:16
tx_2024-01_118969,Device fingerprint inconsistent.,2025-02-13 08:07:07
tx_2024-01_111247,Merchant previously linked to fraud ring.,2025-11-07 06:50:23
tx_2024-01_7988,Device fingerprint inconsistent.,2025-12-03 04:46:24
tx_2024-01_39805,Merchant previously linked to fraud ring.,2025-12-19 01:32:02
tx_2024-01_108226,Merchant previously linked to fraud ring.,2025-02-17 22:41:57
tx_2024-01_95456,Multiple failed attempts before success.,2025-08-09 04:16:19
tx_2024-01_90706,Multiple failed attempts before success.,2025-07-12 11:48:18
tx_2024-01_122989,Cardholder reported unauthorized transaction.,2025-11-07 14:31:07
tx_2024-01_148425,Multiple failed attempts before success.,2025-01-17 22:44:39
tx_2024-01_97717,Multiple failed attempts before success.,2025-08-03 09:29:27
tx_2024-01_32541,Merchant previously linked to fraud ring.,2025-01-05 00:16:35
tx_2024-01_4053,Device fingerprint inconsistent.,2025-03-23 04:44:14
tx_2024-01_32681,Merchant previously linked to fraud ring.,2025-10-12 11:45:48
tx_2024-01_63267,Cardholder reported unauthorized transaction.,2025-07-07 16:32:16
tx_2024-01_135919,Merchant previously linked to fraud ring.,2025-03-06 19:24:07
tx_2024-01_23292,Merchant previously linked to fraud ring.,2025-06-20 18:05:55
tx_2024-01_26247,Multiple failed attempts before success.,2025-03-27 16:34:55
tx_2024-01_2803,Multiple failed attempts before success.,2025-02-07 13:59:45
tx_2024-01_78473,Cardholder reported unauthorized transaction.,2025-03-05 20:07:57
tx_2024-01_146020,Multiple failed attempts before success.,2025-04-15 01:18:12
tx_2024-01_98066,Merchant previously linked to fraud ring.,2025-10-27 08:42:07
tx_2024-01_119786,Merchant previously linked to fraud ring.,2025-08-25 06:00:32
tx_2024-01_9128,Device fingerprint inconsistent.,2025-10-22 17:40:47
tx_2024-01_47152,Multiple failed attempts before success.,2025-06-10 06:31:26
tx_2024-01_30378,Merchant previously linked to fraud ring.,2025-05-12 14:41:07
tx_2024-01_132091,Multiple failed attempts before success.,2025-11-14 21:03:53
tx_2024-01_91393,Cardholder reported unauthorized transaction.,2025-09-16 14:06:51
tx_2024-01_131166,Multiple failed attempts before success.,2025-02-13 17:23:51
tx_2024-01_72634,Cardholder reported unauthorized transaction.,2025-06-17 07:56:47
tx_2024-01_7920,Multiple failed attempts before success.,2025-06-19 01:41:31
tx_2024-01_36900,Cardholder reported unauthorized transaction.,2025-04-04 06:27:01
tx_2024-01_119634,Merchant previously linked to fraud ring.,2025-02-05 23:11:20
tx_2024-01_63103,Multiple failed attempts before success.,2025-06-10 16:05:25
tx_2024-01_132549,Multiple failed attempts before success.,2025-11-30 00:07:29
tx_2024-01_82879,Merchant previously linked to fraud ring.,2025-01-07 02:22:39
tx_2024-01_14311,Multiple failed attempts before success.,2025-10-05 16:02:18
tx_2024-01_41145,Device fingerprint inconsistent.,2025-04-21 10:50:15
tx_2024-01_74441,Device fingerprint inconsistent.,2025-07-01 20:49:06
tx_2024-01_118810,Cardholder reported unauthorized transaction.,2025-08-30 16:23:06
tx_2024-01_66240,Multiple failed attempts before success.,2025-01-23 15:55:01
tx_2024-01_87316,Cardholder reported unauthorized transaction.,2025-09-15 07:44:28
tx_2024-01_105612,Cardholder reported unauthorized transaction.,2025-06-15 00:49:31
tx_2024-01_7516,Cardholder reported unauthorized transaction.,2025-01-22 00:51:38
tx_2024-01_40127,Device fingerprint inconsistent.,2025-02-06 23:32:06
tx_2024-01_140392,Multiple failed attempts before success.,2025-08-15 04:01:09
tx_2024-01_3963,Cardholder reported unauthorized transaction.,2025-05-21 10:20:34
tx_2024-01_55429,Cardholder reported unauthorized transaction.,2025-10-29 09:57:12
tx_2024-01_67440,Cardholder reported unauthorized transaction.,2025-02-10 20:56:27
tx_2024-01_41654,Cardholder reported unauthorized transaction.,2025-06-16 15:38:52
tx_2024-01_37304,Cardholder reported unauthorized transaction.,2025-01-17 15:25:30
tx_2024-01_16923,Multiple failed attempts before success.,2025-01-27 01:31:36
tx_2024-01_128274,Merchant previously linked to fraud ring.,2025-02-25 06:59:35
tx_2024-01_21730,Multiple failed attempts before success.,2025-09-01 10:14:56
tx_2024-01_58114,Merchant previously linked to fraud ring.,2025-08-04 03:18:56
tx_2024-01_139836,Cardholder reported unauthorized transaction.,2025-09-22 23:22:29
tx_2024-01_33359,Multiple failed attempts before success.,2025-08-31 05:05:38
tx_2024-01_109147,Merchant previously linked to fraud ring.,2025-06-07 09:13:06
tx_2024-01_42608,Device fingerprint inconsistent.,2025-11-09 14:18:18
tx_2024-01_48652,Merchant previously linked to fraud ring.,2025-10-10 09:54:05
tx_2024-01_12705,Device fingerprint inconsistent.,2025-07-27 23:01:11
tx_2024-01_99547,Multiple failed attempts before success.,2025-01-18 21:01:02
tx_2024-01_111702,Cardholder reported unauthorized transaction.,2025-12-07 07:33:08
tx_2024-01_100376,Device fingerprint inconsistent.,2025-12-11 18:43:38
tx_2024-01_117175,Multiple failed attempts before success.,2025-09-28 21:50:21
tx_2024-01_49345,Merchant previously linked to fraud ring.,2025-11-02 12:33:28
tx_2024-01_12298,Device fingerprint inconsistent.,2025-11-24 01:38:19
tx_2024-01_112653,Device fingerprint inconsistent.,2025-03-06 16:01:31
tx_2024-01_148018,Merchant previously linked to fraud ring.,2025-04-08 19:15:04
tx_2024-01_82624,Cardholder reported unauthorized transaction.,2025-07-02 10:10:52
tx_2024-01_121563,Merchant previously linked to fraud ring.,2025-08-13 22:49:08
tx_2024-01_19433,Merchant previously linked to fraud ring.,2025-03-26 13:54:30
tx_2024-01_113752,Multiple failed attempts before success.,2025-06-20 15:08:27
tx_2024-01_95566,Multiple failed attempts before success.,2025-05-21 23:18:32
tx_2024-01_1270,Multiple failed attempts before success.,2025-10-29 14:29:50
tx_2024-01_116278,Device fingerprint inconsistent.,2025-09-04 05:57:55
tx_2024-01_2476,Cardholder reported unauthorized transaction.,2025-01-02 15:53:11
tx_2024-01_86852,Multiple failed attempts before success.,2025-04-09 11:34:02
tx_2024-01_21468,Multiple failed attempts before success.,2025-12-16 20:43:39
tx_2024-01_19797,Multiple failed attempts before success.,2025-05-09 02:11:10
tx_2024-01_41447,Cardholder reported unauthorized transaction.,2025-07-20 01:50:42
tx_2024-01_42806,Merchant previously linked to fraud ring.,2025-12-03 14:52:49
tx_2024-01_36538,Multiple failed attempts before success.,2025-09-12 09:39:25
tx_2024-01_87401,Cardholder reported unauthorized transaction.,2025-06-27 02:16:54
tx_2024-01_102454,Device fingerprint inconsistent.,2025-08-12 02:04:19
tx_2024-01_45462,Device fingerprint inconsistent.,2025-06-15 01:52:30
tx_2024-01_44816,Device fingerprint inconsistent.,2025-09-12 16:22:03
tx_2024-01_139223,Multiple failed attempts before success.,2025-09-11 01:01:21
tx_2024-01_20212,Multiple failed attempts before success.,2025-09-06 07:01:50
tx_2024-01_79987,Device fingerprint inconsistent.,2025-03-21 15:02:06
tx_2024-01_34299,Cardholder reported unauthorized transaction.,2025-09-03 12:10:58
tx_2024-01_7543,Merchant previously linked to fraud ring.,2025-11-14 09:49:30
tx_2024-01_109866,Device fingerprint inconsistent.,2025-01-21 21:21:30
tx_2024-01_118367,Merchant previously linked to fraud ring.,2025-08-15 22:48:15
tx_2024-01_11839,Merchant previously linked to fraud ring.,2025-07-25 09:26:44
tx_2024-01_68173,Multiple failed attempts before success.,2025-08-19 06:29:58
tx_2024-01_53040,Merchant previously linked to fraud ring.,2025-03-14 05:13:10
tx_2024-01_30099,Device fingerprint inconsistent.,2025-02-22 21:04:34
tx_2024-01_56939,Device fingerprint inconsistent.,2025-09-04 18:50:08
tx_2024-01_102386,Merchant previously linked to fraud ring.,2025-04-13 11:35:31
tx_2024-01_75686,Cardholder reported unauthorized transaction.,2025-03-04 01:19:43
tx_2024-01_74433,Cardholder reported unauthorized transaction.,2025-12-01 03:16:00
tx_2024-01_124698,Merchant previously linked to fraud ring.,2025-01-05 11:25:01
tx_2024-01_143191,Cardholder reported unauthorized transaction.,2025-10-23 00:52:36
tx_2024-01_141099,Multiple failed attempts before success.,2025-05-09 23:40:23
tx_2024-01_82615,Device fingerprint inconsistent.,2025-11-04 12:50:08
tx_2024-01_15812,Cardholder reported unauthorized transaction.,2025-10-04 14:34:16
tx_2024-01_144725,Device fingerprint inconsistent.,2025-10-26 21:08:22
tx_2024-01_134825,Merchant previously linked to fraud ring.,2025-10-19 04:42:27
tx_2024-01_64504,Multiple failed attempts before success.,2025-10-15 16:14:27
tx_2024-01_20750,Device fingerprint inconsistent.,2025-11-12 14:38:24
tx_2024-01_137477,Merchant previously linked to fraud ring.,2025-06-09 11:00:31
tx_2024-01_65768,Merchant previously linked to fraud ring.,2025-11-29 05:10:53
tx_2024-01_64629,Device fingerprint inconsistent.,2025-10-19 04:06:46
tx_2024-01_6402,Multiple failed attempts before success.,2025-06-05 08:24:25
tx_2024-01_88312,Cardholder reported unauthorized transaction.,2025-05-06 05:52:15
tx_2024-01_15157,Device fingerprint inconsistent.,2025-08-31 23:32:24
tx_2024-01_96036,Merchant previously linked to fraud ring.,2025-10-07 16:51:13
tx_2024-01_143118,Merchant previously linked to fraud ring.,2025-01-04 21:35:35
tx_2024-01_63744,Device fingerprint inconsistent.,2025-01-27 00:49:38
tx_2024-01_86435,Multiple failed attempts before success.,2025-07-18 04:29:53
tx_2024-01_128285,Cardholder reported unauthorized transaction.,2025-03-07 17:16:27
tx_2024-01_146517,Merchant previously linked to fraud ring.,2025-04-11 01:02:07
tx_2024-01_102480,Multiple failed attempts before success.,2025-07-18 15:20:31
tx_2024-01_56065,Multiple failed attempts before success.,2025-09-09 22:34:01
tx_2024-01_125638,Merchant previously linked to fraud ring.,2025-09-07 18:39:04
tx_2024-01_112043,Cardholder reported unauthorized transaction.,2025-01-14 09:51:47
tx_2024-01_26245,Device fingerprint inconsistent.,2025-01-01 00:48:44
tx_2024-01_48566,Multiple failed attempts before success.,2025-02-16 17:33:40
tx_2024-01_84148,Merchant previously linked to fraud ring.,2025-03-06 02:06:05
tx_2024-01_92355,Merchant previously linked to fraud ring.,2025-05-15 11:23:58
tx_2024-01_85874,Device fingerprint inconsistent.,2025-07-29 20:36:30
tx_2024-01_105306,Merchant previously linked to fraud ring.,2025-05-20 16:14:17
tx_2024-01_96037,Merchant previously linked to fraud ring.,2025-02-16 20:55:18
tx_2024-01_120260,Cardholder reported unauthorized transaction.,2025-11-17 20:30:44
tx_2024-01_19473,Device fingerprint inconsistent.,2025-06-28 08:17:57
tx_2024-01_9039,Merchant previously linked to fraud ring.,2025-05-13 05:47:33
tx_2024-01_11750,Multiple failed attempts before success.,2025-05-20 23:46:25
tx_2024-01_136794,Merchant previously linked to fraud ring.,2025-04-23 19:29:46
tx_2024-01_70114,Cardholder reported unauthorized transaction.,2025-08-27 05:21:33
tx_2024-01_83838,Cardholder reported unauthorized transaction.,2025-06-11 06:38:40
tx_2024-01_73259,Multiple failed attempts before success.,2025-06-08 02:36:26
tx_2024-01_135727,Cardholder reported unauthorized transaction.,2025-11-09 15:57:00
tx_2024-01_19871,Device fingerprint inconsistent.,2025-05-15 13:52:37
tx_2024-01_85841,Multiple failed attempts before success.,2025-03-14 10:14:37
tx_2024-01_15123,Merchant previously linked to fraud ring.,2025-07-24 19:43:34
tx_2024-01_71714,Cardholder reported unauthorized transaction.,2025-03-15 08:36:50
tx_2024-01_149056,Multiple failed attempts before success.,2025-01-10 20:56:39
tx_2024-01_108107,Device fingerprint inconsistent.,2025-01-25 06:25:10
tx_2024-01_147143,Device fingerprint inconsistent.,2025-11-30 04:35:11
tx_2024-01_99315,Device fingerprint inconsistent.,2025-02-20 00:59:12
tx_2024-01_20612,Merchant previously linked to fraud ring.,2025-03-11 15:50:35
tx_2024-01_71771,Multiple failed attempts before success.,2025-07-08 01:18:54
tx_2024-01_116449,Merchant previously linked to fraud ring.,2025-08-30 01:48:29
tx_2024-01_53751,Cardholder reported unauthorized transaction.,2025-11-19 04:33:08
tx_2024-01_24225,Multiple failed attempts before success.,2025-04-29 15:45:57
tx_2024-01_15002,Cardholder reported unauthorized transaction.,2025-05-17 03:07:23
tx_2024-01_61158,Cardholder reported unauthorized transaction.,2025-08-29 11:11:29
tx_2024-01_77190,Merchant previously linked to fraud ring.,2025-11-26 06:54:32
tx_2024-01_104758,Merchant previously linked to fraud ring.,2025-07-26 17:48:11
tx_2024-01_80700,Cardholder reported unauthorized transaction.,2025-05-06 02:05:55
tx_2024-01_7484,Cardholder reported unauthorized transaction.,2025-09-21 17:40:06
tx_2024-01_118952,Multiple failed attempts before success.,2025-09-01 19:48:56
tx_2024-01_103843,Merchant previously linked to fraud ring.,2025-01-27 06:17:29
tx_2024-01_57416,Cardholder reported unauthorized transaction.,2025-06-24 11:43:59
tx_2024-01_64046,Device fingerprint inconsistent.,2025-05-08 12:15:11
tx_2024-01_8856,Merchant previously linked to fraud ring.,2025-08-28 08:54:15
tx_2024-01_99244,Device fingerprint inconsistent.,2025-04-06 02:27:51
tx_2024-01_35019,Merchant previously linked to fraud ring.,2025-09-06 06:15:53
tx_2024-01_93159,Device fingerprint inconsistent.,2025-06-21 20:46:26
tx_2024-01_9577,Merchant previously linked to fraud ring.,2025-02-27 23:02:49
tx_2024-01_93582,Merchant previously linked to fraud ring.,2025-05-29 20:58:27
tx_2024-01_40284,Multiple failed attempts before success.,2025-08-11 20:03:20
tx_2024-01_94346,Cardholder reported unauthorized transaction.,2025-05-18 20:29:29
tx_2024-01_76133,Merchant previously linked to fraud ring.,2025-11-13 06:25:46
tx_2024-01_109323,Device fingerprint inconsistent.,2025-02-24 03:23:56
tx_2024-01_145712,Merchant previously linked to fraud ring.,2025-01-06 19:29:57
tx_2024-01_57636,Multiple failed attempts before success.,2025-10-19 02:28:18
tx_2024-01_134922,Device fingerprint inconsistent.,2025-09-05 04:41:33
tx_2024-01_42420,Cardholder reported unauthorized transaction.,2025-04-20 18:11:24
tx_2024-01_20025,Device fingerprint inconsistent.,2025-02-20 09:32:28
tx_2024-01_11421,Multiple failed attempts before success.,2025-12-03 03:49:29
tx_2024-01_23150,Multiple failed attempts before success.,2025-09-29 18:08:20
tx_2024-01_93381,Multiple failed attempts before success.,2025-12-12 09:53:12
tx_2024-01_83460,Merchant previously linked to fraud ring.,2025-07-27 21:14:28
tx_2024-01_67720,Device fingerprint inconsistent.,2025-11-10 23:28:54
tx_2024-01_52164,Multiple failed attempts before success.,2025-08-21 10:16:09
tx_2024-01_117347,Device fingerprint inconsistent.,2025-02-21 17:12:44
tx_2024-01_116629,Cardholder reported unauthorized transaction.,2025-06-28 20:51:23
tx_2024-01_19209,Cardholder reported unauthorized transaction.,2025-06-14 20:58:22
tx_2024-01_127914,Device fingerprint inconsistent.,2025-02-11 21:54:04
tx_2024-01_107345,Device fingerprint inconsistent.,2025-10-24 07:27:48
tx_2024-01_96960,Multiple failed attempts before success.,2025-05-21 02:57:45
tx_2024-01_63992,Cardholder reported unauthorized transaction.,2025-11-21 08:54:04
tx_2024-01_145875,Merchant previously linked to fraud ring.,2025-07-04 06:36:45
tx_2024-01_143353,Multiple failed attempts before success.,2025-04-02 14:58:29
tx_2024-01_100071,Multiple failed attempts before success.,2025-03-01 18:26:31
tx_2024-01_67752,Multiple failed attempts before success.,2025-02-28 05:24:20
tx_2024-01_64214,Cardholder reported unauthorized transaction.,2025-12-04 23:26:46
tx_2024-01_70404,Merchant previously linked to fraud ring.,2025-05-12 01:57:28
tx_2024-01_8228,Device fingerprint inconsistent.,2025-09-01 20:54:29
tx_2024-01_48267,Device fingerprint inconsistent.,2025-01-27 19:31:28
tx_2024-01_103145,Merchant previously linked to fraud ring.,2025-08-28 07:38:08
tx_2024-01_6351,Multiple failed attempts before success.,2025-06-16 03:18:41
tx_2024-01_118674,Merchant previously linked to fraud ring.,2025-09-30 20:17:29
tx_2024-01_47931,Device fingerprint inconsistent.,2025-12-01 07:07:22
tx_2024-01_86264,Merchant previously linked to fraud ring.,2025-11-29 19:49:32
tx_2024-01_68037,Cardholder reported unauthorized transaction.,2025-04-17 20:55:41
tx_2024-01_142579,Multiple failed attempts before success.,2025-10-13 17:21:03
tx_2024-01_9705,Multiple failed attempts before success.,2025-10-31 19:34:24
tx_2024-01_17292,Merchant previously linked to fraud ring.,2025-11-03 04:11:27
tx_2024-01_142939,Cardholder reported unauthorized transaction.,2025-09-22 23:31:55
tx_2024-01_40291,Multiple failed attempts before success.,2025-04-26 05:10:00
tx_2024-01_52662,Merchant previously linked to fraud ring.,2025-06-04 11:05:00
tx_2024-01_87646,Device fingerprint inconsistent.,2025-04-25 02:43:22
tx_2024-01_44343,Cardholder reported unauthorized transaction.,2025-09-10 06:48:32
tx_2024-01_103641,Merchant previously linked to fraud ring.,2025-06-25 05:00:51
tx_2024-01_14074,Cardholder reported unauthorized transaction.,2025-03-01 07:35:45
tx_2024-01_67640,Cardholder reported unauthorized transaction.,2025-09-06 19:22:09
tx_2024-01_145129,Cardholder reported unauthorized transaction.,2025-06-20 06:21:27
tx_2024-01_27082,Multiple failed attempts before success.,2025-04-26 18:25:05
tx_2024-01_130011,Merchant previously linked to fraud ring.,2025-08-04 13:42:49
tx_2024-01_68193,Merchant previously linked to fraud ring.,2025-03-21 06:50:28
tx_2024-01_57070,Cardholder reported unauthorized transaction.,2025-05-24 16:59:04
tx_2024-01_114548,Merchant previously linked to fraud ring.,2025-02-14 12:07:02
tx_2024-01_69925,Cardholder reported unauthorized transaction.,2025-02-05 16:27:43
tx_2024-01_8265,Cardholder reported unauthorized transaction.,2025-04-09 07:51:13
tx_2024-01_107914,Cardholder reported unauthorized transaction.,2025-01-22 06:43:14
tx_2024-01_62092,Merchant previously linked to fraud ring.,2025-07-04 13:29:54
tx_2024-01_138439,Merchant previously linked to fraud ring.,2025-03-26 15:20:50
tx_2024-01_108979,Cardholder reported unauthorized transaction.,2025-04-23 20:28:57
tx_2024-01_73475,Multiple failed attempts before success.,2025-01-28 15:33:28
tx_2024-01_120753,Cardholder reported unauthorized transaction.,2025-06-05 13:42:13
tx_2024-01_136529,Cardholder reported unauthorized transaction.,2025-08-22 11:40:15
tx_2024-01_106349,Merchant previously linked to fraud ring.,2025-10-24 08:24:34
tx_2024-01_115396,Merchant previously linked to fraud ring.,2025-05-16 08:01:28
tx_2024-01_24887,Merchant previously linked to fraud ring.,2025-08-13 11:29:35
tx_2024-01_121776,Merchant previously linked to fraud ring.,2025-08-01 05:45:27
tx_2024-01_79830,Device fingerprint inconsistent.,2025-05-17 23:56:52
tx_2024-01_47800,Device fingerprint inconsistent.,2025-04-27 00:01:17
tx_2024-01_56404,Multiple failed attempts before success.,2025-08-17 15:37:26
tx_2024-01_7739,Merchant previously linked to fraud ring.,2025-06-20 18:22:34
tx_2024-01_1721,Merchant previously linked to fraud ring.,2025-09-05 15:45:24
tx_2024-01_53548,Cardholder reported unauthorized transaction.,2025-03-22 03:55:54
tx_2024-01_43462,Merchant previously linked to fraud ring.,2025-10-17 15:54:50
tx_2024-01_87087,Multiple failed attempts before success.,2025-11-14 13:31:50
tx_2024-01_125127,Merchant previously linked to fraud ring.,2025-02-27 07:09:20
tx_2024-01_55414,Device fingerprint inconsistent.,2025-08-17 18:02:06
tx_2024-01_18896,Multiple failed attempts before success.,2025-05-24 12:15:33
tx_2024-01_2012,Cardholder reported unauthorized transaction.,2025-03-23 03:15:50
tx_2024-01_138032,Device fingerprint inconsistent.,2025-07-16 09:05:13
tx_2024-01_61238,Merchant previously linked to fraud ring.,2025-07-22 14:53:59
tx_2024-01_19885,Cardholder reported unauthorized transaction.,2025-03-25 13:52:17
tx_2024-01_107419,Cardholder reported unauthorized transaction.,2025-06-17 23:28:27
tx_2024-01_48048,Cardholder reported unauthorized transaction.,2025-10-20 19:43:12
tx_2024-01_141610,Merchant previously linked to fraud ring.,2025-05-25 00:12:37
tx_2024-01_144277,Cardholder reported unauthorized transaction.,2025-06-09 15:35:26
tx_2024-01_9394,Cardholder reported unauthorized transaction.,2025-05-25 23:54:05
tx_2024-01_43495,Merchant previously linked to fraud ring.,2025-05-16 01:18:58
tx_2024-01_21151,Multiple failed attempts before success.,2025-04-22 10:14:11
tx_2024-01_22212,Cardholder reported unauthorized transaction.,2025-02-20 19:58:31
tx_2024-01_69775,Merchant previously linked to fraud ring.,2025-03-19 11:42:28
tx_2024-01_87362,Device fingerprint inconsistent.,2025-09-24 06:44:23
tx_2024-01_102834,Multiple failed attempts before success.,2025-03-27 15:05:41
tx_2024-01_143160,Merchant previously linked to fraud ring.,2025-03-21 18:49:55
tx_2024-01_4791,Cardholder reported unauthorized transaction.,2025-07-27 23:15:44
tx_2024-01_133183,Merchant previously linked to fraud ring.,2025-11-06 12:39:20
tx_2024-01_145201,Multiple failed attempts before success.,2025-03-24 17:30:03
tx_2024-01_59969,Cardholder reported unauthorized transaction.,2025-06-14 22:58:23
tx_2024-01_18510,Cardholder reported unauthorized transaction.,2025-07-03 03:52:51
tx_2024-01_2505,Merchant previously linked to fraud ring.,2025-11-11 04:29:54
tx_2024-01_46815,Merchant previously linked to fraud ring.,2025-04-01 19:40:11
tx_2024-01_51451,Device fingerprint inconsistent.,2025-08-28 10:07:47
tx_2024-01_87550,Merchant previously linked to fraud ring.,2025-08-11 03:28:41
tx_2024-01_10254,Cardholder reported unauthorized transaction.,2025-08-18 23:56:16
tx_2024-01_141185,Merchant previously linked to fraud ring.,2025-12-15 03:20:10
tx_2024-01_18666,Multiple failed attempts before success.,2025-03-01 00:26:07
tx_2024-01_43568,Cardholder reported unauthorized transaction.,2025-05-04 08:26:20
tx_2024-01_137561,Multiple failed attempts before success.,2025-09-10 15:23:31
tx_2024-01_39862,Cardholder reported unauthorized transaction.,2025-06-22 20:39:27
tx_2024-01_110865,Cardholder reported unauthorized transaction.,2025-10-17 23:47:18
tx_2024-01_96124,Cardholder reported unauthorized transaction.,2025-11-24 12:09:53
tx_2024-01_107852,Merchant previously linked to fraud ring.,2025-09-01 04:53:45
tx_2024-01_53290,Device fingerprint inconsistent.,2025-10-09 15:18:03
tx_2024-01_145167,Cardholder reported unauthorized transaction.,2025-11-29 17:26:52
tx_2024-01_136432,Device fingerprint inconsistent.,2025-02-21 11:37:40
tx_2024-01_51498,Cardholder reported unauthorized transaction.,2025-10-02 22:02:14
tx_2024-01_105143,Multiple failed attempts before success.,2025-11-21 22:50:11
tx_2024-01_59527,Device fingerprint inconsistent.,2025-07-11 07:51:02
tx_2024-01_12554,Cardholder reported unauthorized transaction.,2025-10-14 00:37:09
tx_2024-01_89821,Device fingerprint inconsistent.,2025-12-16 18:09:34
tx_2024-01_20069,Multiple failed attempts before success.,2025-03-30 00:26:09
tx_2024-01_88390,Cardholder reported unauthorized transaction.,2025-03-25 14:49:23
tx_2024-01_11447,Multiple failed attempts before success.,2025-08-15 19:01:59
tx_2024-01_130571,Cardholder reported unauthorized transaction.,2025-04-05 20:39:18
tx_2024-01_20824,Cardholder reported unauthorized transaction.,2025-07-28 18:09:30
tx_2024-01_88182,Cardholder reported unauthorized transaction.,2025-11-23 14:58:53
tx_2024-01_105305,Device fingerprint inconsistent.,2025-07-30 06:06:07
tx_2024-01_22493,Device fingerprint inconsistent.,2025-05-07 08:05:34
tx_2024-01_146274,Device fingerprint inconsistent.,2025-06-10 02:37:52
tx_2024-01_11966,Merchant previously linked to fraud ring.,2025-02-17 22:57:43
tx_2024-01_67366,Cardholder reported unauthorized transaction.,2025-12-14 22:39:33
tx_2024-01_98129,Device fingerprint inconsistent.,2025-04-07 11:49:18
tx_2024-01_80787,Device fingerprint inconsistent.,2025-05-29 23:21:38
tx_2024-01_70896,Merchant previously linked to fraud ring.,2025-12-17 12:47:36
tx_2024-01_59124,Cardholder reported unauthorized transaction.,2025-09-12 17:44:06
tx_2024-01_114168,Device fingerprint inconsistent.,2025-12-02 15:41:49
tx_2024-01_137868,Cardholder reported unauthorized transaction.,2025-05-19 05:54:10
tx_2024-01_87074,Device fingerprint inconsistent.,2025-10-19 06:23:37
tx_2024-01_97569,Device fingerprint inconsistent.,2025-10-25 03:29:33
tx_2024-01_10488,Device fingerprint inconsistent.,2025-03-23 19:01:38
tx_2024-01_87655,Device fingerprint inconsistent.,2025-05-07 12:51:29
tx_2024-01_117155,Cardholder reported unauthorized transaction.,2025-06-04 20:38:13
tx_2024-01_142791,Merchant previously linked to fraud ring.,2025-05-01 18:33:31
tx_2024-01_40453,Merchant previously linked to fraud ring.,2025-03-23 03:09:52
tx_2024-01_15845,Merchant previously linked to fraud ring.,2025-05-05 20:41:33
tx_2024-01_15439,Multiple failed attempts before success.,2025-02-11 04:43:09
tx_2024-01_50668,Cardholder reported unauthorized transaction.,2025-04-07 23:33:53
tx_2024-01_146487,Cardholder reported unauthorized transaction.,2025-02-22 00:05:37
tx_2024-01_67213,Cardholder reported unauthorized transaction.,2025-06-26 07:38:11
tx_2024-01_101849,Multiple failed attempts before success.,2025-02-15 12:16:26
tx_2024-01_125113,Cardholder reported unauthorized transaction.,2025-05-20 23:38:35
tx_2024-01_149787,Cardholder reported unauthorized transaction.,2025-05-04 15:24:04
tx_2024-01_38874,Device fingerprint inconsistent.,2025-03-31 13:38:47
tx_2024-01_114331,Multiple failed attempts before success.,2025-07-24 13:00:15
tx_2024-01_145152,Device fingerprint inconsistent.,2025-10-18 04:59:58
tx_2024-01_91625,Multiple failed attempts before success.,2025-09-18 15:41:42
tx_2024-01_139827,Merchant previously linked to fraud ring.,2025-06-04 00:40:17
tx_2024-01_119547,Cardholder reported unauthorized transaction.,2025-09-03 23:11:06
tx_2024-01_73155,Multiple failed attempts before success.,2025-07-10 20:11:44
tx_2024-01_71503,Multiple failed attempts before success.,2025-07-17 13:38:46
tx_2024-01_32175,Device fingerprint inconsistent.,2025-06-22 01:56:47
tx_2024-01_114957,Device fingerprint inconsistent.,2025-02-16 22:16:07
tx_2024-01_46197,Device fingerprint inconsistent.,2025-03-08 05:57:39
tx_2024-01_53586,Merchant previously linked to fraud ring.,2025-06-10 15:12:57
tx_2024-01_86208,Multiple failed attempts before success.,2025-08-26 07:54:59
tx_2024-01_29397,Cardholder reported unauthorized transaction.,2025-01-14 17:33:53
tx_2024-01_144309,Cardholder reported unauthorized transaction.,2025-05-18 08:30:40
tx_2024-01_45110,Multiple failed attempts before success.,2025-01-15 03:11:38
tx_2024-01_46838,Multiple failed attempts before success.,2025-09-14 04:45:07
tx_2024-01_107722,Multiple failed attempts before success.,2025-03-28 02:40:07
tx_2024-01_146059,Merchant previously linked to fraud ring.,2025-02-10 06:14:24
tx_2024-01_122388,Merchant previously linked to fraud ring.,2025-11-12 17:18:26
tx_2024-01_50625,Device fingerprint inconsistent.,2025-10-02 07:56:11
tx_2024-01_111195,Device fingerprint inconsistent.,2025-08-17 19:09:18
tx_2024-01_74211,Cardholder reported unauthorized transaction.,2025-06-13 10:05:14
tx_2024-01_9290,Cardholder reported unauthorized transaction.,2025-05-04 22:01:01
tx_2024-01_14655,Multiple failed attempts before success.,2025-10-28 04:05:25
tx_2024-01_146296,Multiple failed attempts before success.,2025-04-07 21:38:51
tx_2024-01_144226,Device fingerprint inconsistent.,2025-11-16 13:58:22
tx_2024-01_559,Multiple failed attempts before success.,2025-11-06 02:02:48
tx_2024-01_114937,Merchant previously linked to fraud ring.,2025-04-19 20:05:47
tx_2024-01_44223,Multiple failed attempts before success.,2025-01-07 02:33:42
tx_2024-01_2335,Cardholder reported unauthorized transaction.,2025-03-19 01:46:02
tx_2024-01_29156,Merchant previously linked to fraud ring.,2025-07-24 13:12:33
tx_2024-01_62718,Cardholder reported unauthorized transaction.,2025-03-04 22:43:39
tx_2024-01_148591,Device fingerprint inconsistent.,2025-04-28 13:02:05
tx_2024-01_138213,Merchant previously linked to fraud ring.,2025-05-09 14:20:57
tx_2024-01_75729,Device fingerprint inconsistent.,2025-07-28 15:52:03
tx_2024-01_139640,Merchant previously linked to fraud ring.,2025-05-26 03:36:21
tx_2024-01_17813,Merchant previously linked to fraud ring.,2025-03-15 05:28:29
tx_2024-01_77249,Multiple failed attempts before success.,2025-01-11 08:45:00
tx_2024-01_86713,Cardholder reported unauthorized transaction.,2025-04-12 13:14:51
tx_2024-01_24089,Merchant previously linked to fraud ring.,2025-10-31 10:38:43
tx_2024-01_52200,Device fingerprint inconsistent.,2025-08-14 08:11:06
tx_2024-01_113227,Merchant previously linked to fraud ring.,2025-01-04 23:37:14
tx_2024-01_42916,Multiple failed attempts before success.,2025-08-14 19:03:05
tx_2024-01_107849,Cardholder reported unauthorized transaction.,2025-05-24 05:47:24
tx_2024-01_40194,Multiple failed attempts before success.,2025-07-28 15:43:45
tx_2024-01_130362,Merchant previously linked to fraud ring.,2025-06-18 03:59:20
tx_2024-01_57119,Merchant previously linked to fraud ring.,2025-01-24 17:02:11
tx_2024-01_58906,Cardholder reported unauthorized transaction.,2025-11-15 22:39:05
tx_2024-01_23677,Multiple failed attempts before success.,2025-07-27 12:40:34
tx_2024-01_17527,Cardholder reported unauthorized transaction.,2025-08-01 00:51:00
tx_2024-01_93284,Multiple failed attempts before success.,2025-12-13 07:43:15
tx_2024-01_97751,Device fingerprint inconsistent.,2025-12-02 18:06:00
tx_2024-01_137489,Merchant previously linked to fraud ring.,2025-07-07 07:05:04
tx_2024-01_135784,Device fingerprint inconsistent.,2025-04-17 21:42:06
tx_2024-01_15458,Device fingerprint inconsistent.,2025-07-05 19:27:13
tx_2024-01_138429,Merchant previously linked to fraud ring.,2025-06-28 19:21:29
tx_2024-01_71773,Device fingerprint inconsistent.,2025-03-23 09:52:49
tx_2024-01_88291,Multiple failed attempts before success.,2025-05-09 23:50:20
tx_2024-01_31592,Multiple failed attempts before success.,2025-11-10 00:57:43
tx_2024-01_32611,Device fingerprint inconsistent.,2025-10-06 15:03:08
tx_2024-01_26994,Device fingerprint inconsistent.,2025-12-12 19:41:21
tx_2024-01_111282,Device fingerprint inconsistent.,2025-09-06 02:04:31
tx_2024-01_129858,Merchant previously linked to fraud ring.,2025-09-30 15:44:06
tx_2024-01_143651,Merchant previously linked to fraud ring.,2025-10-01 05:56:36
tx_2024-01_64080,Merchant previously linked to fraud ring.,2025-07-25 22:25:01
tx_2024-01_35254,Device fingerprint inconsistent.,2025-10-29 01:13:59
tx_2024-01_5594,Device fingerprint inconsistent.,2025-08-29 01:22:24
tx_2024-01_118481,Multiple failed attempts before success.,2025-03-28 23:59:44
tx_2024-01_5760,Merchant previously linked to fraud ring.,2025-12-08 07:18:11
tx_2024-01_44414,Device fingerprint inconsistent.,2025-08-04 05:45:00
tx_2024-01_75968,Merchant previously linked to fraud ring.,2025-05-09 02:01:41
tx_2024-01_25148,Multiple failed attempts before success.,2025-06-03 01:52:20
tx_2024-01_136086,Cardholder reported unauthorized transaction.,2025-06-14 04:34:24
tx_2024-01_79416,Multiple failed attempts before success.,2025-09-16 05:30:41
tx_2024-01_130278,Multiple failed attempts before success.,2025-09-29 04:15:11
tx_2024-01_77006,Merchant previously linked to fraud ring.,2025-06-28 19:24:21
tx_2024-01_118842,Multiple failed attempts before success.,2025-05-25 11:43:39
tx_2024-01_27354,Device fingerprint inconsistent.,2025-06-08 06:42:45
tx_2024-01_76086,Merchant previously linked to fraud ring.,2025-10-02 15:49:37
tx_2024-01_88970,Merchant previously linked to fraud ring.,2025-01-15 16:02:18
tx_2024-01_64708,Multiple failed attempts before success.,2025-06-16 02:04:09
tx_2024-01_111580,Merchant previously linked to fraud ring.,2025-06-10 11:27:53
tx_2024-01_88520,Cardholder reported unauthorized transaction.,2025-04-03 08:06:13
tx_2024-01_114349,Cardholder reported unauthorized transaction.,2025-11-02 21:52:35
tx_2024-01_132788,Cardholder reported unauthorized transaction.,2025-10-07 08:49:41
tx_2024-01_96907,Device fingerprint inconsistent.,2025-11-20 02:06:20
tx_2024-01_46378,Multiple failed attempts before success.,2025-07-23 02:51:55
tx_2024-01_142161,Device fingerprint inconsistent.,2025-01-14 05:01:33
tx_2024-01_57999,Device fingerprint inconsistent.,2025-09-14 07:55:49
tx_2024-01_144301,Multiple failed attempts before success.,2025-03-05 20:27:14
tx_2024-01_52420,Cardholder reported unauthorized transaction.,2025-04-27 20:35:20
tx_2024-01_83630,Merchant previously linked to fraud ring.,2025-05-20 21:16:47
tx_2024-01_32010,Multiple failed attempts before success.,2025-11-23 10:02:58
tx_2024-01_65614,Merchant previously linked to fraud ring.,2025-10-30 13:53:11
tx_2024-01_71226,Multiple failed attempts before success.,2025-07-23 16:25:54
tx_2024-01_98124,Multiple failed attempts before success.,2025-09-23 11:44:23
tx_2024-01_61689,Merchant previously linked to fraud ring.,2025-09-21 08:22:14
tx_2024-01_56942,Device fingerprint inconsistent.,2025-04-13 10:32:37
tx_2024-01_74440,Multiple failed attempts before success.,2025-06-08 01:56:41
tx_2024-01_32850,Device fingerprint inconsistent.,2025-11-06 15:46:13
tx_2024-01_27017,Multiple failed attempts before success.,2025-09-28 12:53:52
tx_2024-01_15738,Merchant previously linked to fraud ring.,2025-08-06 07:45:51
tx_2024-01_112817,Multiple failed attempts before success.,2025-02-06 21:59:18
tx_2024-01_35103,Cardholder reported unauthorized transaction.,2025-12-01 11:21:50
tx_2024-01_114478,Multiple failed attempts before success.,2025-08-25 08:44:09
tx_2024-01_126695,Multiple failed attempts before success.,2025-07-11 12:55:38
tx_2024-01_84466,Cardholder reported unauthorized transaction.,2025-04-01 07:18:09
tx_2024-01_85031,Device fingerprint inconsistent.,2025-08-04 23:05:59
tx_2024-01_137179,Merchant previously linked to fraud ring.,2025-10-20 12:41:25
tx_2024-01_50188,Device fingerprint inconsistent.,2025-04-14 22:25:50
tx_2024-01_41240,Merchant previously linked to fraud ring.,2025-08-29 19:47:46
tx_2024-01_136748,Multiple failed attempts before success.,2025-10-05 22:36:59
tx_2024-01_120227,Merchant previously linked to fraud ring.,2025-10-09 07:18:59
tx_2024-01_57793,Device fingerprint inconsistent.,2025-10-25 06:54:33
tx_2024-01_111133,Device fingerprint inconsistent.,2025-10-18 11:10:09
tx_2024-01_89419,Cardholder reported unauthorized transaction.,2025-11-29 22:06:05
tx_2024-01_28236,Device fingerprint inconsistent.,2025-02-07 00:09:57
tx_2024-01_79781,Cardholder reported unauthorized transaction.,2025-06-17 20:34:54
tx_2024-01_16,Merchant previously linked to fraud ring.,2025-12-12 05:07:02
tx_2024-01_132775,Cardholder reported unauthorized transaction.,2025-07-14 20:17:48
tx_2024-01_35308,Cardholder reported unauthorized transaction.,2025-11-02 15:32:24
tx_2024-01_10283,Merchant previously linked to fraud ring.,2025-08-04 00:02:18
tx_2024-01_26413,Merchant previously linked to fraud ring.,2025-11-13 23:04:59
tx_2024-01_6269,Cardholder reported unauthorized transaction.,2025-05-25 18:59:36
tx_2024-01_16477,Cardholder reported unauthorized transaction.,2025-11-15 07:49:02
tx_2024-01_129489,Cardholder reported unauthorized transaction.,2025-10-23 22:41:38
tx_2024-01_102277,Merchant previously linked to fraud ring.,2025-10-28 23:25:36
tx_2024-01_99645,Cardholder reported unauthorized transaction.,2025-05-20 12:32:00
tx_2024-01_69911,Multiple failed attempts before success.,2025-11-26 06:17:31
tx_2024-01_11887,Cardholder reported unauthorized transaction.,2025-09-23 03:36:09
tx_2024-01_134137,Device fingerprint inconsistent.,2025-02-03 04:36:00
tx_2024-01_80334,Cardholder reported unauthorized transaction.,2025-04-27 16:22:02
tx_2024-01_92218,Cardholder reported unauthorized transaction.,2025-08-22 20:53:25
tx_2024-01_126839,Multiple failed attempts before success.,2025-03-01 20:47:06
tx_2024-01_8490,Cardholder reported unauthorized transaction.,2025-04-26 22:48:00
tx_2024-01_97110,Merchant previously linked to fraud ring.,2025-05-19 08:25:45
tx_2024-01_23227,Multiple failed attempts before success.,2025-12-08 07:11:26
tx_2024-01_97236,Multiple failed attempts before success.,2025-06-14 01:53:10
tx_2024-01_98707,Device fingerprint inconsistent.,2025-12-01 21:36:19
tx_2024-01_90587,Device fingerprint inconsistent.,2025-01-08 11:36:42
tx_2024-01_95698,Merchant previously linked to fraud ring.,2025-11-23 07:18:59
tx_2024-01_43274,Cardholder reported unauthorized transaction.,2025-04-02 13:27:29
tx_2024-01_104080,Cardholder reported unauthorized transaction.,2025-10-28 04:48:42
tx_2024-01_37951,Merchant previously linked to fraud ring.,2025-05-19 13:59:15
tx_2024-01_118128,Merchant previously linked to fraud ring.,2025-10-04 14:41:55
tx_2024-01_47261,Merchant previously linked to fraud ring.,2025-08-31 14:59:55
tx_2024-01_104978,Merchant previously linked to fraud ring.,2025-01-12 20:11:04
tx_2024-01_37673,Cardholder reported unauthorized transaction.,2025-03-08 13:29:56
tx_2024-01_11407,Device fingerprint inconsistent.,2025-05-12 08:35:07
tx_2024-01_91398,Cardholder reported unauthorized transaction.,2025-11-05 06:59:39
tx_2024-01_81973,Cardholder reported unauthorized transaction.,2025-12-07 10:15:16
tx_2024-01_135444,Multiple failed attempts before success.,2025-12-12 21:31:34
tx_2024-01_113540,Merchant previously linked to fraud ring.,2025-10-15 04:39:16
tx_2024-01_141511,Device fingerprint inconsistent.,2025-06-26 19:13:36
tx_2024-01_74408,Multiple failed attempts before success.,2025-05-13 01:30:38
tx_2024-01_141975,Cardholder reported unauthorized transaction.,2025-08-31 00:26:53
tx_2024-01_93045,Multiple failed attempts before success.,2025-02-13 15:00:10
tx_2024-01_9064,Merchant previously linked to fraud ring.,2025-01-30 02:56:55
tx_2024-01_112992,Device fingerprint inconsistent.,2025-11-02 02:38:37
tx_2024-01_123005,Multiple failed attempts before success.,2025-05-10 19:05:32
tx_2024-01_16476,Merchant previously linked to fraud ring.,2025-09-17 23:40:08
tx_2024-01_130524,Merchant previously linked to fraud ring.,2025-01-05 19:09:29
tx_2024-01_79821,Device fingerprint inconsistent.,2025-04-28 09:04:02
tx_2024-01_14396,Cardholder reported unauthorized transaction.,2025-09-17 19:37:20
tx_2024-01_49999,Merchant previously linked to fraud ring.,2025-06-22 04:07:51
tx_2024-01_26171,Multiple failed attempts before success.,2025-01-24 23:34:28
tx_2024-01_98868,Multiple failed attempts before success.,2025-07-13 01:11:53
tx_2024-01_92645,Multiple failed attempts before success.,2025-05-25 17:43:02
tx_2024-01_9095,Multiple failed attempts before success.,2025-07-15 03:03:33
tx_2024-01_111034,Device fingerprint inconsistent.,2025-10-25 04:26:12
tx_2024-01_70605,Cardholder reported unauthorized transaction.,2025-10-09 23:27:20
tx_2024-01_59175,Cardholder reported unauthorized transaction.,2025-10-01 13:13:38
tx_2024-01_47771,Cardholder reported unauthorized transaction.,2025-05-11 18:08:17
tx_2024-01_107473,Cardholder reported unauthorized transaction.,2025-05-19 05:46:45
tx_2024-01_67330,Device fingerprint inconsistent.,2025-01-20 02:50:04
tx_2024-01_111440,Cardholder reported unauthorized transaction.,2025-08-17 18:44:45
tx_2024-01_3439,Device fingerprint inconsistent.,2025-12-17 19:02:50
tx_2024-01_109287,Multiple failed attempts before success.,2025-07-10 05:00:55
tx_2024-01_21172,Cardholder reported unauthorized transaction.,2025-12-13 15:54:11
tx_2024-01_39431,Device fingerprint inconsistent.,2025-04-01 01:01:36
tx_2024-01_17907,Multiple failed attempts before success.,2025-04-11 16:25:35
tx_2024-01_37204,Device fingerprint inconsistent.,2025-07-19 08:48:06
tx_2024-01_119294,Merchant previously linked to fraud ring.,2025-05-13 18:06:16
tx_2024-01_39130,Cardholder reported unauthorized transaction.,2025-11-27 11:08:16
tx_2024-01_26029,Merchant previously linked to fraud ring.,2025-03-01 18:52:50
tx_2024-01_11946,Device fingerprint inconsistent.,2025-06-10 22:16:37
tx_2024-01_85560,Device fingerprint inconsistent.,2025-12-14 05:15:08
tx_2024-01_99057,Multiple failed attempts before success.,2025-02-18 23:52:46
tx_2024-01_11749,Cardholder reported unauthorized transaction.,2025-06-28 15:44:34
tx_2024-01_101502,Device fingerprint inconsistent.,2025-06-18 12:01:22
tx_2024-01_58986,Cardholder reported unauthorized transaction.,2025-06-21 17:22:39
tx_2024-01_123878,Device fingerprint inconsistent.,2025-04-24 16:13:05
tx_2024-01_5776,Device fingerprint inconsistent.,2025-09-05 18:22:45
tx_2024-01_88315,Device fingerprint inconsistent.,2025-10-11 21:40:23
tx_2024-01_142963,Cardholder reported unauthorized transaction.,2025-07-29 15:34:00
tx_2024-01_59472,Cardholder reported unauthorized transaction.,2025-05-24 07:32:55
tx_2024-01_13517,Device fingerprint inconsistent.,2025-07-08 10:13:59
tx_2024-01_49954,Device fingerprint inconsistent.,2025-05-05 17:05:12
tx_2024-01_147653,Cardholder reported unauthorized transaction.,2025-05-08 03:05:10
tx_2024-01_52779,Cardholder reported unauthorized transaction.,2025-02-15 04:16:43
tx_2024-01_56779,Cardholder reported unauthorized transaction.,2025-04-27 13:16:42
tx_2024-01_125908,Device fingerprint inconsistent.,2025-07-10 05:30:55
tx_2024-01_147441,Cardholder reported unauthorized transaction.,2025-10-10 19:37:29
tx_2024-01_64526,Cardholder reported unauthorized transaction.,2025-03-16 23:10:51
tx_2024-01_78503,Multiple failed attempts before success.,2025-04-09 01:38:09
tx_2024-01_149459,Multiple failed attempts before success.,2025-11-03 14:32:25
tx_2024-01_90202,Device fingerprint inconsistent.,2025-05-07 05:26:57
tx_2024-01_75391,Multiple failed attempts before success.,2025-08-09 20:38:34
tx_2024-01_86719,Cardholder reported unauthorized transaction.,2025-01-31 07:34:34
tx_2024-01_124589,Multiple failed attempts before success.,2025-04-20 15:42:02
tx_2024-01_128118,Cardholder reported unauthorized transaction.,2025-08-31 23:18:58
tx_2024-01_19022,Multiple failed attempts before success.,2025-02-28 15:00:58
tx_2024-01_64660,Multiple failed attempts before success.,2025-05-12 14:10:05
tx_2024-01_30169,Device fingerprint inconsistent.,2025-05-07 00:53:19
tx_2024-01_67534,Cardholder reported unauthorized transaction.,2025-12-06 10:15:28
tx_2024-01_19736,Merchant previously linked to fraud ring.,2025-07-28 11:40:41
tx_2024-01_71824,Merchant previously linked to fraud ring.,2025-10-21 00:11:25
tx_2024-01_47565,Merchant previously linked to fraud ring.,2025-11-08 05:45:39
tx_2024-01_24084,Merchant previously linked to fraud ring.,2025-11-01 13:47:47
tx_2024-01_8333,Multiple failed attempts before success.,2025-01-06 11:45:52
tx_2024-01_127259,Cardholder reported unauthorized transaction.,2025-03-28 10:37:49
tx_2024-01_19057,Multiple failed attempts before success.,2025-07-02 16:17:02
tx_2024-01_62304,Multiple failed attempts before success.,2025-10-18 02:58:34
tx_2024-01_118494,Cardholder reported unauthorized transaction.,2025-09-02 20:22:06
tx_2024-01_98168,Multiple failed attempts before success.,2025-09-24 02:11:36
tx_2024-01_142041,Device fingerprint inconsistent.,2025-11-07 02:02:30
tx_2024-01_71496,Multiple failed attempts before success.,2025-07-14 02:30:29
tx_2024-01_58496,Merchant previously linked to fraud ring.,2025-05-16 23:44:23
tx_2024-01_45507,Device fingerprint inconsistent.,2025-01-03 03:38:21
tx_2024-01_112050,Merchant previously linked to fraud ring.,2025-05-29 10:03:48
tx_2024-01_112450,Cardholder reported unauthorized transaction.,2025-11-12 18:41:04
tx_2024-01_96737,Cardholder reported unauthorized transaction.,2025-04-08 01:23:35
tx_2024-01_101091,Device fingerprint inconsistent.,2025-11-08 02:25:22
tx_2024-01_16342,Multiple failed attempts before success.,2025-09-03 02:26:32
tx_2024-01_98690,Cardholder reported unauthorized transaction.,2025-11-07 06:31:51
tx_2024-01_137144,Merchant previously linked to fraud ring.,2025-09-12 07:34:37
tx_2024-01_2354,Cardholder reported unauthorized transaction.,2025-07-17 11:46:43
tx_2024-01_72113,Merchant previously linked to fraud ring.,2025-02-16 15:21:12
tx_2024-01_144363,Multiple failed attempts before success.,2025-10-11 19:32:36
tx_2024-01_80210,Merchant previously linked to fraud ring.,2025-03-24 22:19:56
tx_2024-01_149940,Merchant previously linked to fraud ring.,2025-09-25 17:50:26
tx_2024-01_3346,Multiple failed attempts before success.,2025-11-07 20:23:14
tx_2024-01_7582,Device fingerprint inconsistent.,2025-08-05 14:32:55
tx_2024-01_107743,Multiple failed attempts before success.,2025-10-13 21:43:19
tx_2024-01_8974,Device fingerprint inconsistent.,2025-03-20 21:47:57
tx_2024-01_62768,Merchant previously linked to fraud ring.,2025-06-13 00:45:15
tx_2024-01_15517,Merchant previously linked to fraud ring.,2025-09-18 00:33:48
tx_2024-01_40942,Multiple failed attempts before success.,2025-02-11 09:39:27
tx_2024-01_137417,Device fingerprint inconsistent.,2025-04-24 03:39:30
tx_2024-01_136479,Multiple failed attempts before success.,2025-06-28 20:07:12
tx_2024-01_49498,Cardholder reported unauthorized transaction.,2025-08-24 14:42:16
tx_2024-01_11785,Merchant previously linked to fraud ring.,2025-04-29 10:24:50
tx_2024-01_147904,Device fingerprint inconsistent.,2025-10-20 03:30:44
tx_2024-01_106327,Merchant previously linked to fraud ring.,2025-10-21 12:21:31
tx_2024-01_96047,Cardholder reported unauthorized transaction.,2025-09-16 10:34:43
tx_2024-01_77942,Merchant previously linked to fraud ring.,2025-07-19 08:19:23
tx_2024-01_40885,Cardholder reported unauthorized transaction.,2025-05-13 06:59:42
tx_2024-01_11728,Device fingerprint inconsistent.,2025-02-23 01:38:34
tx_2024-01_40100,Device fingerprint inconsistent.,2025-08-27 16:05:56
tx_2024-01_54840,Multiple failed attempts before success.,2025-07-25 16:19:35
tx_2024-01_104381,Merchant previously linked to fraud ring.,2025-02-05 16:45:08
tx_2024-01_8339,Cardholder reported unauthorized transaction.,2025-10-28 06:38:25
tx_2024-01_92573,Cardholder reported unauthorized transaction.,2025-02-27 11:53:28
tx_2024-01_121168,Cardholder reported unauthorized transaction.,2025-07-17 12:44:13
tx_2024-01_86626,Multiple failed attempts before success.,2025-07-16 07:33:35
tx_2024-01_96528,Cardholder reported unauthorized transaction.,2025-01-29 01:33:37
tx_2024-01_69908,Device fingerprint inconsistent.,2025-05-11 03:06:12
tx_2024-01_64321,Cardholder reported unauthorized transaction.,2025-03-20 17:15:58
tx_2024-01_107265,Merchant previously linked to fraud ring.,2025-07-24 12:00:14
tx_2024-01_114876,Merchant previously linked to fraud ring.,2025-03-04 05:56:27
tx_2024-01_12433,Device fingerprint inconsistent.,2025-06-22 05:13:54
tx_2024-01_78923,Merchant previously linked to fraud ring.,2025-11-03 23:59:48
tx_2024-01_120417,Multiple failed attempts before success.,2025-05-08 20:43:52
tx_2024-01_58803,Cardholder reported unauthorized transaction.,2025-02-09 18:11:26
tx_2024-01_72655,Multiple failed attempts before success.,2025-02-12 06:36:54
tx_2024-01_54941,Multiple failed attempts before success.,2025-02-05 11:24:25
tx_2024-01_50865,Cardholder reported unauthorized transaction.,2025-03-06 04:23:14
tx_2024-01_81724,Cardholder reported unauthorized transaction.,2025-08-23 03:16:38
tx_2024-01_105941,Merchant previously linked to fraud ring.,2025-11-22 15:16:42
tx_2024-01_59617,Cardholder reported unauthorized transaction.,2025-07-30 10:00:45
tx_2024-01_139553,Cardholder reported unauthorized transaction.,2025-08-27 02:43:05
tx_2024-01_125610,Merchant previously linked to fraud ring.,2025-10-14 07:18:29
tx_2024-01_79536,Cardholder reported unauthorized transaction.,2025-09-19 21:10:12
tx_2024-01_12523,Device fingerprint inconsistent.,2025-09-14 01:22:01
tx_2024-01_24675,Merchant previously linked to fraud ring.,2025-04-21 10:18:47
tx_2024-01_43814,Merchant previously linked to fraud ring.,2025-05-06 23:00:38
tx_2024-01_148005,Merchant previously linked to fraud ring.,2025-07-03 21:31:57
tx_2024-01_127754,Device fingerprint inconsistent.,2025-10-25 06:13:51
tx_2024-01_88228,Multiple failed attempts before success.,2025-07-07 08:56:00
tx_2024-01_84613,Multiple failed attempts before success.,2025-11-29 14:02:07
tx_2024-01_100928,Multiple failed attempts before success.,2025-06-16 11:38:32
tx_2024-01_114105,Merchant previously linked to fraud ring.,2025-07-19 12:31:58
tx_2024-01_35262,Merchant previously linked to fraud ring.,2025-12-04 22:39:41
tx_2024-01_111743,Device fingerprint inconsistent.,2025-12-05 08:44:45
tx_2024-01_147245,Device fingerprint inconsistent.,2025-04-07 10:32:40
tx_2024-01_56608,Cardholder reported unauthorized transaction.,2025-02-13 15:34:50
tx_2024-01_17370,Device fingerprint inconsistent.,2025-02-20 19:30:22
tx_2024-01_57116,Cardholder reported unauthorized transaction.,2025-08-02 05:15:27
tx_2024-01_65803,Device fingerprint inconsistent.,2025-11-23 09:49:43
tx_2024-01_30554,Multiple failed attempts before success.,2025-10-28 06:41:58
tx_2024-01_36113,Merchant previously linked to fraud ring.,2025-08-24 12:38:05
tx_2024-01_105944,Multiple failed attempts before success.,2025-06-23 12:55:11
tx_2024-01_9231,Cardholder reported unauthorized transaction.,2025-08-29 23:29:46
tx_2024-01_34899,Device fingerprint inconsistent.,2025-02-19 04:13:22
tx_2024-01_70272,Cardholder reported unauthorized transaction.,2025-08-13 03:27:51
tx_2024-01_125890,Multiple failed attempts before success.,2025-03-15 07:17:59
tx_2024-01_118064,Cardholder reported unauthorized transaction.,2025-08-26 06:53:25
tx_2024-01_26869,Device fingerprint inconsistent.,2025-10-18 07:59:05
tx_2024-01_26208,Cardholder reported unauthorized transaction.,2025-07-23 09:01:47
tx_2024-01_25980,Cardholder reported unauthorized transaction.,2025-11-29 20:13:11
tx_2024-01_137997,Cardholder reported unauthorized transaction.,2025-05-31 16:36:52
tx_2024-01_5013,Cardholder reported unauthorized transaction.,2025-01-17 13:10:11
tx_2024-01_113192,Cardholder reported unauthorized transaction.,2025-02-16 14:30:16
tx_2024-01_305,Cardholder reported unauthorized transaction.,2025-05-04 11:12:34
tx_2024-01_66093,Device fingerprint inconsistent.,2025-12-04 18:43:36
tx_2024-01_27590,Merchant previously linked to fraud ring.,2025-03-09 04:24:35
tx_2024-01_86504,Multiple failed attempts before success.,2025-09-20 03:10:50
tx_2024-01_76203,Multiple failed attempts before success.,2025-03-25 04:11:41
tx_2024-01_85410,Merchant previously linked to fraud ring.,2025-06-23 10:18:06
tx_2024-01_58774,Multiple failed attempts before success.,2025-12-05 22:11:56
tx_2024-01_42093,Device fingerprint inconsistent.,2025-06-13 14:42:32
tx_2024-01_45744,Multiple failed attempts before success.,2025-05-18 08:32:07
tx_2024-01_24894,Multiple failed attempts before success.,2025-03-19 03:39:07
tx_2024-01_143759,Device fingerprint inconsistent.,2025-10-11 10:29:10
tx_2024-01_135272,Merchant previously linked to fraud ring.,2025-09-28 13:24:57
tx_2024-01_20004,Cardholder reported unauthorized transaction.,2025-09-03 17:45:26
tx_2024-01_100460,Multiple failed attempts before success.,2025-01-20 09:40:52
tx_2024-01_147354,Multiple failed attempts before success.,2025-07-19 05:38:00
tx_2024-01_124072,Device fingerprint inconsistent.,2025-01-31 03:16:35
tx_2024-01_127200,Cardholder reported unauthorized transaction.,2025-07-31 02:23:44
tx_2024-01_11024,Cardholder reported unauthorized transaction.,2025-09-05 07:44:59
tx_2024-01_69423,Cardholder reported unauthorized transaction.,2025-04-05 19:37:27
tx_2024-01_23927,Multiple failed attempts before success.,2025-07-08 00:06:35
tx_2024-01_102903,Multiple failed attempts before success.,2025-05-05 17:45:06
tx_2024-01_138795,Device fingerprint inconsistent.,2025-03-20 07:57:36
tx_2024-01_113600,Device fingerprint inconsistent.,2025-02-22 17:02:33
tx_2024-01_641,Merchant previously linked to fraud ring.,2025-07-01 01:33:15
tx_2024-01_112843,Multiple failed attempts before success.,2025-02-23 16:21:13
tx_2024-01_127961,Cardholder reported unauthorized transaction.,2025-03-06 10:29:43
tx_2024-01_139781,Merchant previously linked to fraud ring.,2025-03-14 04:58:21
tx_2024-01_44552,Multiple failed attempts before success.,2025-03-16 18:48:16
tx_2024-01_33916,Multiple failed attempts before success.,2025-07-23 23:49:29
tx_2024-01_69020,Device fingerprint inconsistent.,2025-12-02 22:40:26
tx_2024-01_14426,Merchant previously linked to fraud ring.,2025-01-22 15:39:22
tx_2024-01_19381,Merchant previously linked to fraud ring.,2025-08-29 02:55:10
tx_2024-01_85454,Cardholder reported unauthorized transaction.,2025-03-29 08:08:33
tx_2024-01_73420,Cardholder reported unauthorized transaction.,2025-04-23 07:04:49
tx_2024-01_106258,Cardholder reported unauthorized transaction.,2025-02-08 19:22:50
tx_2024-01_76646,Multiple failed attempts before success.,2025-11-10 02:02:29
tx_2024-01_59691,Multiple failed attempts before success.,2025-11-09 07:35:18
tx_2024-01_145344,Merchant previously linked to fraud ring.,2025-04-06 20:23:22
tx_2024-01_47902,Cardholder reported unauthorized transaction.,2025-04-19 11:23:58
tx_2024-01_35468,Merchant previously linked to fraud ring.,2025-09-17 09:40:29
tx_2024-01_83264,Merchant previously linked to fraud ring.,2025-07-11 14:23:15
tx_2024-01_106570,Cardholder reported unauthorized transaction.,2025-11-03 03:02:49
tx_2024-01_14373,Cardholder reported unauthorized transaction.,2025-06-09 19:21:51
tx_2024-01_32008,Device fingerprint inconsistent.,2025-08-05 08:08:29
tx_2024-01_52790,Merchant previously linked to fraud ring.,2025-05-03 08:00:36
tx_2024-01_42675,Merchant previously linked to fraud ring.,2025-04-24 11:19:57
tx_2024-01_29568,Cardholder reported unauthorized transaction.,2025-05-08 02:40:33
tx_2024-01_107450,Merchant previously linked to fraud ring.,2025-08-05 00:44:34
tx_2024-01_73652,Device fingerprint inconsistent.,2025-06-09 23:02:20
tx_2024-01_109188,Multiple failed attempts before success.,2025-11-20 11:45:10
tx_2024-01_53707,Multiple failed attempts before success.,2025-05-31 20:35:33
tx_2024-01_90836,Merchant previously linked to fraud ring.,2025-04-06 23:32:45
tx_2024-01_17349,Device fingerprint inconsistent.,2025-04-29 07:20:53
tx_2024-01_4353,Cardholder reported unauthorized transaction.,2025-12-07 03:15:37
tx_2024-01_33212,Cardholder reported unauthorized transaction.,2025-03-09 06:07:58
tx_2024-01_46809,Cardholder reported unauthorized transaction.,2025-06-16 10:52:00
tx_2024-01_14312,Merchant previously linked to fraud ring.,2025-10-06 16:16:33
tx_2024-01_84891,Multiple failed attempts before success.,2025-05-30 06:36:33
tx_2024-01_148606,Cardholder reported unauthorized transaction.,2025-08-26 12:17:49
tx_2024-01_47191,Device fingerprint inconsistent.,2025-01-25 07:43:32
tx_2024-01_10563,Multiple failed attempts before success.,2025-07-28 01:29:25
tx_2024-01_141345,Multiple failed attempts before success.,2025-03-08 18:38:06
tx_2024-01_90248,Multiple failed attempts before success.,2025-03-21 04:57:52
tx_2024-01_126844,Merchant previously linked to fraud ring.,2025-10-04 13:40:07
tx_2024-01_14970,Multiple failed attempts before success.,2025-04-14 09:49:46
tx_2024-01_57006,Merchant previously linked to fraud ring.,2025-05-07 11:15:25
tx_2024-01_40805,Device fingerprint inconsistent.,2025-01-03 21:50:55
tx_2024-01_125279,Device fingerprint inconsistent.,2025-12-18 01:39:55
tx_2024-01_17087,Device fingerprint inconsistent.,2025-09-08 05:43:22
tx_2024-01_51605,Multiple failed attempts before success.,2025-08-15 16:21:21
tx_2024-01_93515,Device fingerprint inconsistent.,2025-03-18 10:49:48
tx_2024-01_94344,Cardholder reported unauthorized transaction.,2025-03-15 01:43:08
tx_2024-01_87923,Merchant previously linked to fraud ring.,2025-11-27 04:49:58
tx_2024-01_80483,Multiple failed attempts before success.,2025-08-07 01:33:56
tx_2024-01_94665,Multiple failed attempts before success.,2025-09-04 05:55:55
tx_2024-01_71414,Merchant previously linked to fraud ring.,2025-03-08 18:11:04
tx_2024-01_117813,Merchant previously linked to fraud ring.,2025-09-09 11:44:24
tx_2024-01_105708,Multiple failed attempts before success.,2025-10-06 01:35:51
tx_2024-01_145991,Multiple failed attempts before success.,2025-07-22 18:17:16
tx_2024-01_41851,Merchant previously linked to fraud ring.,2025-07-05 07:21:00
tx_2024-01_77024,Multiple failed attempts before success.,2025-10-05 13:04:38
tx_2024-01_39957,Cardholder reported unauthorized transaction.,2025-06-27 12:49:41
tx_2024-01_79449,Device fingerprint inconsistent.,2025-01-30 22:52:43
tx_2024-01_89685,Merchant previously linked to fraud ring.,2025-11-22 21:47:24
tx_2024-01_80839,Merchant previously linked to fraud ring.,2025-11-11 09:14:16
tx_2024-01_12571,Multiple failed attempts before success.,2025-02-01 20:11:17
tx_2024-01_101445,Merchant previously linked to fraud ring.,2025-11-12 02:41:41
tx_2024-01_138814,Cardholder reported unauthorized transaction.,2025-12-07 00:53:30
tx_2024-01_126927,Merchant previously linked to fraud ring.,2025-06-25 19:04:49
tx_2024-01_28382,Cardholder reported unauthorized transaction.,2025-03-24 12:53:44
tx_2024-01_144242,Multiple failed attempts before success.,2025-09-12 12:47:33
tx_2024-01_30047,Multiple failed attempts before success.,2025-10-12 17:36:00
tx_2024-01_39332,Merchant previously linked to fraud ring.,2025-01-23 11:43:04
tx_2024-01_16304,Device fingerprint inconsistent.,2025-06-25 21:35:54
tx_2024-01_32535,Device fingerprint inconsistent.,2025-08-25 19:06:38
tx_2024-01_106169,Merchant previously linked to fraud ring.,2025-07-09 15:22:32
tx_2024-01_24425,Merchant previously linked to fraud ring.,2025-02-06 21:59:22
tx_2024-01_63236,Merchant previously linked to fraud ring.,2025-01-05 23:54:40
tx_2024-01_30806,Multiple failed attempts before success.,2025-09-19 13:52:53
tx_2024-01_53603,Device fingerprint inconsistent.,2025-10-27 07:19:07
tx_2024-01_85823,Merchant previously linked to fraud ring.,2025-10-03 06:14:43
tx_2024-01_132709,Device fingerprint inconsistent.,2025-05-30 10:25:11
tx_2024-01_128809,Cardholder reported unauthorized transaction.,2025-01-02 02:36:57
tx_2024-01_63726,Merchant previously linked to fraud ring.,2025-02-03 21:55:28
tx_2024-01_130164,Merchant previously linked to fraud ring.,2025-12-13 17:41:57
tx_2024-01_137838,Device fingerprint inconsistent.,2025-02-28 15:21:39
tx_2024-01_81259,Device fingerprint inconsistent.,2025-02-05 19:08:00
tx_2024-01_50575,Multiple failed attempts before success.,2025-03-06 18:18:50
tx_2024-01_89370,Multiple failed attempts before success.,2025-08-02 23:47:12
tx_2024-01_80629,Merchant previously linked to fraud ring.,2025-03-08 06:53:25
tx_2024-01_41468,Merchant previously linked to fraud ring.,2025-07-08 09:04:13
tx_2024-01_41067,Multiple failed attempts before success.,2025-07-07 02:59:05
tx_2024-01_128678,Multiple failed attempts before success.,2025-05-07 03:59:50
tx_2024-01_18594,Multiple failed attempts before success.,2025-02-20 20:10:21
tx_2024-01_41027,Multiple failed attempts before success.,2025-02-06 09:19:35
tx_2024-01_30243,Merchant previously linked to fraud ring.,2025-11-20 10:56:31
tx_2024-01_51522,Merchant previously linked to fraud ring.,2025-04-12 20:42:42
tx_2024-01_137680,Multiple failed attempts before success.,2025-02-19 09:28:01
tx_2024-01_129194,Cardholder reported unauthorized transaction.,2025-01-20 00:21:19
tx_2024-01_95243,Cardholder reported unauthorized transaction.,2025-11-16 01:20:32
tx_2024-01_107874,Multiple failed attempts before success.,2025-12-02 02:36:59
tx_2024-01_46010,Merchant previously linked to fraud ring.,2025-08-23 13:05:55
tx_2024-01_44503,Multiple failed attempts before success.,2025-05-16 08:06:03
tx_2024-01_91760,Device fingerprint inconsistent.,2025-07-07 06:34:07
tx_2024-01_10937,Device fingerprint inconsistent.,2025-07-08 17:33:53
tx_2024-01_122792,Merchant previously linked to fraud ring.,2025-05-14 12:52:32
tx_2024-01_92271,Device fingerprint inconsistent.,2025-12-08 15:39:14
tx_2024-01_88917,Merchant previously linked to fraud ring.,2025-01-23 23:28:52
tx_2024-01_109516,Cardholder reported unauthorized transaction.,2025-12-19 02:55:09
tx_2024-01_14796,Merchant previously linked to fraud ring.,2025-03-19 04:24:53
tx_2024-01_134854,Device fingerprint inconsistent.,2025-03-14 10:33:46
tx_2024-01_99529,Device fingerprint inconsistent.,2025-08-24 08:11:17
tx_2024-01_44393,Device fingerprint inconsistent.,2025-02-07 01:52:11
tx_2024-01_44703,Cardholder reported unauthorized transaction.,2025-09-25 12:22:59
tx_2024-01_110270,Device fingerprint inconsistent.,2025-10-23 06:25:01
tx_2024-01_45362,Merchant previously linked to fraud ring.,2025-05-28 22:41:23
tx_2024-01_8648,Cardholder reported unauthorized transaction.,2025-12-07 16:27:10
tx_2024-01_98650,Multiple failed attempts before success.,2025-11-14 12:10:18
tx_2024-01_111310,Cardholder reported unauthorized transaction.,2025-10-06 03:46:00
tx_2024-01_120804,Device fingerprint inconsistent.,2025-12-13 00:54:04
tx_2024-01_95743,Multiple failed attempts before success.,2025-04-20 00:33:39
tx_2024-01_137786,Cardholder reported unauthorized transaction.,2025-08-12 08:53:57
tx_2024-01_58050,Cardholder reported unauthorized transaction.,2025-11-16 20:13:50
tx_2024-01_100524,Multiple failed attempts before success.,2025-06-06 08:27:32
tx_2024-01_21273,Cardholder reported unauthorized transaction.,2025-08-19 10:49:14
tx_2024-01_42277,Multiple failed attempts before success.,2025-06-02 04:21:54
tx_2024-01_47319,Device fingerprint inconsistent.,2025-07-19 10:52:46
tx_2024-01_138708,Cardholder reported unauthorized transaction.,2025-10-25 20:28:24
tx_2024-01_43675,Multiple failed attempts before success.,2025-01-15 11:33:29
tx_2024-01_140187,Device fingerprint inconsistent.,2025-05-22 04:21:32
tx_2024-01_96438,Multiple failed attempts before success.,2025-11-25 12:50:26
tx_2024-01_29654,Device fingerprint inconsistent.,2025-03-27 17:20:31
tx_2024-01_110904,Device fingerprint inconsistent.,2025-12-17 06:22:27
tx_2024-01_71453,Device fingerprint inconsistent.,2025-12-16 10:59:54
tx_2024-01_76503,Merchant previously linked to fraud ring.,2025-03-08 22:51:05
tx_2024-01_81591,Merchant previously linked to fraud ring.,2025-07-23 14:30:50
tx_2024-01_145757,Merchant previously linked to fraud ring.,2025-03-25 06:25:50
tx_2024-01_67674,Device fingerprint inconsistent.,2025-06-02 23:07:03
tx_2024-01_2807,Cardholder reported unauthorized transaction.,2025-09-03 15:16:15
tx_2024-01_96153,Merchant previously linked to fraud ring.,2025-09-15 23:16:22
tx_2024-01_51869,Device fingerprint inconsistent.,2025-04-05 16:43:17
tx_2024-01_135846,Merchant previously linked to fraud ring.,2025-01-14 09:08:36
tx_2024-01_96462,Cardholder reported unauthorized transaction.,2025-06-20 05:32:39
tx_2024-01_63886,Cardholder reported unauthorized transaction.,2025-08-16 08:40:03
tx_2024-01_9313,Cardholder reported unauthorized transaction.,2025-01-25 01:58:07
tx_2024-01_143933,Cardholder reported unauthorized transaction.,2025-03-16 05:50:59
tx_2024-01_132628,Multiple failed attempts before success.,2025-06-05 01:13:25
tx_2024-01_147233,Cardholder reported unauthorized transaction.,2025-05-16 12:52:02
tx_2024-01_37194,Multiple failed attempts before success.,2025-01-20 08:42:11
tx_2024-01_129183,Merchant previously linked to fraud ring.,2025-06-30 11:35:01
tx_2024-01_10796,Multiple failed attempts before success.,2025-02-07 15:57:09
tx_2024-01_109397,Cardholder reported unauthorized transaction.,2025-03-19 05:27:24
tx_2024-01_47374,Multiple failed attempts before success.,2025-05-30 21:45:44
tx_2024-01_27343,Multiple failed attempts before success.,2025-02-22 09:52:20
tx_2024-01_29231,Device fingerprint inconsistent.,2025-03-30 01:53:51
tx_2024-01_53487,Cardholder reported unauthorized transaction.,2025-08-16 22:07:33
tx_2024-01_73203,Multiple failed attempts before success.,2025-08-17 11:19:59
tx_2024-01_23771,Cardholder reported unauthorized transaction.,2025-09-08 10:03:58
tx_2024-01_31495,Device fingerprint inconsistent.,2025-10-02 13:56:23
tx_2024-01_107047,Cardholder reported unauthorized transaction.,2025-08-22 17:54:25
tx_2024-01_12889,Multiple failed attempts before success.,2025-11-29 10:25:32
tx_2024-01_50412,Cardholder reported unauthorized transaction.,2025-01-23 22:19:29
tx_2024-01_44472,Device fingerprint inconsistent.,2025-06-28 20:17:56
tx_2024-01_125396,Multiple failed attempts before success.,2025-08-29 15:11:28
tx_2024-01_68996,Cardholder reported unauthorized transaction.,2025-05-02 12:54:47
tx_2024-01_132536,Device fingerprint inconsistent.,2025-05-13 05:36:04
tx_2024-01_33872,Merchant previously linked to fraud ring.,2025-07-14 23:51:25
tx_2024-01_114022,Cardholder reported unauthorized transaction.,2025-05-14 19:31:31
tx_2024-01_94655,Device fingerprint inconsistent.,2025-07-16 12:05:05
tx_2024-01_83129,Merchant previously linked to fraud ring.,2025-04-25 10:49:14
tx_2024-01_126188,Device fingerprint inconsistent.,2025-11-24 13:20:59
tx_2024-01_18430,Device fingerprint inconsistent.,2025-02-25 15:57:20
tx_2024-01_68077,Merchant previously linked to fraud ring.,2025-06-03 12:51:05
tx_2024-01_135191,Cardholder reported unauthorized transaction.,2025-06-19 16:52:21
tx_2024-01_27759,Merchant previously linked to fraud ring.,2025-06-03 07:56:14
tx_2024-01_74238,Merchant previously linked to fraud ring.,2025-07-05 02:03:53
tx_2024-01_76577,Merchant previously linked to fraud ring.,2025-07-19 19:46:40
tx_2024-01_60522,Merchant previously linked to fraud ring.,2025-08-29 08:52:00
tx_2024-01_97977,Device fingerprint inconsistent.,2025-09-01 07:22:48
tx_2024-01_107257,Device fingerprint inconsistent.,2025-08-07 05:40:54
tx_2024-01_111425,Merchant previously linked to fraud ring.,2025-10-03 19:04:55
tx_2024-01_62278,Merchant previously linked to fraud ring.,2025-08-19 15:39:06
tx_2024-01_103382,Device fingerprint inconsistent.,2025-11-04 06:01:08
tx_2024-01_67062,Multiple failed attempts before success.,2025-10-13 17:24:03
tx_2024-01_29675,Merchant previously linked to fraud ring.,2025-01-23 12:31:46
tx_2024-01_21975,Cardholder reported unauthorized transaction.,2025-05-20 23:48:51
tx_2024-01_19440,Cardholder reported unauthorized transaction.,2025-04-07 07:48:33
tx_2024-01_70997,Multiple failed attempts before success.,2025-08-29 11:56:50
tx_2024-01_7219,Merchant previously linked to fraud ring.,2025-06-06 12:01:28
tx_2024-01_92132,Merchant previously linked to fraud ring.,2025-03-17 00:33:55
tx_2024-01_126304,Merchant previously linked to fraud ring.,2025-09-10 04:55:34
tx_2024-01_91027,Cardholder reported unauthorized transaction.,2025-08-14 09:36:58
tx_2024-01_85433,Merchant previously linked to fraud ring.,2025-10-30 07:27:38
tx_2024-01_19988,Merchant previously linked to fraud ring.,2025-04-17 08:24:21
tx_2024-01_34563,Multiple failed attempts before success.,2025-02-19 19:35:11
tx_2024-01_93068,Cardholder reported unauthorized transaction.,2025-06-28 22:11:42
tx_2024-01_81747,Multiple failed attempts before success.,2025-04-28 06:00:27
tx_2024-01_86575,Multiple failed attempts before success.,2025-01-04 15:31:00
tx_2024-01_134359,Merchant previously linked to fraud ring.,2025-01-21 00:08:13
tx_2024-01_39105,Multiple failed attempts before success.,2025-07-13 02:12:46
tx_2024-01_41124,Cardholder reported unauthorized transaction.,2025-03-03 05:19:04
tx_2024-01_87796,Multiple failed attempts before success.,2025-04-24 13:25:37
tx_2024-01_10075,Device fingerprint inconsistent.,2025-10-20 05:20:04
tx_2024-01_48214,Cardholder reported unauthorized transaction.,2025-12-04 08:24:08
tx_2024-01_107445,Cardholder reported unauthorized transaction.,2025-09-17 02:19:09
tx_2024-01_42337,Cardholder reported unauthorized transaction.,2025-01-25 00:48:48
tx_2024-01_40910,Merchant previously linked to fraud ring.,2025-11-18 09:56:20
tx_2024-01_112429,Merchant previously linked to fraud ring.,2025-10-12 04:11:23
tx_2024-01_142162,Merchant previously linked to fraud ring.,2025-07-13 11:15:35
tx_2024-01_87009,Merchant previously linked to fraud ring.,2025-04-30 11:45:51
tx_2024-01_75574,Device fingerprint inconsistent.,2025-05-23 21:33:39
tx_2024-01_130177,Multiple failed attempts before success.,2025-04-06 21:19:25
tx_2024-01_74685,Merchant previously linked to fraud ring.,2025-06-02 00:14:08
tx_2024-01_122558,Merchant previously linked to fraud ring.,2025-07-26 11:34:53
tx_2024-01_90497,Cardholder reported unauthorized transaction.,2025-01-25 20:59:57
tx_2024-01_87123,Cardholder reported unauthorized transaction.,2025-04-18 05:07:48
tx_2024-01_6506,Merchant previously linked to fraud ring.,2025-10-15 03:30:57
tx_2024-01_108190,Merchant previously linked to fraud ring.,2025-01-25 15:25:41
tx_2024-01_63055,Multiple failed attempts before success.,2025-07-04 10:18:02
tx_2024-01_72107,Multiple failed attempts before success.,2025-10-28 18:21:23
tx_2024-01_45838,Merchant previously linked to fraud ring.,2025-07-13 14:50:19
tx_2024-01_69204,Multiple failed attempts before success.,2025-11-23 01:07:52
tx_2024-01_58223,Multiple failed attempts before success.,2025-12-12 19:12:28
tx_2024-01_65397,Multiple failed attempts before success.,2025-07-03 18:34:50
tx_2024-01_66473,Merchant previously linked to fraud ring.,2025-02-27 05:23:17
tx_2024-01_63479,Device fingerprint inconsistent.,2025-05-04 20:38:27
tx_2024-01_72688,Multiple failed attempts before success.,2025-02-27 13:35:28
tx_2024-01_149408,Cardholder reported unauthorized transaction.,2025-05-28 11:11:41
tx_2024-01_85313,Merchant previously linked to fraud ring.,2025-09-16 22:03:32
tx_2024-01_133452,Merchant previously linked to fraud ring.,2025-09-10 02:49:13
tx_2024-01_146871,Device fingerprint inconsistent.,2025-04-17 12:26:58
tx_2024-01_142293,Merchant previously linked to fraud ring.,2025-07-08 00:32:51
tx_2024-01_56550,Multiple failed attempts before success.,2025-10-31 06:48:07
tx_2024-01_131415,Merchant previously linked to fraud ring.,2025-03-21 15:31:48
tx_2024-01_44016,Merchant previously linked to fraud ring.,2025-08-31 18:04:09
tx_2024-01_112026,Multiple failed attempts before success.,2025-12-12 16:53:55
tx_2024-01_69066,Merchant previously linked to fraud ring.,2025-07-31 13:18:31
tx_2024-01_143443,Cardholder reported unauthorized transaction.,2025-08-13 21:02:13
tx_2024-01_109775,Cardholder reported unauthorized transaction.,2025-08-25 21:24:25
tx_2024-01_81425,Multiple failed attempts before success.,2025-09-28 05:05:19
tx_2024-01_112292,Merchant previously linked to fraud ring.,2025-05-17 19:08:01
tx_2024-01_130858,Cardholder reported unauthorized transaction.,2025-03-10 04:23:19
tx_2024-01_36070,Merchant previously linked to fraud ring.,2025-03-15 23:25:33
tx_2024-01_90069,Device fingerprint inconsistent.,2025-10-22 00:39:42
tx_2024-01_83916,Multiple failed attempts before success.,2025-05-08 02:29:08
tx_2024-01_80580,Device fingerprint inconsistent.,2025-04-14 00:51:08
tx_2024-01_82585,Cardholder reported unauthorized transaction.,2025-11-05 00:59:56
tx_2024-01_30046,Multiple failed attempts before success.,2025-06-22 11:25:16
tx_2024-01_55815,Multiple failed attempts before success.,2025-07-14 10:14:44
tx_2024-01_92948,Cardholder reported unauthorized transaction.,2025-04-03 13:49:25
tx_2024-01_141277,Cardholder reported unauthorized transaction.,2025-04-17 02:59:44
tx_2024-01_146385,Merchant previously linked to fraud ring.,2025-02-27 00:51:44
tx_2024-01_19005,Multiple failed attempts before success.,2025-01-20 21:50:06
tx_2024-01_107826,Cardholder reported unauthorized transaction.,2025-03-27 15:20:39
tx_2024-01_18671,Cardholder reported unauthorized transaction.,2025-05-04 15:49:14
tx_2024-01_23666,Device fingerprint inconsistent.,2025-02-09 14:57:25
tx_2024-01_4278,Multiple failed attempts before success.,2025-03-21 18:33:55
tx_2024-01_78926,Cardholder reported unauthorized transaction.,2025-07-14 02:39:49
tx_2024-01_18768,Cardholder reported unauthorized transaction.,2025-03-12 13:42:47
tx_2024-01_51611,Merchant previously linked to fraud ring.,2025-01-25 22:57:44
tx_2024-01_135887,Device fingerprint inconsistent.,2025-04-19 04:07:57
tx_2024-01_33188,Device fingerprint inconsistent.,2025-04-21 04:22:54
tx_2024-01_8118,Cardholder reported unauthorized transaction.,2025-11-21 15:22:02
tx_2024-01_44310,Merchant previously linked to fraud ring.,2025-11-19 23:51:45
tx_2024-01_5481,Multiple failed attempts before success.,2025-07-27 13:21:40
tx_2024-01_127439,Multiple failed attempts before success.,2025-07-06 06:20:47
tx_2024-01_44322,Multiple failed attempts before success.,2025-12-10 00:23:54
tx_2024-01_32300,Device fingerprint inconsistent.,2025-03-18 07:06:52
tx_2024-01_89867,Multiple failed attempts before success.,2025-03-26 14:06:20
tx_2024-01_87475,Merchant previously linked to fraud ring.,2025-04-04 10:16:31
tx_2024-01_128225,Merchant previously linked to fraud ring.,2025-02-25 17:19:38
tx_2024-01_18171,Merchant previously linked to fraud ring.,2025-01-31 16:31:00
tx_2024-01_46922,Merchant previously linked to fraud ring.,2025-06-01 17:18:06
tx_2024-01_81349,Device fingerprint inconsistent.,2025-01-15 14:10:01
tx_2024-01_27659,Device fingerprint inconsistent.,2025-05-16 18:21:21
tx_2024-01_105021,Device fingerprint inconsistent.,2025-09-20 12:55:17
tx_2024-01_93749,Merchant previously linked to fraud ring.,2025-06-26 21:41:46
tx_2024-01_22974,Cardholder reported unauthorized transaction.,2025-08-12 05:15:41
tx_2024-01_30557,Device fingerprint inconsistent.,2025-10-27 06:52:15
tx_2024-01_137836,Cardholder reported unauthorized transaction.,2025-03-16 10:45:56
tx_2024-01_22548,Multiple failed attempts before success.,2025-11-23 03:29:22
tx_2024-01_72458,Merchant previously linked to fraud ring.,2025-08-22 22:08:32
tx_2024-01_110965,Merchant previously linked to fraud ring.,2025-11-02 04:01:25
tx_2024-01_7073,Multiple failed attempts before success.,2025-08-14 13:19:36
tx_2024-01_98619,Multiple failed attempts before success.,2025-07-06 03:08:59
tx_2024-01_148230,Multiple failed attempts before success.,2025-07-29 10:52:08
tx_2024-01_47044,Cardholder reported unauthorized transaction.,2025-11-26 09:07:18
tx_2024-01_85736,Device fingerprint inconsistent.,2025-02-03 06:29:29
tx_2024-01_131149,Merchant previously linked to fraud ring.,2025-12-08 14:41:02
tx_2024-01_120248,Merchant previously linked to fraud ring.,2025-03-07 14:50:29
tx_2024-01_30205,Device fingerprint inconsistent.,2025-03-06 06:30:55
tx_2024-01_51536,Cardholder reported unauthorized transaction.,2025-04-11 21:22:14
tx_2024-01_73298,Device fingerprint inconsistent.,2025-05-14 08:50:09
tx_2024-01_135042,Multiple failed attempts before success.,2025-08-17 23:53:48
tx_2024-01_103394,Cardholder reported unauthorized transaction.,2025-10-30 19:50:40
tx_2024-01_71010,Device fingerprint inconsistent.,2025-05-25 15:25:18
tx_2024-01_109009,Device fingerprint inconsistent.,2025-07-22 17:50:32
tx_2024-01_138488,Device fingerprint inconsistent.,2025-04-17 21:14:44
tx_2024-01_139507,Device fingerprint inconsistent.,2025-03-28 04:22:43
tx_2024-01_13075,Merchant previously linked to fraud ring.,2025-05-04 00:26:46
tx_2024-01_95133,Merchant previously linked to fraud ring.,2025-06-04 20:23:48
tx_2024-01_13486,Device fingerprint inconsistent.,2025-07-27 16:05:39
tx_2024-01_64515,Device fingerprint inconsistent.,2025-02-27 17:09:26
tx_2024-01_134730,Cardholder reported unauthorized transaction.,2025-05-21 07:57:31
tx_2024-01_99823,Device fingerprint inconsistent.,2025-10-05 15:11:06
tx_2024-01_123703,Cardholder reported unauthorized transaction.,2025-08-11 00:24:46
tx_2024-01_108092,Cardholder reported unauthorized transaction.,2025-08-19 18:23:21
tx_2024-01_91401,Cardholder reported unauthorized transaction.,2025-11-14 09:13:15
tx_2024-01_136762,Device fingerprint inconsistent.,2025-06-08 05:10:28
tx_2024-01_124538,Multiple failed attempts before success.,2025-07-14 13:50:38
tx_2024-01_123494,Cardholder reported unauthorized transaction.,2025-12-03 05:25:15
tx_2024-01_23436,Multiple failed attempts before success.,2025-05-08 06:17:25
tx_2024-01_66882,Cardholder reported unauthorized transaction.,2025-08-09 16:00:47
tx_2024-01_122418,Merchant previously linked to fraud ring.,2025-01-10 00:23:54
tx_2024-01_6422,Merchant previously linked to fraud ring.,2025-02-07 02:19:43
tx_2024-01_57231,Cardholder reported unauthorized transaction.,2025-11-03 05:20:21
tx_2024-01_142062,Device fingerprint inconsistent.,2025-01-06 14:40:44
tx_2024-01_146024,Merchant previously linked to fraud ring.,2025-01-20 11:10:07
tx_2024-01_33583,Multiple failed attempts before success.,2025-08-17 07:32:36
tx_2024-01_47187,Merchant previously linked to fraud ring.,2025-06-13 14:20:20
tx_2024-01_148947,Cardholder reported unauthorized transaction.,2025-11-25 16:33:00
tx_2024-01_16174,Cardholder reported unauthorized transaction.,2025-10-30 14:28:54
tx_2024-01_93567,Cardholder reported unauthorized transaction.,2025-03-23 22:09:50
tx_2024-01_40000,Multiple failed attempts before success.,2025-04-30 09:43:35
tx_2024-01_135576,Multiple failed attempts before success.,2025-10-20 23:17:01
tx_2024-01_11518,Multiple failed attempts before success.,2025-10-14 15:26:01
tx_2024-01_119687,Multiple failed attempts before success.,2025-04-10 21:00:55
tx_2024-01_10416,Cardholder reported unauthorized transaction.,2025-12-01 16:49:02
tx_2024-01_114845,Device fingerprint inconsistent.,2025-12-16 23:10:33
tx_2024-01_74685,Merchant previously linked to fraud ring.,2025-12-19 02:01:17
tx_2024-01_78372,Device fingerprint inconsistent.,2025-10-29 23:39:43
tx_2024-01_62966,Multiple failed attempts before success.,2025-11-22 16:38:06
tx_2024-01_41629,Cardholder reported unauthorized transaction.,2025-05-07 00:59:49
tx_2024-01_60136,Multiple failed attempts before success.,2025-04-24 14:23:09
tx_2024-01_13581,Merchant previously linked to fraud ring.,2025-07-27 10:51:13
tx_2024-01_123603,Cardholder reported unauthorized transaction.,2025-07-05 01:15:34
tx_2024-01_22872,Cardholder reported unauthorized transaction.,2025-10-09 17:13:21
tx_2024-01_98010,Multiple failed attempts before success.,2025-11-08 18:24:03
tx_2024-01_66797,Device fingerprint inconsistent.,2025-01-07 10:00:14
tx_2024-01_142084,Merchant previously linked to fraud ring.,2025-07-18 19:05:20
tx_2024-01_83087,Device fingerprint inconsistent.,2025-05-18 10:31:38
tx_2024-01_52072,Cardholder reported unauthorized transaction.,2025-08-05 03:22:49
tx_2024-01_9127,Merchant previously linked to fraud ring.,2025-01-18 22:07:21
tx_2024-01_107124,Multiple failed attempts before success.,2025-11-24 18:18:21
tx_2024-01_32832,Multiple failed attempts before success.,2025-10-21 20:30:37
tx_2024-01_81872,Cardholder reported unauthorized transaction.,2025-09-03 13:45:04
tx_2024-01_112525,Merchant previously linked to fraud ring.,2025-06-16 05:59:08
tx_2024-01_1387,Merchant previously linked to fraud ring.,2025-07-07 00:43:35
tx_2024-01_35447,Device fingerprint inconsistent.,2025-03-27 21:35:06
tx_2024-01_101846,Multiple failed attempts before success.,2025-02-15 09:31:03
tx_2024-01_110932,Merchant previously linked to fraud ring.,2025-02-09 15:22:15
tx_2024-01_145896,Cardholder reported unauthorized transaction.,2025-08-31 05:11:35
tx_2024-01_29870,Device fingerprint inconsistent.,2025-04-11 07:09:29
tx_2024-01_53629,Multiple failed attempts before success.,2025-03-02 21:12:26
tx_2024-01_44784,Cardholder reported unauthorized transaction.,2025-02-07 01:47:54
tx_2024-01_71712,Device fingerprint inconsistent.,2025-07-05 07:19:24
tx_2024-01_85350,Device fingerprint inconsistent.,2025-01-12 12:44:03
tx_2024-01_54888,Device fingerprint inconsistent.,2025-02-16 21:35:32
tx_2024-01_14289,Multiple failed attempts before success.,2025-04-03 01:35:31
tx_2024-01_50091,Device fingerprint inconsistent.,2025-09-26 03:11:41
tx_2024-01_74674,Merchant previously linked to fraud ring.,2025-08-08 01:44:31
tx_2024-01_68680,Merchant previously linked to fraud ring.,2025-11-10 14:30:16
tx_2024-01_3645,Multiple failed attempts before success.,2025-09-06 19:45:35
tx_2024-01_20817,Multiple failed attempts before success.,2025-08-13 12:32:26
tx_2024-01_44767,Merchant previously linked to fraud ring.,2025-02-17 03:13:03
tx_2024-01_34777,Device fingerprint inconsistent.,2025-10-03 01:38:03
tx_2024-01_110654,Merchant previously linked to fraud ring.,2025-07-09 10:23:14
tx_2024-01_136358,Merchant previously linked to fraud ring.,2025-08-27 18:49:07
tx_2024-01_24527,Multiple failed attempts before success.,2025-03-20 07:19:56
tx_2024-01_132771,Multiple failed attempts before success.,2025-04-27 22:08:53
tx_2024-01_95697,Multiple failed attempts before success.,2025-05-27 18:46:25
tx_2024-01_119279,Merchant previously linked to fraud ring.,2025-08-09 12:35:35
tx_2024-01_2976,Multiple failed attempts before success.,2025-10-17 19:58:11
tx_2024-01_127498,Cardholder reported unauthorized transaction.,2025-06-15 15:59:14
tx_2024-01_57914,Device fingerprint inconsistent.,2025-09-16 19:27:49
tx_2024-01_94554,Merchant previously linked to fraud ring.,2025-11-19 12:51:54
tx_2024-01_133514,Merchant previously linked to fraud ring.,2025-06-22 16:30:56
tx_2024-01_112097,Multiple failed attempts before success.,2025-05-30 11:44:50
tx_2024-01_88266,Multiple failed attempts before success.,2025-02-22 18:17:14
tx_2024-01_2432,Multiple failed attempts before success.,2025-08-18 21:09:51
tx_2024-01_49436,Device fingerprint inconsistent.,2025-01-23 18:31:40
tx_2024-01_92105,Merchant previously linked to fraud ring.,2025-10-16 00:35:56
tx_2024-01_67061,Cardholder reported unauthorized transaction.,2025-05-30 06:21:57
tx_2024-01_66950,Device fingerprint inconsistent.,2025-07-03 21:51:13
tx_2024-01_143569,Multiple failed attempts before success.,2025-06-07 00:46:27
tx_2024-01_105043,Multiple failed attempts before success.,2025-01-20 16:53:57
tx_2024-01_26260,Multiple failed attempts before success.,2025-11-06 00:24:38
tx_2024-01_68085,Merchant previously linked to fraud ring.,2025-12-06 20:51:50
tx_2024-01_102709,Cardholder reported unauthorized transaction.,2025-09-20 21:24:30
tx_2024-01_70474,Cardholder reported unauthorized transaction.,2025-08-06 04:01:09
tx_2024-01_118800,Multiple failed attempts before success.,2025-03-05 11:35:52
tx_2024-01_23410,Cardholder reported unauthorized transaction.,2025-04-15 19:10:13
tx_2024-01_3793,Multiple failed attempts before success.,2025-03-07 15:02:32
tx_2024-01_113222,Merchant previously linked to fraud ring.,2025-09-16 14:39:24
tx_2024-01_41514,Device fingerprint inconsistent.,2025-12-03 17:51:50
tx_2024-01_6439,Multiple failed attempts before success.,2025-10-30 12:12:27
tx_2024-01_11207,Multiple failed attempts before success.,2025-12-11 17:23:58
tx_2024-01_108403,Merchant previously linked to fraud ring.,2025-02-26 12:19:06
tx_2024-01_74591,Merchant previously linked to fraud ring.,2025-11-28 09:21:03
tx_2024-01_62195,Merchant previously linked to fraud ring.,2025-06-10 11:55:57
tx_2024-01_134246,Device fingerprint inconsistent.,2025-11-05 20:18:48
tx_2024-01_47974,Merchant previously linked to fraud ring.,2025-10-05 05:28:50
tx_2024-01_37979,Device fingerprint inconsistent.,2025-12-10 12:35:11
tx_2024-01_87743,Cardholder reported unauthorized transaction.,2025-08-31 05:30:55
tx_2024-01_38687,Multiple failed attempts before success.,2025-09-12 14:29:50
tx_2024-01_101571,Multiple failed attempts before success.,2025-05-27 02:29:26
tx_2024-01_11576,Cardholder reported unauthorized transaction.,2025-07-06 13:39:42
tx_2024-01_23891,Merchant previously linked to fraud ring.,2025-03-17 05:43:40
tx_2024-01_143189,Device fingerprint inconsistent.,2025-03-12 14:00:04
tx_2024-01_76933,Multiple failed attempts before success.,2025-09-25 22:52:48
tx_2024-01_112523,Cardholder reported unauthorized transaction.,2025-03-18 17:34:06
tx_2024-01_140024,Merchant previously linked to fraud ring.,2025-05-28 08:51:09
tx_2024-01_6132,Merchant previously linked to fraud ring.,2025-01-10 14:52:15
tx_2024-01_140924,Device fingerprint inconsistent.,2025-07-10 14:06:16
tx_2024-01_48783,Multiple failed attempts before success.,2025-03-03 21:44:06
tx_2024-01_77221,Merchant previously linked to fraud ring.,2025-03-30 10:16:59
tx_2024-01_54606,Multiple failed attempts before success.,2025-10-19 06:45:47
tx_2024-01_8390,Multiple failed attempts before success.,2025-11-29 05:14:27
tx_2024-01_44689,Merchant previously linked to fraud ring.,2025-08-13 23:47:39
tx_2024-01_13937,Multiple failed attempts before success.,2025-09-05 20:07:41
tx_2024-01_103412,Cardholder reported unauthorized transaction.,2025-09-01 23:27:25
tx_2024-01_56240,Merchant previously linked to fraud ring.,2025-02-11 10:41:58
tx_2024-01_148187,Multiple failed attempts before success.,2025-05-20 14:17:52
tx_2024-01_36689,Multiple failed attempts before success.,2025-04-06 03:00:36
tx_2024-01_98523,Device fingerprint inconsistent.,2025-09-21 00:53:35
tx_2024-01_130933,Device fingerprint inconsistent.,2025-03-04 05:22:56
tx_2024-01_130287,Multiple failed attempts before success.,2025-06-25 08:40:48
tx_2024-01_60128,Merchant previously linked to fraud ring.,2025-07-26 03:47:10
tx_2024-01_36041,Device fingerprint inconsistent.,2025-09-04 03:51:06
tx_2024-01_36436,Device fingerprint inconsistent.,2025-05-29 14:39:12
tx_2024-01_67599,Device fingerprint inconsistent.,2025-05-03 21:08:20
tx_2024-01_79340,Multiple failed attempts before success.,2025-06-03 11:58:51
tx_2024-01_82910,Merchant previously linked to fraud ring.,2025-11-26 08:17:55
tx_2024-01_40696,Multiple failed attempts before success.,2025-03-31 07:08:01
tx_2024-01_118644,Cardholder reported unauthorized transaction.,2025-04-29 13:12:16
tx_2024-01_109377,Device fingerprint inconsistent.,2025-01-23 19:53:13
tx_2024-01_81290,Device fingerprint inconsistent.,2025-08-01 11:30:36
tx_2024-01_98783,Multiple failed attempts before success.,2025-05-29 12:42:37
tx_2024-01_94332,Multiple failed attempts before success.,2025-04-09 11:04:14
tx_2024-01_126187,Device fingerprint inconsistent.,2025-06-07 11:29:22
tx_2024-01_77269,Device fingerprint inconsistent.,2025-08-11 02:43:54
tx_2024-01_28621,Device fingerprint inconsistent.,2025-07-12 15:20:38
tx_2024-01_38192,Merchant previously linked to fraud ring.,2025-03-13 22:56:01
tx_2024-01_130268,Multiple failed attempts before success.,2025-01-28 08:44:38
tx_2024-01_145623,Cardholder reported unauthorized transaction.,2025-12-11 16:33:27
tx_2024-01_35543,Multiple failed attempts before success.,2025-01-02 10:34:07
tx_2024-01_139445,Device fingerprint inconsistent.,2025-07-01 18:52:29
tx_2024-01_104041,Multiple failed attempts before success.,2025-01-03 02:45:05
tx_2024-01_137545,Cardholder reported unauthorized transaction.,2025-09-29 19:06:29
tx_2024-01_102862,Merchant previously linked to fraud ring.,2025-07-19 14:14:08
tx_2024-01_107290,Cardholder reported unauthorized transaction.,2025-04-23 03:54:03
tx_2024-01_105228,Merchant previously linked to fraud ring.,2025-06-26 20:23:28
tx_2024-01_139115,Merchant previously linked to fraud ring.,2025-03-12 06:24:27
tx_2024-01_138591,Multiple failed attempts before success.,2025-06-18 07:16:08
tx_2024-01_76109,Device fingerprint inconsistent.,2025-02-22 15:47:34
tx_2024-01_43067,Cardholder reported unauthorized transaction.,2025-04-24 14:55:02
tx_2024-01_76518,Cardholder reported unauthorized transaction.,2025-02-01 21:04:46
tx_2024-01_42199,Merchant previously linked to fraud ring.,2025-12-02 17:26:23
tx_2024-01_80929,Merchant previously linked to fraud ring.,2025-06-08 23:16:16
tx_2024-01_3776,Cardholder reported unauthorized transaction.,2025-07-21 11:05:08
tx_2024-01_19717,Merchant previously linked to fraud ring.,2025-04-04 08:56:21
tx_2024-01_104970,Merchant previously linked to fraud ring.,2025-01-10 19:26:21
tx_2024-01_69743,Cardholder reported unauthorized transaction.,2025-03-03 06:42:04
tx_2024-01_7045,Cardholder reported unauthorized transaction.,2025-05-09 16:29:35
tx_2024-01_146929,Merchant previously linked to fraud ring.,2025-07-31 18:29:19
tx_2024-01_7789,Device fingerprint inconsistent.,2025-03-28 17:59:39
tx_2024-01_103951,Device fingerprint inconsistent.,2025-02-27 20:19:59
tx_2024-01_123958,Merchant previously linked to fraud ring.,2025-07-13 06:11:26
tx_2024-01_4806,Multiple failed attempts before success.,2025-04-08 00:41:39
tx_2024-01_79049,Multiple failed attempts before success.,2025-02-25 17:16:31
tx_2024-01_4989,Multiple failed attempts before success.,2025-06-02 12:07:45
tx_2024-01_26095,Device fingerprint inconsistent.,2025-11-03 12:07:05
tx_2024-01_136723,Device fingerprint inconsistent.,2025-09-15 22:58:40
tx_2024-01_701,Multiple failed attempts before success.,2025-03-14 17:00:41
tx_2024-01_41162,Multiple failed attempts before success.,2025-05-11 11:02:52
tx_2024-01_43522,Device fingerprint inconsistent.,2025-09-16 12:38:37
tx_2024-01_37658,Multiple failed attempts before success.,2025-10-12 13:59:46
tx_2024-01_40165,Cardholder reported unauthorized transaction.,2025-05-05 02:24:19
tx_2024-01_100553,Multiple failed attempts before success.,2025-03-28 22:07:51
tx_2024-01_113321,Device fingerprint inconsistent.,2025-08-20 01:54:21
tx_2024-01_64127,Device fingerprint inconsistent.,2025-05-21 10:33:28
tx_2024-01_32314,Device fingerprint inconsistent.,2025-05-24 10:35:23
tx_2024-01_100240,Multiple failed attempts before success.,2025-10-24 23:05:32
tx_2024-01_85430,Merchant previously linked to fraud ring.,2025-02-17 15:33:15
tx_2024-01_115097,Device fingerprint inconsistent.,2025-08-11 07:33:00
tx_2024-01_131473,Merchant previously linked to fraud ring.,2025-07-15 11:04:33
tx_2024-01_85987,Multiple failed attempts before success.,2025-07-28 09:09:20
tx_2024-01_147138,Cardholder reported unauthorized transaction.,2025-05-13 20:10:50
tx_2024-01_25387,Device fingerprint inconsistent.,2025-08-29 02:38:43
tx_2024-01_148306,Merchant previously linked to fraud ring.,2025-04-30 01:26:43
tx_2024-01_57732,Cardholder reported unauthorized transaction.,2025-02-27 08:47:14
tx_2024-01_23838,Multiple failed attempts before success.,2025-05-05 21:37:09
tx_2024-01_142788,Multiple failed attempts before success.,2025-09-20 07:24:28
tx_2024-01_97194,Multiple failed attempts before success.,2025-09-12 16:31:30
tx_2024-01_42552,Device fingerprint inconsistent.,2025-08-04 08:09:56
tx_2024-01_35777,Multiple failed attempts before success.,2025-11-02 13:26:34
tx_2024-01_115477,Cardholder reported unauthorized transaction.,2025-01-13 10:41:42
tx_2024-01_87258,Multiple failed attempts before success.,2025-10-29 04:03:27
tx_2024-01_50313,Multiple failed attempts before success.,2025-07-26 05:23:39
tx_2024-01_97843,Merchant previously linked to fraud ring.,2025-04-15 04:54:02
tx_2024-01_61349,Merchant previously linked to fraud ring.,2025-12-05 10:46:10
tx_2024-01_141941,Device fingerprint inconsistent.,2025-02-01 15:10:29
tx_2024-01_6716,Device fingerprint inconsistent.,2025-01-04 14:01:32
tx_2024-01_116700,Multiple failed attempts before success.,2025-10-07 21:36:29
tx_2024-01_22903,Cardholder reported unauthorized transaction.,2025-09-26 23:12:55
tx_2024-01_147286,Merchant previously linked to fraud ring.,2025-06-18 20:24:49
tx_2024-01_86529,Device fingerprint inconsistent.,2025-09-15 17:15:00
tx_2024-01_60158,Cardholder reported unauthorized transaction.,2025-03-27 11:48:08
tx_2024-01_69330,Multiple failed attempts before success.,2025-07-07 12:00:10
tx_2024-01_50753,Device fingerprint inconsistent.,2025-07-26 12:07:37
tx_2024-01_146761,Cardholder reported unauthorized transaction.,2025-02-03 23:15:17
tx_2024-01_54233,Cardholder reported unauthorized transaction.,2025-06-15 04:05:29
tx_2024-01_43542,Multiple failed attempts before success.,2025-11-21 15:54:44
tx_2024-01_91639,Cardholder reported unauthorized transaction.,2025-02-19 15:57:47
tx_2024-01_139311,Device fingerprint inconsistent.,2025-03-06 12:48:52
tx_2024-01_12062,Multiple failed attempts before success.,2025-11-14 08:05:22
tx_2024-01_119791,Device fingerprint inconsistent.,2025-01-14 03:09:28
tx_2024-01_59543,Device fingerprint inconsistent.,2025-03-17 20:56:32
tx_2024-01_122593,Cardholder reported unauthorized transaction.,2025-12-10 01:52:53
tx_2024-01_53476,Cardholder reported unauthorized transaction.,2025-04-14 09:07:56
tx_2024-01_17081,Merchant previously linked to fraud ring.,2025-01-19 00:11:55
tx_2024-01_38485,Device fingerprint inconsistent.,2025-10-04 07:24:54
tx_2024-01_38930,Multiple failed attempts before success.,2025-09-10 19:44:54
tx_2024-01_126861,Device fingerprint inconsistent.,2025-03-17 19:56:34
tx_2024-01_76350,Device fingerprint inconsistent.,2025-08-28 07:32:26
tx_2024-01_124157,Merchant previously linked to fraud ring.,2025-04-25 13:12:34
tx_2024-01_22953,Cardholder reported unauthorized transaction.,2025-02-15 04:30:35
tx_2024-01_144812,Multiple failed attempts before success.,2025-09-16 14:02:13
tx_2024-01_108159,Merchant previously linked to fraud ring.,2025-03-14 17:14:12
tx_2024-01_13924,Device fingerprint inconsistent.,2025-11-07 23:52:46
tx_2024-01_3044,Cardholder reported unauthorized transaction.,2025-06-26 22:45:57
tx_2024-01_58901,Merchant previously linked to fraud ring.,2025-05-18 17:51:37
tx_2024-01_82183,Merchant previously linked to fraud ring.,2025-03-11 03:50:26
tx_2024-01_105491,Device fingerprint inconsistent.,2025-03-07 02:22:07
tx_2024-01_100299,Merchant previously linked to fraud ring.,2025-06-18 03:01:05
tx_2024-01_129116,Cardholder reported unauthorized transaction.,2025-03-19 21:51:59
tx_2024-01_31417,Merchant previously linked to fraud ring.,2025-12-05 00:22:43
tx_2024-01_87384,Device fingerprint inconsistent.,2025-05-03 09:13:08
tx_2024-01_110976,Cardholder reported unauthorized transaction.,2025-12-11 07:33:19
tx_2024-01_86117,Merchant previously linked to fraud ring.,2025-03-03 14:08:07
tx_2024-01_62987,Multiple failed attempts before success.,2025-01-31 11:39:40
tx_2024-01_14182,Multiple failed attempts before success.,2025-11-27 15:50:16
tx_2024-01_144902,Cardholder reported unauthorized transaction.,2025-11-21 00:38:27
tx_2024-01_105203,Merchant previously linked to fraud ring.,2025-09-10 17:17:34
tx_2024-01_86072,Device fingerprint inconsistent.,2025-01-10 09:52:33
tx_2024-01_85011,Device fingerprint inconsistent.,2025-09-12 06:21:03
tx_2024-01_110519,Cardholder reported unauthorized transaction.,2025-09-12 19:05:27
tx_2024-01_35165,Device fingerprint inconsistent.,2025-03-01 00:13:56
tx_2024-01_3619,Device fingerprint inconsistent.,2025-06-01 22:47:10
tx_2024-01_42422,Multiple failed attempts before success.,2025-10-08 04:14:11
tx_2024-01_78840,Device fingerprint inconsistent.,2025-06-14 05:15:45
tx_2024-01_97418,Multiple failed attempts before success.,2025-03-03 08:01:15
tx_2024-01_25517,Merchant previously linked to fraud ring.,2025-09-19 22:18:36
tx_2024-01_123408,Multiple failed attempts before success.,2025-05-17 03:25:57
tx_2024-01_86972,Cardholder reported unauthorized transaction.,2025-05-18 00:57:13
tx_2024-01_146635,Device fingerprint inconsistent.,2025-10-25 13:17:58
tx_2024-01_22125,Device fingerprint inconsistent.,2025-07-12 16:20:37
tx_2024-01_14216,Device fingerprint inconsistent.,2025-03-11 07:21:09
tx_2024-01_144149,Device fingerprint inconsistent.,2025-12-07 12:00:13
tx_2024-01_86466,Multiple failed attempts before success.,2025-10-14 14:42:58
tx_2024-01_144633,Device fingerprint inconsistent.,2025-09-01 10:35:49
tx_2024-01_36925,Cardholder reported unauthorized transaction.,2025-03-30 22:56:31
tx_2024-01_146083,Merchant previously linked to fraud ring.,2025-09-14 22:51:34
tx_2024-01_54445,Multiple failed attempts before success.,2025-01-20 18:31:07
tx_2024-01_89370,Cardholder reported unauthorized transaction.,2025-02-03 03:52:23
tx_2024-01_109824,Multiple failed attempts before success.,2025-04-22 16:28:43
tx_2024-01_84903,Device fingerprint inconsistent.,2025-04-21 05:45:49
tx_2024-01_117029,Multiple failed attempts before success.,2025-12-17 13:49:08
tx_2024-01_106628,Cardholder reported unauthorized transaction.,2025-09-22 23:42:48
tx_2024-01_62532,Merchant previously linked to fraud ring.,2025-09-12 22:54:17
tx_2024-01_8562,Device fingerprint inconsistent.,2025-02-03 06:53:41
tx_2024-01_71509,Cardholder reported unauthorized transaction.,2025-07-01 11:33:34
tx_2024-01_142771,Device fingerprint inconsistent.,2025-10-19 06:38:50
tx_2024-01_93196,Cardholder reported unauthorized transaction.,2025-10-21 12:22:59
tx_2024-01_43113,Merchant previously linked to fraud ring.,2025-07-13 17:06:45
tx_2024-01_71319,Multiple failed attempts before success.,2025-12-02 15:00:02
tx_2024-01_128812,Multiple failed attempts before success.,2025-07-19 17:38:23
tx_2024-01_6589,Device fingerprint inconsistent.,2025-08-25 10:38:12
tx_2024-01_89288,Multiple failed attempts before success.,2025-06-28 23:49:53
tx_2024-01_59179,Cardholder reported unauthorized transaction.,2025-06-22 00:04:51
tx_2024-01_88511,Cardholder reported unauthorized transaction.,2025-05-31 14:03:40
tx_2024-01_44791,Multiple failed attempts before success.,2025-02-26 23:58:43
tx_2024-01_83260,Device fingerprint inconsistent.,2025-06-20 08:40:38
tx_2024-01_12137,Cardholder reported unauthorized transaction.,2025-05-11 15:07:43
tx_2024-01_5454,Merchant previously linked to fraud ring.,2025-02-06 18:22:59
tx_2024-01_122557,Device fingerprint inconsistent.,2025-02-27 21:00:02
tx_2024-01_105121,Device fingerprint inconsistent.,2025-07-16 18:26:30
tx_2024-01_88140,Merchant previously linked to fraud ring.,2025-07-12 10:59:47
tx_2024-01_104131,Device fingerprint inconsistent.,2025-08-19 20:42:40
tx_2024-01_45661,Device fingerprint inconsistent.,2025-12-16 18:33:26
tx_2024-01_9755,Cardholder reported unauthorized transaction.,2025-03-23 17:40:40
tx_2024-01_50113,Device fingerprint inconsistent.,2025-04-30 05:57:08
tx_2024-01_86435,Multiple failed attempts before success.,2025-10-02 18:54:24
tx_2024-01_788,Merchant previously linked to fraud ring.,2025-09-08 02:49:33
tx_2024-01_62842,Cardholder reported unauthorized transaction.,2025-10-04 16:18:21
tx_2024-01_69326,Multiple failed attempts before success.,2025-03-07 07:58:17
tx_2024-01_25663,Merchant previously linked to fraud ring.,2025-04-19 05:15:03
tx_2024-01_19211,Device fingerprint inconsistent.,2025-01-22 10:47:12
tx_2024-01_89231,Cardholder reported unauthorized transaction.,2025-06-13 10:39:05
tx_2024-01_30187,Merchant previously linked to fraud ring.,2025-06-17 10:13:58
tx_2024-01_57410,Multiple failed attempts before success.,2025-05-07 04:55:05
tx_2024-01_69929,Multiple failed attempts before success.,2025-01-11 00:20:39
tx_2024-01_46706,Device fingerprint inconsistent.,2025-11-21 17:14:35
tx_2024-01_36800,Device fingerprint inconsistent.,2025-07-10 15:13:07
tx_2024-01_104865,Merchant previously linked to fraud ring.,2025-10-17 12:47:12
tx_2024-01_72890,Multiple failed attempts before success.,2025-05-06 17:23:59
tx_2024-01_105998,Merchant previously linked to fraud ring.,2025-06-07 20:30:56
tx_2024-01_13485,Multiple failed attempts before success.,2025-07-21 10:00:34
tx_2024-01_147475,Merchant previously linked to fraud ring.,2025-08-07 16:25:49
tx_2024-01_88276,Device fingerprint inconsistent.,2025-03-05 19:38:00
tx_2024-01_19967,Cardholder reported unauthorized transaction.,2025-04-21 20:30:53
tx_2024-01_45941,Merchant previously linked to fraud ring.,2025-06-02 14:34:56
tx_2024-01_3572,Device fingerprint inconsistent.,2025-04-03 14:03:45
tx_2024-01_104705,Device fingerprint inconsistent.,2025-01-01 08:41:54
tx_2024-01_91592,Multiple failed attempts before success.,2025-07-20 15:26:09
tx_2024-01_138749,Merchant previously linked to fraud ring.,2025-11-29 00:41:26
tx_2024-01_47439,Merchant previously linked to fraud ring.,2025-07-11 16:20:48
tx_2024-01_35000,Device fingerprint inconsistent.,2025-07-17 07:59:01
tx_2024-01_16958,Multiple failed attempts before success.,2025-01-11 08:21:10
tx_2024-01_37741,Cardholder reported unauthorized transaction.,2025-07-07 05:45:27
tx_2024-01_48140,Multiple failed attempts before success.,2025-08-26 00:55:16
tx_2024-01_23195,Cardholder reported unauthorized transaction.,2025-10-27 13:14:30
tx_2024-01_181,Device fingerprint inconsistent.,2025-03-07 22:05:57
tx_2024-01_86992,Multiple failed attempts before success.,2025-08-16 17:39:09
tx_2024-01_124032,Merchant previously linked to fraud ring.,2025-08-22 16:10:33
tx_2024-01_1038,Cardholder reported unauthorized transaction.,2025-01-14 06:50:30
tx_2024-01_46296,Multiple failed attempts before success.,2025-06-11 22:15:38
tx_2024-01_91431,Merchant previously linked to fraud ring.,2025-10-01 18:09:55
tx_2024-01_43750,Multiple failed attempts before success.,2025-10-29 02:53:45
tx_2024-01_19892,Merchant previously linked to fraud ring.,2025-09-29 00:54:29
tx_2024-01_135712,Merchant previously linked to fraud ring.,2025-03-06 19:15:33
tx_2024-01_138855,Merchant previously linked to fraud ring.,2025-09-21 06:56:03
tx_2024-01_92506,Multiple failed attempts before success.,2025-04-13 09:42:05
tx_2024-01_138242,Multiple failed attempts before success.,2025-09-10 00:58:30
tx_2024-01_28887,Device fingerprint inconsistent.,2025-01-11 07:29:03
tx_2024-01_98317,Device fingerprint inconsistent.,2025-05-27 13:02:34
tx_2024-01_37144,Multiple failed attempts before success.,2025-07-02 20:14:00
tx_2024-01_13302,Device fingerprint inconsistent.,2025-11-22 05:13:25
tx_2024-01_56100,Merchant previously linked to fraud ring.,2025-08-26 05:46:31
tx_2024-01_131039,Multiple failed attempts before success.,2025-08-18 16:56:49
tx_2024-01_50583,Device fingerprint inconsistent.,2025-12-04 14:54:18
tx_2024-01_98384,Device fingerprint inconsistent.,2025-02-07 13:15:05
tx_2024-01_124817,Merchant previously linked to fraud ring.,2025-12-01 12:03:53
tx_2024-01_136954,Multiple failed attempts before success.,2025-02-17 02:55:47
tx_2024-01_63811,Device fingerprint inconsistent.,2025-11-10 00:29:39
tx_2024-01_12875,Device fingerprint inconsistent.,2025-06-21 16:50:05
tx_2024-01_9577,Multiple failed attempts before success.,2025-06-07 19:52:24
tx_2024-01_131582,Device fingerprint inconsistent.,2025-10-06 18:39:00
tx_2024-01_61921,Merchant previously linked to fraud ring.,2025-05-28 20:49:30
tx_2024-01_71715,Cardholder reported unauthorized transaction.,2025-04-24 00:05:55
tx_2024-01_148833,Merchant previously linked to fraud ring.,2025-08-20 19:38:48
tx_2024-01_125092,Device fingerprint inconsistent.,2025-11-22 06:23:14
tx_2024-01_56387,Cardholder reported unauthorized transaction.,2025-03-28 07:34:59
tx_2024-01_95624,Device fingerprint inconsistent.,2025-10-13 06:38:25
tx_2024-01_142834,Multiple failed attempts before success.,2025-07-30 08:54:34
tx_2024-01_135264,Multiple failed attempts before success.,2025-12-07 14:57:27
tx_2024-01_56726,Cardholder reported unauthorized transaction.,2025-03-06 19:27:14
tx_2024-01_143352,Cardholder reported unauthorized transaction.,2025-02-27 06:53:02
tx_2024-01_36019,Multiple failed attempts before success.,2025-07-18 00:05:44
tx_2024-01_54142,Multiple failed attempts before success.,2025-09-03 23:39:38
tx_2024-01_43053,Multiple failed attempts before success.,2025-05-18 16:24:16
tx_2024-01_113165,Cardholder reported unauthorized transaction.,2025-08-11 22:54:29
tx_2024-01_146757,Cardholder reported unauthorized transaction.,2025-12-18 17:46:57
tx_2024-01_40778,Merchant previously linked to fraud ring.,2025-04-28 17:26:04
tx_2024-01_16626,Merchant previously linked to fraud ring.,2025-09-14 09:58:28
tx_2024-01_147083,Cardholder reported unauthorized transaction.,2025-08-09 13:41:01
tx_2024-01_45204,Cardholder reported unauthorized transaction.,2025-02-11 13:02:48
tx_2024-01_120463,Multiple failed attempts before success.,2025-03-27 22:05:46
tx_2024-01_111919,Merchant previously linked to fraud ring.,2025-07-26 22:52:27
tx_2024-01_12276,Multiple failed attempts before success.,2025-05-14 18:55:22
tx_2024-01_84726,Cardholder reported unauthorized transaction.,2025-01-04 17:28:02
tx_2024-01_69862,Cardholder reported unauthorized transaction.,2025-02-26 13:05:47
tx_2024-01_125751,Device fingerprint inconsistent.,2025-09-06 13:43:07
tx_2024-01_119557,Cardholder reported unauthorized transaction.,2025-04-30 22:53:30
tx_2024-01_30632,Merchant previously linked to fraud ring.,2025-07-11 21:53:48
tx_2024-01_129552,Cardholder reported unauthorized transaction.,2025-05-11 10:34:46
tx_2024-01_11789,Multiple failed attempts before success.,2025-10-20 20:45:52
tx_2024-01_81579,Cardholder reported unauthorized transaction.,2025-05-03 22:55:05
tx_2024-01_120867,Cardholder reported unauthorized transaction.,2025-12-05 18:46:00
tx_2024-01_46922,Device fingerprint inconsistent.,2025-03-02 18:47:23
tx_2024-01_38710,Cardholder reported unauthorized transaction.,2025-08-01 00:42:05
tx_2024-01_253,Multiple failed attempts before success.,2025-11-09 08:16:58
tx_2024-01_147594,Multiple failed attempts before success.,2025-09-12 23:46:32
tx_2024-01_4558,Cardholder reported unauthorized transaction.,2025-09-21 01:14:56
tx_2024-01_6949,Multiple failed attempts before success.,2025-11-28 07:06:20
tx_2024-01_79391,Merchant previously linked to fraud ring.,2025-03-05 07:56:00
tx_2024-01_575,Cardholder reported unauthorized transaction.,2025-07-28 06:53:10
tx_2024-01_147149,Multiple failed attempts before success.,2025-08-01 08:45:33
tx_2024-01_49089,Merchant previously linked to fraud ring.,2025-09-23 16:00:17
tx_2024-01_129027,Merchant previously linked to fraud ring.,2025-05-07 11:51:09
tx_2024-01_90247,Cardholder reported unauthorized transaction.,2025-06-05 17:43:40
tx_2024-01_29558,Merchant previously linked to fraud ring.,2025-05-20 11:44:23
tx_2024-01_120901,Merchant previously linked to fraud ring.,2025-02-15 18:27:06
tx_2024-01_136726,Multiple failed attempts before success.,2025-05-07 20:35:13
tx_2024-01_117517,Multiple failed attempts before success.,2025-02-28 17:58:19
tx_2024-01_92514,Device fingerprint inconsistent.,2025-08-25 08:00:22
tx_2024-01_80984,Cardholder reported unauthorized transaction.,2025-10-11 03:15:15
tx_2024-01_88699,Merchant previously linked to fraud ring.,2025-04-22 01:01:30
tx_2024-01_143547,Multiple failed attempts before success.,2025-04-27 14:33:37
tx_2024-01_20223,Multiple failed attempts before success.,2025-10-28 17:41:42
tx_2024-01_139051,Cardholder reported unauthorized transaction.,2025-11-21 13:38:05
tx_2024-01_3791,Device fingerprint inconsistent.,2025-01-24 02:05:52
tx_2024-01_88500,Multiple failed attempts before success.,2025-05-01 02:54:55
tx_2024-01_112083,Cardholder reported unauthorized transaction.,2025-09-08 09:40:00
tx_2024-01_85278,Merchant previously linked to fraud ring.,2025-08-13 18:16:04
tx_2024-01_43319,Merchant previously linked to fraud ring.,2025-03-31 23:51:37
tx_2024-01_54125,Multiple failed attempts before success.,2025-01-18 08:26:09
tx_2024-01_141017,Merchant previously linked to fraud ring.,2025-01-12 17:21:10
tx_2024-01_32884,Device fingerprint inconsistent.,2025-09-12 13:05:03
tx_2024-01_64081,Device fingerprint inconsistent.,2025-09-03 06:48:43
tx_2024-01_108477,Device fingerprint inconsistent.,2025-06-30 09:05:56
tx_2024-01_72052,Device fingerprint inconsistent.,2025-11-03 22:22:43
tx_2024-01_101272,Merchant previously linked to fraud ring.,2025-10-04 16:23:59
tx_2024-01_143364,Device fingerprint inconsistent.,2025-03-07 08:41:25
tx_2024-01_86656,Multiple failed attempts before success.,2025-12-02 17:28:26
tx_2024-01_110680,Device fingerprint inconsistent.,2025-06-15 13:23:48
tx_2024-01_96040,Cardholder reported unauthorized transaction.,2025-06-22 07:54:06
tx_2024-01_132678,Merchant previously linked to fraud ring.,2025-05-26 05:15:35
tx_2024-01_135894,Device fingerprint inconsistent.,2025-10-28 11:46:05
tx_2024-01_95782,Multiple failed attempts before success.,2025-01-05 12:25:04
tx_2024-01_17790,Merchant previously linked to fraud ring.,2025-10-08 22:42:00
tx_2024-01_128759,Device fingerprint inconsistent.,2025-05-07 23:32:27
tx_2024-01_80585,Cardholder reported unauthorized transaction.,2025-07-06 23:33:01
tx_2024-01_107990,Merchant previously linked to fraud ring.,2025-03-12 10:24:57
tx_2024-01_76074,Merchant previously linked to fraud ring.,2025-04-04 03:44:39
tx_2024-01_149836,Device fingerprint inconsistent.,2025-01-11 16:57:56
tx_2024-01_61031,Merchant previously linked to fraud ring.,2025-09-25 10:31:11
tx_2024-01_124834,Cardholder reported unauthorized transaction.,2025-06-07 13:27:20
tx_2024-01_140450,Cardholder reported unauthorized transaction.,2025-02-26 00:34:12
tx_2024-01_146092,Multiple failed attempts before success.,2025-03-29 18:27:51
tx_2024-01_76556,Device fingerprint inconsistent.,2025-05-06 16:16:22
tx_2024-01_140423,Multiple failed attempts before success.,2025-05-05 06:38:05
tx_2024-01_44405,Device fingerprint inconsistent.,2025-08-30 02:01:46
tx_2024-01_67605,Multiple failed attempts before success.,2025-08-02 20:03:29
tx_2024-01_94971,Cardholder reported unauthorized transaction.,2025-07-25 19:43:21
tx_2024-01_1904,Multiple failed attempts before success.,2025-06-01 02:00:32
tx_2024-01_105182,Multiple failed attempts before success.,2025-03-28 23:23:45
tx_2024-01_134300,Merchant previously linked to fraud ring.,2025-06-13 03:45:06
tx_2024-01_145280,Merchant previously linked to fraud ring.,2025-03-02 13:53:43
tx_2024-01_124773,Device fingerprint inconsistent.,2025-11-08 08:34:22
tx_2024-01_99336,Merchant previously linked to fraud ring.,2025-07-01 17:54:57
tx_2024-01_94717,Cardholder reported unauthorized transaction.,2025-03-08 04:54:27
tx_2024-01_148237,Device fingerprint inconsistent.,2025-11-16 03:46:09
tx_2024-01_62668,Device fingerprint inconsistent.,2025-09-24 01:19:23
tx_2024-01_89592,Cardholder reported unauthorized transaction.,2025-08-10 07:14:35
tx_2024-01_135588,Cardholder reported unauthorized transaction.,2025-03-25 03:11:39
tx_2024-01_63335,Multiple failed attempts before success.,2025-06-04 21:54:07
tx_2024-01_44776,Cardholder reported unauthorized transaction.,2025-03-12 09:27:01
tx_2024-01_716,Merchant previously linked to fraud ring.,2025-04-03 09:24:09
tx_2024-01_107134,Multiple failed attempts before success.,2025-07-01 05:38:50
tx_2024-01_70158,Cardholder reported unauthorized transaction.,2025-04-04 11:31:59
tx_2024-01_110691,Cardholder reported unauthorized transaction.,2025-06-05 00:40:51
tx_2024-01_80714,Multiple failed attempts before success.,2025-02-26 14:34:39
tx_2024-01_114052,Cardholder reported unauthorized transaction.,2025-07-01 04:09:42
tx_2024-01_119850,Merchant previously linked to fraud ring.,2025-09-16 09:31:27
tx_2024-01_66149,Device fingerprint inconsistent.,2025-05-15 17:04:20
tx_2024-01_31222,Cardholder reported unauthorized transaction.,2025-04-05 12:55:57
tx_2024-01_17756,Merchant previously linked to fraud ring.,2025-03-09 03:41:39
tx_2024-01_148035,Merchant previously linked to fraud ring.,2025-08-04 23:31:19
tx_2024-01_104973,Cardholder reported unauthorized transaction.,2025-08-26 05:52:15
tx_2024-01_89790,Merchant previously linked to fraud ring.,2025-07-13 01:43:24
tx_2024-01_94817,Device fingerprint inconsistent.,2025-12-05 06:43:29
tx_2024-01_55326,Device fingerprint inconsistent.,2025-01-23 03:19:16
tx_2024-01_85154,Device fingerprint inconsistent.,2025-06-27 02:23:23
tx_2024-01_25656,Merchant previously linked to fraud ring.,2025-11-30 03:06:22
tx_2024-01_112004,Device fingerprint inconsistent.,2025-01-10 03:31:35
tx_2024-01_14394,Multiple failed attempts before success.,2025-04-02 16:07:01
tx_2024-01_10886,Cardholder reported unauthorized transaction.,2025-04-03 14:56:26
tx_2024-01_105807,Merchant previously linked to fraud ring.,2025-06-16 04:56:54
tx_2024-01_84192,Cardholder reported unauthorized transaction.,2025-07-22 02:50:31
tx_2024-01_31700,Cardholder reported unauthorized transaction.,2025-05-15 06:52:02
tx_2024-01_104486,Device fingerprint inconsistent.,2025-09-17 22:06:31
tx_2024-01_93103,Merchant previously linked to fraud ring.,2025-01-27 11:51:53
tx_2024-01_40628,Device fingerprint inconsistent.,2025-06-20 02:18:14
tx_2024-01_109862,Multiple failed attempts before success.,2025-10-24 03:05:59
tx_2024-01_99640,Multiple failed attempts before success.,2025-04-29 02:05:37
tx_2024-01_39209,Merchant previously linked to fraud ring.,2025-04-16 18:56:50
tx_2024-01_111366,Multiple failed attempts before success.,2025-01-13 04:32:11
tx_2024-01_38700,Cardholder reported unauthorized transaction.,2025-12-12 10:17:56
tx_2024-01_46752,Device fingerprint inconsistent.,2025-02-16 06:01:19
tx_2024-01_52353,Multiple failed attempts before success.,2025-05-07 19:25:17
tx_2024-01_52930,Multiple failed attempts before success.,2025-03-16 00:31:54
tx_2024-01_48413,Cardholder reported unauthorized transaction.,2025-10-27 07:34:28
tx_2024-01_34598,Cardholder reported unauthorized transaction.,2025-12-16 10:51:10
tx_2024-01_56587,Merchant previously linked to fraud ring.,2025-01-11 08:07:37
tx_2024-01_116233,Merchant previously linked to fraud ring.,2025-06-15 16:37:20
tx_2024-01_146235,Device fingerprint inconsistent.,2025-06-08 20:43:32
tx_2024-01_114547,Cardholder reported unauthorized transaction.,2025-10-30 05:10:23
tx_2024-01_79515,Device fingerprint inconsistent.,2025-07-13 19:43:33
tx_2024-01_10984,Merchant previously linked to fraud ring.,2025-11-17 07:20:46
tx_2024-01_29971,Merchant previously linked to fraud ring.,2025-09-25 17:43:04
tx_2024-01_132260,Merchant previously linked to fraud ring.,2025-01-24 13:11:44
tx_2024-01_4816,Multiple failed attempts before success.,2025-04-24 07:42:10
tx_2024-01_104756,Multiple failed attempts before success.,2025-02-03 00:05:58
tx_2024-01_9868,Multiple failed attempts before success.,2025-11-12 04:01:43
tx_2024-01_94205,Merchant previously linked to fraud ring.,2025-06-24 20:31:02
tx_2024-01_60313,Device fingerprint inconsistent.,2025-09-11 01:02:46
tx_2024-01_101779,Multiple failed attempts before success.,2025-12-09 21:33:07
tx_2024-01_83644,Device fingerprint inconsistent.,2025-08-26 10:57:16
tx_2024-01_40868,Cardholder reported unauthorized transaction.,2025-03-31 20:14:16
tx_2024-01_88651,Multiple failed attempts before success.,2025-11-23 09:40:41
tx_2024-01_15702,Merchant previously linked to fraud ring.,2025-06-28 11:12:31
tx_2024-01_92061,Multiple failed attempts before success.,2025-05-22 03:04:40
tx_2024-01_3505,Multiple failed attempts before success.,2025-08-23 04:49:47
tx_2024-01_31346,Cardholder reported unauthorized transaction.,2025-06-29 08:13:59
tx_2024-01_110517,Multiple failed attempts before success.,2025-12-18 10:02:00
tx_2024-01_72191,Multiple failed attempts before success.,2025-10-22 11:16:41
tx_2024-01_75215,Device fingerprint inconsistent.,2025-07-29 12:04:21
tx_2024-01_145542,Multiple failed attempts before success.,2025-10-26 05:13:14
tx_2024-01_55740,Device fingerprint inconsistent.,2025-04-12 04:44:15
tx_2024-01_91539,Multiple failed attempts before success.,2025-12-01 14:19:19
tx_2024-01_115559,Merchant previously linked to fraud ring.,2025-08-13 00:20:05
tx_2024-01_66596,Cardholder reported unauthorized transaction.,2025-11-02 00:37:28
tx_2024-01_99978,Cardholder reported unauthorized transaction.,2025-02-02 03:26:48
tx_2024-01_117431,Multiple failed attempts before success.,2025-10-07 18:24:18
tx_2024-01_87441,Cardholder reported unauthorized transaction.,2025-05-16 00:55:48
tx_2024-01_40512,Merchant previously linked to fraud ring.,2025-08-22 18:02:58
tx_2024-01_130147,Device fingerprint inconsistent.,2025-01-20 09:10:31
tx_2024-01_103944,Device fingerprint inconsistent.,2025-08-16 00:27:10
tx_2024-01_2580,Multiple failed attempts before success.,2025-10-19 14:01:15
tx_2024-01_46192,Merchant previously linked to fraud ring.,2025-11-18 19:22:14
tx_2024-01_118687,Cardholder reported unauthorized transaction.,2025-02-28 12:58:34
tx_2024-01_147607,Cardholder reported unauthorized transaction.,2025-01-18 04:20:33
tx_2024-01_50957,Merchant previously linked to fraud ring.,2025-08-07 09:33:23
tx_2024-01_44066,Merchant previously linked to fraud ring.,2025-07-19 15:40:05
tx_2024-01_72273,Merchant previously linked to fraud ring.,2025-02-06 10:45:05
tx_2024-01_97688,Merchant previously linked to fraud ring.,2025-03-27 05:11:56
tx_2024-01_28344,Device fingerprint inconsistent.,2025-12-12 23:51:45
tx_2024-01_25164,Device fingerprint inconsistent.,2025-04-29 19:44:51
tx_2024-01_125746,Cardholder reported unauthorized transaction.,2025-12-07 09:57:14
tx_2024-01_132613,Multiple failed attempts before success.,2025-11-19 06:56:33
tx_2024-01_23931,Device fingerprint inconsistent.,2025-03-06 07:40:15
tx_2024-01_84085,Device fingerprint inconsistent.,2025-09-26 11:51:42
tx_2024-01_51545,Cardholder reported unauthorized transaction.,2025-05-17 12:22:47
tx_2024-01_30572,Multiple failed attempts before success.,2025-10-21 17:22:20
tx_2024-01_60909,Cardholder reported unauthorized transaction.,2025-12-12 09:52:50
tx_2024-01_3572,Multiple failed attempts before success.,2025-01-09 07:30:51
tx_2024-01_70901,Device fingerprint inconsistent.,2025-04-02 22:09:26
tx_2024-01_66269,Merchant previously linked to fraud ring.,2025-01-13 20:27:57
tx_2024-01_83855,Device fingerprint inconsistent.,2025-08-27 07:34:38
tx_2024-01_5645,Multiple failed attempts before success.,2025-10-16 10:01:11
tx_2024-01_26709,Merchant previously linked to fraud ring.,2025-02-20 23:44:26
tx_2024-01_149366,Multiple failed attempts before success.,2025-04-11 16:00:38
tx_2024-01_19162,Cardholder reported unauthorized transaction.,2025-04-09 19:03:05
tx_2024-01_21875,Cardholder reported unauthorized transaction.,2025-03-25 07:05:34
tx_2024-01_110327,Merchant previously linked to fraud ring.,2025-10-28 12:14:33
tx_2024-01_143866,Merchant previously linked to fraud ring.,2025-10-20 14:14:55
tx_2024-01_93976,Cardholder reported unauthorized transaction.,2025-01-28 05:56:19
tx_2024-01_80364,Cardholder reported unauthorized transaction.,2025-01-23 13:28:20
tx_2024-01_3054,Device fingerprint inconsistent.,2025-01-02 15:54:55
tx_2024-01_87383,Device fingerprint inconsistent.,2025-08-19 22:56:35
tx_2024-01_37052,Cardholder reported unauthorized transaction.,2025-03-29 04:52:03
tx_2024-01_90145,Device fingerprint inconsistent.,2025-09-30 13:17:23
tx_2024-01_50938,Device fingerprint inconsistent.,2025-08-14 12:43:11
tx_2024-01_112350,Multiple failed attempts before success.,2025-09-16 19:58:46
tx_2024-01_107429,Cardholder reported unauthorized transaction.,2025-01-28 11:22:10
tx_2024-01_15977,Device fingerprint inconsistent.,2025-07-27 17:14:16
tx_2024-01_40520,Merchant previously linked to fraud ring.,2025-04-24 00:05:22
tx_2024-01_48880,Merchant previously linked to fraud ring.,2025-07-22 02:50:44
tx_2024-01_33213,Multiple failed attempts before success.,2025-08-06 09:16:41
tx_2024-01_6380,Merchant previously linked to fraud ring.,2025-07-12 16:58:04
tx_2024-01_40289,Multiple failed attempts before success.,2025-06-24 19:53:48
tx_2024-01_143180,Device fingerprint inconsistent.,2025-11-20 13:57:39
tx_2024-01_63098,Device fingerprint inconsistent.,2025-05-15 12:29:22
tx_2024-01_88373,Merchant previously linked to fraud ring.,2025-11-27 23:20:55
tx_2024-01_16807,Device fingerprint inconsistent.,2025-09-16 19:50:57
tx_2024-01_58900,Cardholder reported unauthorized transaction.,2025-02-20 20:35:09
tx_2024-01_10931,Multiple failed attempts before success.,2025-07-31 16:15:39
tx_2024-01_48842,Multiple failed attempts before success.,2025-04-27 01:32:29
tx_2024-01_84899,Merchant previously linked to fraud ring.,2025-11-21 21:55:02
tx_2024-01_71967,Device fingerprint inconsistent.,2025-11-13 05:55:49
tx_2024-01_149838,Merchant previously linked to fraud ring.,2025-08-17 00:56:37
tx_2024-01_15239,Cardholder reported unauthorized transaction.,2025-09-16 05:18:25
tx_2024-01_48242,Cardholder reported unauthorized transaction.,2025-08-23 21:34:14
tx_2024-01_20627,Merchant previously linked to fraud ring.,2025-06-16 00:43:09
tx_2024-01_30588,Cardholder reported unauthorized transaction.,2025-07-09 13:43:29
tx_2024-01_43689,Multiple failed attempts before success.,2025-02-22 21:15:50
tx_2024-01_19574,Cardholder reported unauthorized transaction.,2025-12-01 19:52:12
tx_2024-01_68807,Merchant previously linked to fraud ring.,2025-05-27 16:59:27
tx_2024-01_96583,Multiple failed attempts before success.,2025-07-20 05:49:31
tx_2024-01_701,Multiple failed attempts before success.,2025-03-23 03:42:28
tx_2024-01_144485,Cardholder reported unauthorized transaction.,2025-09-02 03:05:07
tx_2024-01_53522,Device fingerprint inconsistent.,2025-05-06 19:46:37
tx_2024-01_55949,Device fingerprint inconsistent.,2025-10-08 22:57:47
tx_2024-01_136162,Device fingerprint inconsistent.,2025-10-12 07:52:33
tx_2024-01_141948,Multiple failed attempts before success.,2025-12-19 14:03:44
tx_2024-01_82775,Cardholder reported unauthorized transaction.,2025-08-07 05:14:40
tx_2024-01_2838,Merchant previously linked to fraud ring.,2025-05-17 09:04:27
tx_2024-01_140460,Cardholder reported unauthorized transaction.,2025-02-18 17:54:38
tx_2024-01_119837,Multiple failed attempts before success.,2025-10-12 22:02:52
tx_2024-01_100572,Cardholder reported unauthorized transaction.,2025-03-13 01:08:15
tx_2024-01_88780,Device fingerprint inconsistent.,2025-01-25 03:53:45
tx_2024-01_144474,Cardholder reported unauthorized transaction.,2025-11-08 00:09:05
tx_2024-01_79971,Merchant previously linked to fraud ring.,2025-01-02 10:51:50
tx_2024-01_129237,Device fingerprint inconsistent.,2025-06-13 22:17:28
tx_2024-01_8716,Cardholder reported unauthorized transaction.,2025-10-03 19:22:45
tx_2024-01_25100,Cardholder reported unauthorized transaction.,2025-04-06 05:11:28
tx_2024-01_21326,Multiple failed attempts before success.,2025-04-13 09:05:11
tx_2024-01_92742,Multiple failed attempts before success.,2025-05-12 04:01:11
tx_2024-01_59370,Merchant previously linked to fraud ring.,2025-06-07 03:18:35
tx_2024-01_29012,Multiple failed attempts before success.,2025-07-15 08:25:13
tx_2024-01_68689,Device fingerprint inconsistent.,2025-03-14 00:21:22
tx_2024-01_127777,Merchant previously linked to fraud ring.,2025-03-20 13:24:17
tx_2024-01_90315,Multiple failed attempts before success.,2025-04-08 17:05:51
tx_2024-01_147117,Merchant previously linked to fraud ring.,2025-03-18 13:58:28
tx_2024-01_100744,Cardholder reported unauthorized transaction.,2025-12-09 23:59:43
tx_2024-01_37753,Multiple failed attempts before success.,2025-09-27 10:11:34
tx_2024-01_66904,Cardholder reported unauthorized transaction.,2025-10-01 12:43:58
tx_2024-01_12894,Merchant previously linked to fraud ring.,2025-05-23 09:45:11
tx_2024-01_130270,Multiple failed attempts before success.,2025-05-08 02:06:54
tx_2024-01_70805,Device fingerprint inconsistent.,2025-06-20 22:46:15
tx_2024-01_75885,Device fingerprint inconsistent.,2025-04-09 21:03:47
tx_2024-01_37336,Merchant previously linked to fraud ring.,2025-03-31 12:48:13
tx_2024-01_5416,Cardholder reported unauthorized transaction.,2025-11-23 12:24:57
tx_2024-01_78318,Merchant previously linked to fraud ring.,2025-08-31 22:55:57
tx_2024-01_17610,Multiple failed attempts before success.,2025-06-09 06:32:11
tx_2024-01_11972,Multiple failed attempts before success.,2025-01-20 07:51:54
tx_2024-01_109980,Device fingerprint inconsistent.,2025-04-28 13:54:15
tx_2024-01_92865,Device fingerprint inconsistent.,2025-01-22 11:11:56
tx_2024-01_52970,Cardholder reported unauthorized transaction.,2025-10-15 22:30:40
tx_2024-01_26037,Cardholder reported unauthorized transaction.,2025-11-11 00:57:27
tx_2024-01_130785,Multiple failed attempts before success.,2025-08-13 09:34:54
tx_2024-01_131715,Cardholder reported unauthorized transaction.,2025-03-29 21:51:00
tx_2024-01_66390,Multiple failed attempts before success.,2025-03-25 12:23:22
tx_2024-01_15411,Cardholder reported unauthorized transaction.,2025-01-06 15:41:53
tx_2024-01_39176,Cardholder reported unauthorized transaction.,2025-10-02 01:15:23
tx_2024-01_36409,Device fingerprint inconsistent.,2025-10-04 00:17:26
tx_2024-01_22978,Cardholder reported unauthorized transaction.,2025-05-02 10:44:50
tx_2024-01_9043,Multiple failed attempts before success.,2025-05-03 19:05:00
tx_2024-01_138895,Cardholder reported unauthorized transaction.,2025-08-09 23:29:32
tx_2024-01_79223,Merchant previously linked to fraud ring.,2025-10-15 19:47:25
tx_2024-01_116357,Multiple failed attempts before success.,2025-07-14 12:43:42
tx_2024-01_102530,Cardholder reported unauthorized transaction.,2025-11-02 04:31:05
tx_2024-01_86251,Cardholder reported unauthorized transaction.,2025-11-03 15:37:25
tx_2024-01_3018,Merchant previously linked to fraud ring.,2025-02-28 01:05:57
tx_2024-01_23666,Cardholder reported unauthorized transaction.,2025-04-11 02:26:50
tx_2024-01_44888,Device fingerprint inconsistent.,2025-04-25 20:57:25
tx_2024-01_40828,Multiple failed attempts before success.,2025-05-13 23:48:18
tx_2024-01_121683,Merchant previously linked to fraud ring.,2025-08-26 06:27:07
tx_2024-01_64948,Merchant previously linked to fraud ring.,2025-10-03 03:53:15
tx_2024-01_25936,Merchant previously linked to fraud ring.,2025-12-07 18:42:10
tx_2024-01_126176,Multiple failed attempts before success.,2025-05-19 16:23:12
tx_2024-01_68855,Device fingerprint inconsistent.,2025-12-14 17:10:05
tx_2024-01_99214,Multiple failed attempts before success.,2025-10-12 16:02:49
tx_2024-01_38544,Multiple failed attempts before success.,2025-11-02 06:48:42
tx_2024-01_35561,Merchant previously linked to fraud ring.,2025-12-15 04:39:51
tx_2024-01_95642,Multiple failed attempts before success.,2025-02-21 17:22:16
tx_2024-01_111153,Device fingerprint inconsistent.,2025-11-24 23:00:08
tx_2024-01_82056,Multiple failed attempts before success.,2025-09-20 02:34:46
tx_2024-01_113486,Cardholder reported unauthorized transaction.,2025-04-17 06:43:18
tx_2024-01_103497,Device fingerprint inconsistent.,2025-11-14 03:29:20
tx_2024-01_140834,Merchant previously linked to fraud ring.,2025-05-08 22:37:41
tx_2024-01_105717,Cardholder reported unauthorized transaction.,2025-09-19 19:22:57
tx_2024-01_123806,Multiple failed attempts before success.,2025-12-04 21:22:30
tx_2024-01_33335,Device fingerprint inconsistent.,2025-12-10 15:38:51
tx_2024-01_125447,Multiple failed attempts before success.,2025-02-26 08:38:23
tx_2024-01_107352,Cardholder reported unauthorized transaction.,2025-03-02 09:53:16
tx_2024-01_67307,Device fingerprint inconsistent.,2025-11-29 10:55:10
tx_2024-01_145886,Merchant previously linked to fraud ring.,2025-08-04 20:27:36
tx_2024-01_32723,Device fingerprint inconsistent.,2025-11-26 19:54:34
tx_2024-01_74257,Multiple failed attempts before success.,2025-11-09 11:18:26
tx_2024-01_79265,Merchant previously linked to fraud ring.,2025-01-30 11:55:04
tx_2024-01_86673,Multiple failed attempts before success.,2025-06-05 21:33:31
tx_2024-01_149252,Device fingerprint inconsistent.,2025-03-13 11:37:48
tx_2024-01_127897,Merchant previously linked to fraud ring.,2025-02-01 18:28:03
tx_2024-01_37299,Device fingerprint inconsistent.,2025-04-21 23:18:52
tx_2024-01_105208,Multiple failed attempts before success.,2025-06-21 22:31:55
tx_2024-01_48660,Merchant previously linked to fraud ring.,2025-11-03 15:06:59
tx_2024-01_143452,Merchant previously linked to fraud ring.,2025-11-30 19:53:50
tx_2024-01_48330,Merchant previously linked to fraud ring.,2025-02-18 20:00:41
tx_2024-01_55815,Cardholder reported unauthorized transaction.,2025-02-02 23:19:17
tx_2024-01_108149,Cardholder reported unauthorized transaction.,2025-09-05 18:03:21
tx_2024-01_91785,Device fingerprint inconsistent.,2025-12-04 09:36:43
tx_2024-01_122224,Device fingerprint inconsistent.,2025-10-16 09:54:24
tx_2024-01_67045,Multiple failed attempts before success.,2025-01-12 04:25:26
tx_2024-01_19803,Merchant previously linked to fraud ring.,2025-09-04 02:59:49
tx_2024-01_134053,Merchant previously linked to fraud ring.,2025-06-03 01:20:53
tx_2024-01_30067,Cardholder reported unauthorized transaction.,2025-03-11 07:04:48
tx_2024-01_69647,Multiple failed attempts before success.,2025-07-03 11:32:27
tx_2024-01_37619,Merchant previously linked to fraud ring.,2025-07-31 06:48:21
tx_2024-01_58390,Device fingerprint inconsistent.,2025-12-02 21:55:56
tx_2024-01_67319,Cardholder reported unauthorized transaction.,2025-01-02 14:32:19
tx_2024-01_88756,Cardholder reported unauthorized transaction.,2025-05-06 08:29:20
tx_2024-01_109455,Cardholder reported unauthorized transaction.,2025-07-08 02:10:57
tx_2024-01_4445,Device fingerprint inconsistent.,2025-05-03 05:24:57
tx_2024-01_126877,Device fingerprint inconsistent.,2025-10-17 08:47:14
tx_2024-01_39091,Device fingerprint inconsistent.,2025-01-31 19:21:33
tx_2024-01_140728,Cardholder reported unauthorized transaction.,2025-09-29 08:41:28
tx_2024-01_51425,Multiple failed attempts before success.,2025-02-14 01:28:44
tx_2024-01_111404,Merchant previously linked to fraud ring.,2025-12-11 01:40:39
tx_2024-01_76791,Multiple failed attempts before success.,2025-08-09 03:36:46
tx_2024-01_34236,Multiple failed attempts before success.,2025-11-17 19:07:16
tx_2024-01_39864,Merchant previously linked to fraud ring.,2025-06-09 18:29:35
tx_2024-01_110399,Merchant previously linked to fraud ring.,2025-01-26 04:55:29
tx_2024-01_32976,Device fingerprint inconsistent.,2025-10-23 21:37:22
tx_2024-01_66979,Merchant previously linked to fraud ring.,2025-11-01 19:02:09
tx_2024-01_4284,Cardholder reported unauthorized transaction.,2025-01-09 20:40:16
tx_2024-01_84653,Multiple failed attempts before success.,2025-10-12 02:11:54
tx_2024-01_95022,Cardholder reported unauthorized transaction.,2025-01-02 06:04:19
tx_2024-01_118737,Merchant previously linked to fraud ring.,2025-09-04 19:29:56
tx_2024-01_74201,Device fingerprint inconsistent.,2025-12-10 04:17:16
tx_2024-01_109987,Multiple failed attempts before success.,2025-03-16 09:03:02
tx_2024-01_92746,Cardholder reported unauthorized transaction.,2025-10-27 21:18:54
tx_2024-01_21224,Merchant previously linked to fraud ring.,2025-02-18 04:53:05
tx_2024-01_128101,Cardholder reported unauthorized transaction.,2025-01-19 05:08:36
tx_2024-01_93631,Device fingerprint inconsistent.,2025-01-05 11:40:51
tx_2024-01_45781,Multiple failed attempts before success.,2025-03-25 20:38:37
tx_2024-01_17017,Cardholder reported unauthorized transaction.,2025-02-18 21:10:09
tx_2024-01_105768,Merchant previously linked to fraud ring.,2025-04-05 16:55:56
tx_2024-01_16210,Merchant previously linked to fraud ring.,2025-08-10 12:49:58
tx_2024-01_90935,Device fingerprint inconsistent.,2025-02-18 17:46:36
tx_2024-01_77744,Device fingerprint inconsistent.,2025-01-06 08:02:40
tx_2024-01_72379,Cardholder reported unauthorized transaction.,2025-09-18 02:20:46
tx_2024-01_25191,Cardholder reported unauthorized transaction.,2025-03-30 01:07:31
tx_2024-01_28519,Merchant previously linked to fraud ring.,2025-08-09 22:01:45
tx_2024-01_144046,Device fingerprint inconsistent.,2025-11-03 09:34:45
tx_2024-01_8415,Cardholder reported unauthorized transaction.,2025-01-09 19:26:14
tx_2024-01_75398,Multiple failed attempts before success.,2025-10-27 14:55:25
tx_2024-01_70798,Device fingerprint inconsistent.,2025-01-08 08:41:54
tx_2024-01_62000,Device fingerprint inconsistent.,2025-10-30 04:31:54
tx_2024-01_86814,Merchant previously linked to fraud ring.,2025-03-31 04:25:46
tx_2024-01_127963,Cardholder reported unauthorized transaction.,2025-03-20 22:07:26
tx_2024-01_117120,Merchant previously linked to fraud ring.,2025-04-02 19:52:56
tx_2024-01_77512,Merchant previously linked to fraud ring.,2025-11-03 12:44:01
tx_2024-01_111891,Merchant previously linked to fraud ring.,2025-08-28 11:15:48
tx_2024-01_47368,Multiple failed attempts before success.,2025-11-04 07:31:05
tx_2024-01_110439,Merchant previously linked to fraud ring.,2025-07-21 04:56:56
tx_2024-01_117752,Cardholder reported unauthorized transaction.,2025-12-16 03:59:29
tx_2024-01_8660,Multiple failed attempts before success.,2025-07-14 07:21:58
tx_2024-01_119311,Multiple failed attempts before success.,2025-05-15 05:36:46
tx_2024-01_140803,Multiple failed attempts before success.,2025-04-01 12:32:56
tx_2024-01_47810,Cardholder reported unauthorized transaction.,2025-02-10 19:57:17
tx_2024-01_147595,Device fingerprint inconsistent.,2025-11-24 05:27:26
tx_2024-01_70570,Multiple failed attempts before success.,2025-11-27 10:47:44
tx_2024-01_113408,Cardholder reported unauthorized transaction.,2025-08-10 08:03:33
tx_2024-01_34002,Device fingerprint inconsistent.,2025-10-20 09:35:02
tx_2024-01_95743,Multiple failed attempts before success.,2025-11-19 00:31:14
tx_2024-01_99421,Cardholder reported unauthorized transaction.,2025-06-04 18:50:03
tx_2024-01_43183,Device fingerprint inconsistent.,2025-01-06 05:08:20
tx_2024-01_69981,Multiple failed attempts before success.,2025-04-25 05:37:18
tx_2024-01_114025,Merchant previously linked to fraud ring.,2025-11-17 05:11:12
tx_2024-01_76024,Multiple failed attempts before success.,2025-03-15 03:03:20
tx_2024-01_97144,Merchant previously linked to fraud ring.,2025-08-01 19:05:24
tx_2024-01_111912,Cardholder reported unauthorized transaction.,2025-11-21 14:02:31
tx_2024-01_107397,Cardholder reported unauthorized transaction.,2025-11-07 03:25:56
tx_2024-01_108934,Cardholder reported unauthorized transaction.,2025-06-09 21:00:31
tx_2024-01_29378,Multiple failed attempts before success.,2025-08-18 14:10:44
tx_2024-01_4926,Device fingerprint inconsistent.,2025-02-25 03:05:43
tx_2024-01_59841,Merchant previously linked to fraud ring.,2025-03-20 17:56:58
tx_2024-01_555,Multiple failed attempts before success.,2025-06-11 12:18:20
tx_2024-01_2156,Multiple failed attempts before success.,2025-04-25 19:37:28
tx_2024-01_50245,Cardholder reported unauthorized transaction.,2025-03-08 20:30:28
tx_2024-01_123329,Merchant previously linked to fraud ring.,2025-04-23 07:55:38
tx_2024-01_121286,Cardholder reported unauthorized transaction.,2025-09-27 14:47:44
tx_2024-01_56265,Device fingerprint inconsistent.,2025-08-10 13:52:51
tx_2024-01_78477,Multiple failed attempts before success.,2025-10-28 18:11:30
tx_2024-01_15412,Device fingerprint inconsistent.,2025-05-20 13:16:34
tx_2024-01_6517,Multiple failed attempts before success.,2025-08-19 17:24:32
tx_2024-01_116305,Multiple failed attempts before success.,2025-11-07 20:27:48
tx_2024-01_67900,Cardholder reported unauthorized transaction.,2025-10-16 21:32:45
tx_2024-01_33107,Multiple failed attempts before success.,2025-11-05 16:50:49
tx_2024-01_68082,Multiple failed attempts before success.,2025-04-02 12:03:41
tx_2024-01_147337,Merchant previously linked to fraud ring.,2025-09-14 01:06:13
tx_2024-01_33280,Merchant previously linked to fraud ring.,2025-10-17 01:06:56
tx_2024-01_33608,Cardholder reported unauthorized transaction.,2025-02-12 16:58:51
tx_2024-01_71447,Multiple failed attempts before success.,2025-09-01 10:05:39
tx_2024-01_79370,Merchant previously linked to fraud ring.,2025-03-14 06:11:04
tx_2024-01_58550,Merchant previously linked to fraud ring.,2025-01-21 06:05:49
tx_2024-01_137253,Merchant previously linked to fraud ring.,2025-07-19 04:38:41
tx_2024-01_105525,Merchant previously linked to fraud ring.,2025-04-27 04:47:46
tx_2024-01_149838,Cardholder reported unauthorized transaction.,2025-03-24 01:46:12
tx_2024-01_15195,Cardholder reported unauthorized transaction.,2025-06-18 17:25:41
tx_2024-01_64644,Merchant previously linked to fraud ring.,2025-02-19 22:55:20
tx_2024-01_67748,Cardholder reported unauthorized transaction.,2025-01-20 10:32:51
tx_2024-01_128558,Cardholder reported unauthorized transaction.,2025-10-30 19:36:00
tx_2024-01_138495,Device fingerprint inconsistent.,2025-07-25 10:23:34
tx_2024-01_54734,Multiple failed attempts before success.,2025-05-08 07:30:00
tx_2024-01_2197,Merchant previously linked to fraud ring.,2025-02-14 09:29:51
tx_2024-01_92413,Multiple failed attempts before success.,2025-02-13 14:44:39
tx_2024-01_69432,Multiple failed attempts before success.,2025-01-23 01:16:31
tx_2024-01_146553,Device fingerprint inconsistent.,2025-08-07 15:31:32
tx_2024-01_133213,Merchant previously linked to fraud ring.,2025-02-16 17:47:39
tx_2024-01_104339,Cardholder reported unauthorized transaction.,2025-08-05 19:56:35
tx_2024-01_55791,Device fingerprint inconsistent.,2025-01-14 02:16:44
tx_2024-01_13753,Cardholder reported unauthorized transaction.,2025-03-04 14:34:03
tx_2024-01_39282,Merchant previously linked to fraud ring.,2025-06-13 06:54:21
tx_2024-01_30102,Multiple failed attempts before success.,2025-06-15 23:47:42
tx_2024-01_123805,Multiple failed attempts before success.,2025-02-22 21:45:10
tx_2024-01_57642,Device fingerprint inconsistent.,2025-09-13 07:21:46
tx_2024-01_146271,Cardholder reported unauthorized transaction.,2025-08-06 03:11:35
tx_2024-01_94321,Multiple failed attempts before success.,2025-08-26 15:02:34
tx_2024-01_130967,Merchant previously linked to fraud ring.,2025-05-30 14:08:13
tx_2024-01_60656,Multiple failed attempts before success.,2025-03-19 09:02:41
tx_2024-01_137873,Multiple failed attempts before success.,2025-03-04 08:14:20
tx_2024-01_122411,Cardholder reported unauthorized transaction.,2025-01-22 12:44:30
tx_2024-01_117853,Cardholder reported unauthorized transaction.,2025-06-25 02:06:53
tx_2024-01_142620,Device fingerprint inconsistent.,2025-08-22 09:12:54
tx_2024-01_73022,Cardholder reported unauthorized transaction.,2025-04-09 19:52:26
tx_2024-01_130532,Multiple failed attempts before success.,2025-12-02 07:00:54
tx_2024-01_145978,Merchant previously linked to fraud ring.,2025-09-11 11:07:28
tx_2024-01_15566,Multiple failed attempts before success.,2025-05-27 15:13:35
tx_2024-01_65656,Device fingerprint inconsistent.,2025-03-16 01:08:37
tx_2024-01_137266,Device fingerprint inconsistent.,2025-01-21 11:59:15
tx_2024-01_728,Merchant previously linked to fraud ring.,2025-09-03 16:19:03
tx_2024-01_106108,Multiple failed attempts before success.,2025-11-29 05:00:42
tx_2024-01_149639,Merchant previously linked to fraud ring.,2025-04-20 05:44:54
tx_2024-01_115367,Multiple failed attempts before success.,2025-01-18 14:24:11
tx_2024-01_119721,Cardholder reported unauthorized transaction.,2025-11-11 15:47:57
tx_2024-01_138224,Multiple failed attempts before success.,2025-04-08 02:22:42
tx_2024-01_52596,Multiple failed attempts before success.,2025-11-15 22:55:43
tx_2024-01_143297,Cardholder reported unauthorized transaction.,2025-11-27 23:28:28
tx_2024-01_138416,Cardholder reported unauthorized transaction.,2025-08-29 14:38:56
tx_2024-01_40560,Multiple failed attempts before success.,2025-04-05 15:41:47
tx_2024-01_64902,Cardholder reported unauthorized transaction.,2025-09-24 23:04:55
tx_2024-01_124513,Device fingerprint inconsistent.,2025-04-25 17:20:44
tx_2024-01_27732,Merchant previously linked to fraud ring.,2025-10-06 14:48:34
tx_2024-01_11680,Merchant previously linked to fraud ring.,2025-05-17 16:32:32
tx_2024-01_60204,Cardholder reported unauthorized transaction.,2025-08-27 07:24:39
tx_2024-01_86247,Cardholder reported unauthorized transaction.,2025-10-20 19:09:09
tx_2024-01_33572,Device fingerprint inconsistent.,2025-03-27 04:58:06
tx_2024-01_138693,Multiple failed attempts before success.,2025-01-02 10:24:23
tx_2024-01_4225,Cardholder reported unauthorized transaction.,2025-05-30 21:51:07
tx_2024-01_62632,Multiple failed attempts before success.,2025-01-24 08:57:39
tx_2024-01_75506,Merchant previously linked to fraud ring.,2025-08-12 06:49:09
tx_2024-01_9512,Device fingerprint inconsistent.,2025-09-27 00:47:57
tx_2024-01_111549,Multiple failed attempts before success.,2025-08-27 09:18:59
tx_2024-01_9774,Multiple failed attempts before success.,2025-02-25 20:35:18
tx_2024-01_121580,Device fingerprint inconsistent.,2025-04-29 23:42:43
tx_2024-01_55938,Merchant previously linked to fraud ring.,2025-06-08 22:15:23
tx_2024-01_75335,Cardholder reported unauthorized transaction.,2025-01-15 04:17:04
tx_2024-01_94519,Merchant previously linked to fraud ring.,2025-03-28 12:16:53
tx_2024-01_98299,Multiple failed attempts before success.,2025-09-09 14:13:44
tx_2024-01_102811,Cardholder reported unauthorized transaction.,2025-11-14 22:33:15
tx_2024-01_44396,Device fingerprint inconsistent.,2025-07-02 21:12:31
tx_2024-01_43408,Device fingerprint inconsistent.,2025-11-10 08:35:54
tx_2024-01_17577,Merchant previously linked to fraud ring.,2025-10-21 17:27:31
tx_2024-01_81236,Device fingerprint inconsistent.,2025-11-23 12:15:52
tx_2024-01_121119,Merchant previously linked to fraud ring.,2025-07-20 17:27:10
tx_2024-01_46124,Cardholder reported unauthorized transaction.,2025-06-05 05:49:01
tx_2024-01_141821,Cardholder reported unauthorized transaction.,2025-03-02 19:44:47
tx_2024-01_37701,Device fingerprint inconsistent.,2025-02-06 18:10:05
tx_2024-01_114816,Cardholder reported unauthorized transaction.,2025-05-27 17:58:37
tx_2024-01_86146,Multiple failed attempts before success.,2025-05-17 10:54:47
tx_2024-01_145999,Multiple failed attempts before success.,2025-07-02 17:10:53
tx_2024-01_37285,Multiple failed attempts before success.,2025-06-19 09:41:13
tx_2024-01_119215,Multiple failed attempts before success.,2025-07-17 23:06:32
tx_2024-01_47330,Device fingerprint inconsistent.,2025-11-08 00:19:07
tx_2024-01_138520,Cardholder reported unauthorized transaction.,2025-04-12 23:36:40
tx_2024-01_23963,Device fingerprint inconsistent.,2025-12-15 13:49:55
tx_2024-01_134989,Multiple failed attempts before success.,2025-07-14 20:38:49
tx_2024-01_102319,Multiple failed attempts before success.,2025-07-25 13:05:20
tx_2024-01_61174,Multiple failed attempts before success.,2025-07-11 15:50:47
tx_2024-01_13589,Device fingerprint inconsistent.,2025-06-25 23:42:13
tx_2024-01_65362,Device fingerprint inconsistent.,2025-07-05 21:17:39
tx_2024-01_46569,Cardholder reported unauthorized transaction.,2025-11-29 07:42:56
tx_2024-01_114841,Multiple failed attempts before success.,2025-02-27 14:03:43
tx_2024-01_115217,Multiple failed attempts before success.,2025-03-24 14:40:02
tx_2024-01_82821,Cardholder reported unauthorized transaction.,2025-10-19 09:57:13
tx_2024-01_26622,Cardholder reported unauthorized transaction.,2025-06-26 23:24:48
tx_2024-01_106507,Merchant previously linked to fraud ring.,2025-06-06 01:08:08
tx_2024-01_34655,Device fingerprint inconsistent.,2025-02-09 03:43:17
tx_2024-01_14637,Merchant previously linked to fraud ring.,2025-09-22 12:09:22
tx_2024-01_40238,Cardholder reported unauthorized transaction.,2025-10-30 08:42:57
tx_2024-01_107915,Merchant previously linked to fraud ring.,2025-08-27 03:28:49
tx_2024-01_38081,Merchant previously linked to fraud ring.,2025-01-25 04:35:10
tx_2024-01_78093,Cardholder reported unauthorized transaction.,2025-12-16 17:52:33
tx_2024-01_9860,Device fingerprint inconsistent.,2025-11-09 05:36:53
tx_2024-01_148970,Cardholder reported unauthorized transaction.,2025-10-17 23:28:21
tx_2024-01_57282,Multiple failed attempts before success.,2025-10-30 09:42:40
tx_2024-01_113641,Merchant previously linked to fraud ring.,2025-10-08 12:13:30
tx_2024-01_128199,Device fingerprint inconsistent.,2025-01-03 09:18:22
tx_2024-01_76413,Multiple failed attempts before success.,2025-06-09 02:04:56
tx_2024-01_126591,Cardholder reported unauthorized transaction.,2025-11-13 21:01:48
tx_2024-01_29019,Merchant previously linked to fraud ring.,2025-07-14 19:47:39
tx_2024-01_19276,Device fingerprint inconsistent.,2025-04-20 00:46:44
tx_2024-01_14650,Merchant previously linked to fraud ring.,2025-02-25 16:09:48
tx_2024-01_88590,Device fingerprint inconsistent.,2025-05-28 04:55:34
tx_2024-01_8279,Device fingerprint inconsistent.,2025-01-31 16:38:47
tx_2024-01_3607,Merchant previously linked to fraud ring.,2025-03-05 11:33:15
tx_2024-01_120840,Merchant previously linked to fraud ring.,2025-04-22 23:55:14
tx_2024-01_48191,Cardholder reported unauthorized transaction.,2025-08-31 14:02:58
tx_2024-01_34219,Device fingerprint inconsistent.,2025-07-24 17:19:19
tx_2024-01_45658,Cardholder reported unauthorized transaction.,2025-04-30 08:08:52
tx_2024-01_39641,Device fingerprint inconsistent.,2025-12-14 16:32:22
tx_2024-01_1771,Cardholder reported unauthorized transaction.,2025-10-30 04:05:48
tx_2024-01_4720,Multiple failed attempts before success.,2025-06-07 05:39:11
tx_2024-01_139997,Merchant previously linked to fraud ring.,2025-06-11 02:03:06
tx_2024-01_3780,Cardholder reported unauthorized transaction.,2025-04-01 05:14:52
tx_2024-01_129126,Multiple failed attempts before success.,2025-05-14 03:01:32
tx_2024-01_29400,Cardholder reported unauthorized transaction.,2025-08-12 21:46:18
tx_2024-01_51549,Device fingerprint inconsistent.,2025-09-07 08:18:56
tx_2024-01_71253,Cardholder reported unauthorized transaction.,2025-09-21 16:25:35
tx_2024-01_121007,Merchant previously linked to fraud ring.,2025-05-22 13:19:10
tx_2024-01_89915,Merchant previously linked to fraud ring.,2025-05-21 06:12:57
tx_2024-01_14504,Multiple failed attempts before success.,2025-04-22 07:31:16
tx_2024-01_108633,Merchant previously linked to fraud ring.,2025-01-29 06:38:53
tx_2024-01_131155,Merchant previously linked to fraud ring.,2025-02-28 14:48:34
tx_2024-01_137807,Device fingerprint inconsistent.,2025-03-18 16:39:13
tx_2024-01_38342,Multiple failed attempts before success.,2025-12-19 04:07:11
tx_2024-01_143248,Cardholder reported unauthorized transaction.,2025-06-28 21:45:08
tx_2024-01_77468,Cardholder reported unauthorized transaction.,2025-01-06 02:37:53
tx_2024-01_84491,Cardholder reported unauthorized transaction.,2025-02-12 09:48:10
tx_2024-01_39390,Merchant previously linked to fraud ring.,2025-08-23 15:38:03
tx_2024-01_27566,Merchant previously linked to fraud ring.,2025-04-02 06:19:42
tx_2024-01_89011,Merchant previously linked to fraud ring.,2025-09-08 01:26:21
tx_2024-01_5908,Multiple failed attempts before success.,2025-05-04 18:40:18
tx_2024-01_47496,Multiple failed attempts before success.,2025-11-01 18:36:47
tx_2024-01_54773,Merchant previously linked to fraud ring.,2025-04-08 10:51:17
tx_2024-01_34073,Device fingerprint inconsistent.,2025-03-07 02:21:45
tx_2024-01_64918,Multiple failed attempts before success.,2025-05-17 06:47:45
tx_2024-01_27433,Cardholder reported unauthorized transaction.,2025-03-19 12:03:34
tx_2024-01_115627,Merchant previously linked to fraud ring.,2025-08-19 18:39:34
tx_2024-01_21556,Cardholder reported unauthorized transaction.,2025-01-14 00:56:40
tx_2024-01_96264,Multiple failed attempts before success.,2025-06-13 13:30:58
tx_2024-01_106596,Merchant previously linked to fraud ring.,2025-04-23 06:28:18
tx_2024-01_128911,Device fingerprint inconsistent.,2025-01-18 04:06:18
tx_2024-01_101868,Cardholder reported unauthorized transaction.,2025-07-05 19:41:20
tx_2024-01_68290,Cardholder reported unauthorized transaction.,2025-04-26 22:10:05
tx_2024-01_100233,Multiple failed attempts before success.,2025-06-01 08:58:25
tx_2024-01_81598,Cardholder reported unauthorized transaction.,2025-05-31 05:12:38
tx_2024-01_147135,Merchant previously linked to fraud ring.,2025-09-02 20:33:05
tx_2024-01_147473,Device fingerprint inconsistent.,2025-01-15 20:47:50
tx_2024-01_15955,Multiple failed attempts before success.,2025-07-16 00:54:40
tx_2024-01_37995,Merchant previously linked to fraud ring.,2025-01-05 19:18:21
tx_2024-01_43480,Cardholder reported unauthorized transaction.,2025-09-28 11:53:40
tx_2024-01_23003,Cardholder reported unauthorized transaction.,2025-02-24 21:51:00
tx_2024-01_112247,Merchant previously linked to fraud ring.,2025-01-26 15:54:18
tx_2024-01_23648,Device fingerprint inconsistent.,2025-08-09 19:56:05
tx_2024-01_10596,Multiple failed attempts before success.,2025-03-09 04:41:49
tx_2024-01_133622,Device fingerprint inconsistent.,2025-09-18 08:00:06
tx_2024-01_97150,Device fingerprint inconsistent.,2025-04-02 07:55:36
tx_2024-01_29478,Merchant previously linked to fraud ring.,2025-02-06 04:57:52
tx_2024-01_23421,Cardholder reported unauthorized transaction.,2025-02-01 00:42:02
tx_2024-01_40403,Merchant previously linked to fraud ring.,2025-04-15 05:10:33
tx_2024-01_5051,Multiple failed attempts before success.,2025-02-02 05:08:07
tx_2024-01_44302,Multiple failed attempts before success.,2025-08-04 04:58:48
tx_2024-01_76157,Multiple failed attempts before success.,2025-12-03 17:06:59
tx_2024-01_29572,Device fingerprint inconsistent.,2025-07-07 04:19:11
tx_2024-01_65442,Device fingerprint inconsistent.,2025-01-07 17:51:07
tx_2024-01_89821,Multiple failed attempts before success.,2025-08-27 18:23:57
tx_2024-01_119491,Cardholder reported unauthorized transaction.,2025-10-15 00:26:32
tx_2024-01_42177,Multiple failed attempts before success.,2025-09-15 02:48:08
tx_2024-01_125961,Multiple failed attempts before success.,2025-07-18 10:10:16
tx_2024-01_102979,Merchant previously linked to fraud ring.,2025-08-22 00:28:08
tx_2024-01_10044,Cardholder reported unauthorized transaction.,2025-01-03 14:42:22
tx_2024-01_24394,Merchant previously linked to fraud ring.,2025-04-08 19:58:08
tx_2024-01_110718,Device fingerprint inconsistent.,2025-01-22 03:38:46
tx_2024-01_26011,Multiple failed attempts before success.,2025-03-03 06:43:08
tx_2024-01_11586,Cardholder reported unauthorized transaction.,2025-09-07 14:09:50
tx_2024-01_31161,Device fingerprint inconsistent.,2025-05-08 07:36:21
tx_2024-01_97240,Cardholder reported unauthorized transaction.,2025-04-19 20:35:53
tx_2024-01_121937,Device fingerprint inconsistent.,2025-02-11 06:35:55
tx_2024-01_146522,Merchant previously linked to fraud ring.,2025-02-18 10:52:41
tx_2024-01_66677,Merchant previously linked to fraud ring.,2025-07-10 04:25:16
tx_2024-01_13616,Device fingerprint inconsistent.,2025-11-22 04:34:02
tx_2024-01_121148,Device fingerprint inconsistent.,2025-06-25 02:34:56
tx_2024-01_123044,Multiple failed attempts before success.,2025-08-09 10:46:27
tx_2024-01_102386,Multiple failed attempts before success.,2025-10-18 15:51:58
tx_2024-01_136271,Cardholder reported unauthorized transaction.,2025-03-15 21:31:18
tx_2024-01_144663,Device fingerprint inconsistent.,2025-04-18 09:03:40
tx_2024-01_67279,Device fingerprint inconsistent.,2025-08-16 22:36:14
tx_2024-01_119956,Device fingerprint inconsistent.,2025-08-10 21:13:36
tx_2024-01_36757,Multiple failed attempts before success.,2025-03-20 18:15:11
tx_2024-01_75733,Merchant previously linked to fraud ring.,2025-06-24 02:24:00
tx_2024-01_57404,Cardholder reported unauthorized transaction.,2025-10-13 23:25:15
tx_2024-01_128941,Multiple failed attempts before success.,2025-03-20 09:23:30
tx_2024-01_38080,Cardholder reported unauthorized transaction.,2025-06-07 19:04:08
tx_2024-01_51428,Multiple failed attempts before success.,2025-08-03 08:22:31
tx_2024-01_132853,Device fingerprint inconsistent.,2025-11-24 23:24:07
tx_2024-01_32143,Multiple failed attempts before success.,2025-03-22 05:45:46
tx_2024-01_130732,Device fingerprint inconsistent.,2025-03-27 01:25:54
tx_2024-01_70012,Device fingerprint inconsistent.,2025-11-15 22:36:26
tx_2024-01_74524,Merchant previously linked to fraud ring.,2025-10-24 05:23:43
tx_2024-01_15616,Device fingerprint inconsistent.,2025-07-08 02:50:43
tx_2024-01_14877,Merchant previously linked to fraud ring.,2025-09-15 12:43:14
tx_2024-01_103597,Merchant previously linked to fraud ring.,2025-04-07 20:00:37
tx_2024-01_51096,Multiple failed attempts before success.,2025-07-11 15:49:14
tx_2024-01_42883,Cardholder reported unauthorized transaction.,2025-02-12 18:20:33
tx_2024-01_15367,Multiple failed attempts before success.,2025-11-11 03:34:35
tx_2024-01_87019,Merchant previously linked to fraud ring.,2025-01-26 20:54:42
tx_2024-01_10379,Cardholder reported unauthorized transaction.,2025-04-30 07:30:20
tx_2024-01_133109,Cardholder reported unauthorized transaction.,2025-09-22 02:44:48
tx_2024-01_105058,Device fingerprint inconsistent.,2025-07-17 20:03:00
tx_2024-01_81705,Cardholder reported unauthorized transaction.,2025-04-26 14:28:17
tx_2024-01_26457,Device fingerprint inconsistent.,2025-08-04 00:09:56
tx_2024-01_108454,Cardholder reported unauthorized transaction.,2025-01-18 22:03:12
tx_2024-01_127063,Merchant previously linked to fraud ring.,2025-03-27 11:19:50
tx_2024-01_146434,Cardholder reported unauthorized transaction.,2025-05-30 14:01:19
tx_2024-01_105608,Cardholder reported unauthorized transaction.,2025-06-23 21:18:02
tx_2024-01_11726,Cardholder reported unauthorized transaction.,2025-03-21 22:43:46
tx_2024-01_86549,Cardholder reported unauthorized transaction.,2025-06-24 07:39:13
tx_2024-01_47395,Cardholder reported unauthorized transaction.,2025-07-17 01:54:58
tx_2024-01_147115,Device fingerprint inconsistent.,2025-04-09 11:09:59
tx_2024-01_122417,Multiple failed attempts before success.,2025-03-02 09:06:22
tx_2024-01_142877,Multiple failed attempts before success.,2025-03-02 10:35:12
tx_2024-01_118442,Cardholder reported unauthorized transaction.,2025-11-11 20:49:38
tx_2024-01_106788,Device fingerprint inconsistent.,2025-05-01 11:53:05
tx_2024-01_85983,Merchant previously linked to fraud ring.,2025-06-25 20:54:27
tx_2024-01_92349,Multiple failed attempts before success.,2025-12-06 05:21:52
tx_2024-01_17703,Cardholder reported unauthorized transaction.,2025-03-25 10:15:30
tx_2024-01_29576,Device fingerprint inconsistent.,2025-04-16 22:14:09
tx_2024-01_1786,Merchant previously linked to fraud ring.,2025-10-26 13:29:56
tx_2024-01_90059,Cardholder reported unauthorized transaction.,2025-09-15 16:34:16
tx_2024-01_47735,Device fingerprint inconsistent.,2025-07-11 15:38:32
tx_2024-01_84176,Cardholder reported unauthorized transaction.,2025-11-18 21:32:28
tx_2024-01_134783,Cardholder reported unauthorized transaction.,2025-10-16 22:13:31
tx_2024-01_80637,Cardholder reported unauthorized transaction.,2025-01-10 11:54:33
tx_2024-01_21443,Merchant previously linked to fraud ring.,2025-12-14 12:37:33
tx_2024-01_149567,Merchant previously linked to fraud ring.,2025-06-21 13:59:51
tx_2024-01_19335,Multiple failed attempts before success.,2025-12-06 21:26:43
tx_2024-01_50724,Cardholder reported unauthorized transaction.,2025-02-21 12:05:15
tx_2024-01_81662,Device fingerprint inconsistent.,2025-06-21 21:48:24
tx_2024-01_134787,Device fingerprint inconsistent.,2025-08-31 23:40:17
tx_2024-01_98972,Cardholder reported unauthorized transaction.,2025-10-18 15:58:27
tx_2024-01_47245,Cardholder reported unauthorized transaction.,2025-05-21 08:29:59
tx_2024-01_20855,Multiple failed attempts before success.,2025-10-28 01:05:06
tx_2024-01_65059,Cardholder reported unauthorized transaction.,2025-07-12 21:33:50
tx_2024-01_80049,Device fingerprint inconsistent.,2025-06-22 01:45:37
tx_2024-01_32184,Device fingerprint inconsistent.,2025-03-15 01:31:09
tx_2024-01_81574,Device fingerprint inconsistent.,2025-03-31 01:30:32
tx_2024-01_25639,Device fingerprint inconsistent.,2025-07-19 10:22:39
tx_2024-01_137067,Device fingerprint inconsistent.,2025-11-10 11:55:46
tx_2024-01_128440,Cardholder reported unauthorized transaction.,2025-09-14 22:52:26
tx_2024-01_116128,Device fingerprint inconsistent.,2025-04-26 19:05:48
tx_2024-01_65858,Merchant previously linked to fraud ring.,2025-11-13 08:10:35
tx_2024-01_136373,Cardholder reported unauthorized transaction.,2025-07-30 12:05:26
tx_2024-01_120910,Device fingerprint inconsistent.,2025-03-30 12:48:13
tx_2024-01_143415,Multiple failed attempts before success.,2025-03-29 03:51:32
tx_2024-01_34231,Device fingerprint inconsistent.,2025-01-07 18:19:55
tx_2024-01_31575,Device fingerprint inconsistent.,2025-09-08 10:05:05
tx_2024-01_70639,Device fingerprint inconsistent.,2025-11-02 13:51:28
tx_2024-01_61146,Multiple failed attempts before success.,2025-01-01 20:48:08
tx_2024-01_84341,Merchant previously linked to fraud ring.,2025-08-01 22:52:54
tx_2024-01_86084,Multiple failed attempts before success.,2025-04-16 11:39:36
tx_2024-01_6881,Multiple failed attempts before success.,2025-11-24 04:07:21
tx_2024-01_128828,Merchant previously linked to fraud ring.,2025-12-02 19:30:32
tx_2024-01_140555,Cardholder reported unauthorized transaction.,2025-10-25 21:50:14
tx_2024-01_111635,Cardholder reported unauthorized transaction.,2025-12-12 03:27:28
tx_2024-01_6158,Device fingerprint inconsistent.,2025-05-13 17:41:58
tx_2024-01_115435,Merchant previously linked to fraud ring.,2025-05-13 08:49:38
tx_2024-01_54494,Merchant previously linked to fraud ring.,2025-08-06 11:38:36
tx_2024-01_42640,Multiple failed attempts before success.,2025-04-14 16:23:28
tx_2024-01_53097,Multiple failed attempts before success.,2025-04-28 14:53:41
tx_2024-01_23675,Merchant previously linked to fraud ring.,2025-06-08 07:45:43
tx_2024-01_72133,Multiple failed attempts before success.,2025-06-10 22:58:46
tx_2024-01_120454,Multiple failed attempts before success.,2025-04-21 01:31:06
tx_2024-01_73779,Multiple failed attempts before success.,2025-08-18 12:26:38
tx_2024-01_123508,Merchant previously linked to fraud ring.,2025-11-17 05:41:19
tx_2024-01_142383,Multiple failed attempts before success.,2025-01-29 12:58:33
tx_2024-01_14289,Merchant previously linked to fraud ring.,2025-04-26 15:41:31
tx_2024-01_90871,Multiple failed attempts before success.,2025-04-06 16:31:23
tx_2024-01_97698,Cardholder reported unauthorized transaction.,2025-10-08 07:05:50
tx_2024-01_49043,Multiple failed attempts before success.,2025-03-26 01:09:37
tx_2024-01_38400,Multiple failed attempts before success.,2025-03-16 04:53:03
tx_2024-01_86523,Device fingerprint inconsistent.,2025-11-16 06:28:17
tx_2024-01_23809,Merchant previously linked to fraud ring.,2025-07-07 11:34:52
tx_2024-01_129142,Merchant previously linked to fraud ring.,2025-02-21 22:36:59
tx_2024-01_131951,Cardholder reported unauthorized transaction.,2025-09-19 23:12:18
tx_2024-01_75571,Merchant previously linked to fraud ring.,2025-03-22 15:48:32
tx_2024-01_90290,Cardholder reported unauthorized transaction.,2025-02-25 11:40:17
tx_2024-01_16629,Merchant previously linked to fraud ring.,2025-01-24 15:35:48
tx_2024-01_35162,Merchant previously linked to fraud ring.,2025-07-21 22:17:21
tx_2024-01_1859,Merchant previously linked to fraud ring.,2025-12-09 16:46:02
tx_2024-01_41017,Merchant previously linked to fraud ring.,2025-05-13 04:36:58
tx_2024-01_47080,Device fingerprint inconsistent.,2025-09-24 02:09:03
tx_2024-01_72944,Merchant previously linked to fraud ring.,2025-08-28 22:30:33
tx_2024-01_112450,Cardholder reported unauthorized transaction.,2025-01-08 14:28:47
tx_2024-01_140655,Merchant previously linked to fraud ring.,2025-07-11 21:19:29
tx_2024-01_94790,Cardholder reported unauthorized transaction.,2025-05-23 17:20:30
tx_2024-01_112593,Merchant previously linked to fraud ring.,2025-10-28 12:06:55
tx_2024-01_131060,Device fingerprint inconsistent.,2025-05-19 18:01:16
tx_2024-01_45768,Merchant previously linked to fraud ring.,2025-09-19 10:02:23
tx_2024-01_73944,Device fingerprint inconsistent.,2025-11-08 12:43:37
tx_2024-01_79293,Device fingerprint inconsistent.,2025-07-05 06:33:25
tx_2024-01_104245,Multiple failed attempts before success.,2025-01-03 07:17:08
tx_2024-01_31346,Cardholder reported unauthorized transaction.,2025-01-21 04:19:26
tx_2024-01_129383,Merchant previously linked to fraud ring.,2025-04-16 23:15:58
tx_2024-01_13195,Merchant previously linked to fraud ring.,2025-08-31 08:23:04
tx_2024-01_57061,Merchant previously linked to fraud ring.,2025-05-09 05:51:23
tx_2024-01_47735,Multiple failed attempts before success.,2025-05-28 16:35:36
tx_2024-01_142909,Device fingerprint inconsistent.,2025-08-13 06:31:55
tx_2024-01_1663,Device fingerprint inconsistent.,2025-09-02 09:58:06
tx_2024-01_91972,Multiple failed attempts before success.,2025-05-09 12:36:14
tx_2024-01_131380,Cardholder reported unauthorized transaction.,2025-12-02 02:58:21
tx_2024-01_129459,Device fingerprint inconsistent.,2025-01-12 20:22:50
tx_2024-01_50276,Multiple failed attempts before success.,2025-01-30 21:00:07
tx_2024-01_127579,Multiple failed attempts before success.,2025-04-25 18:54:43
tx_2024-01_100504,Cardholder reported unauthorized transaction.,2025-01-13 15:03:23
tx_2024-01_134213,Multiple failed attempts before success.,2025-05-02 08:32:14
tx_2024-01_41328,Merchant previously linked to fraud ring.,2025-08-14 03:08:52
tx_2024-01_62412,Multiple failed attempts before success.,2025-12-04 06:46:15
tx_2024-01_131563,Device fingerprint inconsistent.,2025-12-08 06:53:20
tx_2024-01_16957,Device fingerprint inconsistent.,2025-12-08 00:44:36
tx_2024-01_17498,Merchant previously linked to fraud ring.,2025-11-09 04:31:04
tx_2024-01_111677,Multiple failed attempts before success.,2025-11-15 08:45:30
tx_2024-01_32121,Merchant previously linked to fraud ring.,2025-03-20 17:23:18
tx_2024-01_129890,Device fingerprint inconsistent.,2025-01-21 03:19:53
tx_2024-01_46872,Device fingerprint inconsistent.,2025-07-01 18:05:54
tx_2024-01_92261,Device fingerprint inconsistent.,2025-02-06 14:11:19
tx_2024-01_87722,Cardholder reported unauthorized transaction.,2025-02-24 13:22:47
tx_2024-01_28277,Device fingerprint inconsistent.,2025-10-10 21:57:48
tx_2024-01_103642,Device fingerprint inconsistent.,2025-05-11 05:02:49
tx_2024-01_104248,Multiple failed attempts before success.,2025-09-11 15:27:41
tx_2024-01_111320,Cardholder reported unauthorized transaction.,2025-03-16 22:23:21
tx_2024-01_90790,Merchant previously linked to fraud ring.,2025-01-15 15:54:28
tx_2024-01_116059,Cardholder reported unauthorized transaction.,2025-07-31 17:42:16
tx_2024-01_147890,Merchant previously linked to fraud ring.,2025-01-16 12:19:59
tx_2024-01_51509,Merchant previously linked to fraud ring.,2025-04-21 05:15:28
tx_2024-01_143436,Cardholder reported unauthorized transaction.,2025-01-23 11:44:47
tx_2024-01_54605,Cardholder reported unauthorized transaction.,2025-07-22 04:50:20
tx_2024-01_54525,Multiple failed attempts before success.,2025-02-18 20:04:36
tx_2024-01_119671,Device fingerprint inconsistent.,2025-05-26 00:55:15
tx_2024-01_58834,Merchant previously linked to fraud ring.,2025-02-23 09:42:38
tx_2024-01_80237,Cardholder reported unauthorized transaction.,2025-08-29 00:02:20
tx_2024-01_98903,Device fingerprint inconsistent.,2025-04-02 15:33:09
tx_2024-01_91980,Device fingerprint inconsistent.,2025-07-14 06:05:55
tx_2024-01_119314,Merchant previously linked to fraud ring.,2025-05-02 14:41:33
tx_2024-01_97788,Cardholder reported unauthorized transaction.,2025-05-12 20:54:21
tx_2024-01_35957,Cardholder reported unauthorized transaction.,2025-01-23 23:51:44
tx_2024-01_33469,Merchant previously linked to fraud ring.,2025-07-20 05:53:03
tx_2024-01_78217,Device fingerprint inconsistent.,2025-10-08 09:46:28
tx_2024-01_124689,Cardholder reported unauthorized transaction.,2025-03-11 09:19:17
tx_2024-01_144908,Merchant previously linked to fraud ring.,2025-09-23 09:03:38
tx_2024-01_4116,Device fingerprint inconsistent.,2025-03-25 17:17:22
tx_2024-01_3977,Multiple failed attempts before success.,2025-08-30 04:34:00
tx_2024-01_96312,Merchant previously linked to fraud ring.,2025-10-24 09:55:27
tx_2024-01_68134,Multiple failed attempts before success.,2025-06-13 05:49:37
tx_2024-01_39674,Multiple failed attempts before success.,2025-01-15 17:24:55
tx_2024-01_112193,Multiple failed attempts before success.,2025-04-17 11:33:03
tx_2024-01_2374,Multiple failed attempts before success.,2025-09-03 04:39:43
tx_2024-01_4581,Multiple failed attempts before success.,2025-06-25 23:20:24
tx_2024-01_45504,Device fingerprint inconsistent.,2025-02-09 19:51:20
tx_2024-01_57782,Device fingerprint inconsistent.,2025-10-31 16:14:01
tx_2024-01_47201,Merchant previously linked to fraud ring.,2025-04-28 07:50:49
tx_2024-01_41525,Merchant previously linked to fraud ring.,2025-02-03 19:46:02
tx_2024-01_33793,Device fingerprint inconsistent.,2025-11-07 01:38:32
tx_2024-01_86424,Merchant previously linked to fraud ring.,2025-12-17 13:24:55
tx_2024-01_26551,Cardholder reported unauthorized transaction.,2025-09-21 04:58:58
tx_2024-01_21452,Merchant previously linked to fraud ring.,2025-06-27 22:11:38
tx_2024-01_106284,Merchant previously linked to fraud ring.,2025-09-13 00:27:34
tx_2024-01_37169,Cardholder reported unauthorized transaction.,2025-10-29 12:49:10
tx_2024-01_16611,Device fingerprint inconsistent.,2025-10-23 19:11:42
tx_2024-01_68153,Merchant previously linked to fraud ring.,2025-02-18 11:57:21
tx_2024-01_115682,Merchant previously linked to fraud ring.,2025-08-12 15:34:02
tx_2024-01_34894,Merchant previously linked to fraud ring.,2025-10-04 01:14:26
tx_2024-01_74603,Merchant previously linked to fraud ring.,2025-09-05 06:06:55
tx_2024-01_103787,Multiple failed attempts before success.,2025-03-29 05:42:24
tx_2024-01_99689,Cardholder reported unauthorized transaction.,2025-06-07 12:42:23
tx_2024-01_81114,Device fingerprint inconsistent.,2025-08-06 15:57:39
tx_2024-01_28628,Cardholder reported unauthorized transaction.,2025-07-28 17:23:36
tx_2024-01_42876,Multiple failed attempts before success.,2025-05-13 00:26:24
tx_2024-01_55826,Cardholder reported unauthorized transaction.,2025-11-30 16:45:51
tx_2024-01_130655,Device fingerprint inconsistent.,2025-07-10 08:46:40
tx_2024-01_53128,Device fingerprint inconsistent.,2025-03-30 13:05:33
tx_2024-01_60891,Device fingerprint inconsistent.,2025-04-09 22:54:42
tx_2024-01_66151,Device fingerprint inconsistent.,2025-02-15 19:20:05
tx_2024-01_94521,Cardholder reported unauthorized transaction.,2025-08-08 11:46:16
tx_2024-01_52542,Cardholder reported unauthorized transaction.,2025-05-20 08:38:00
tx_2024-01_24199,Device fingerprint inconsistent.,2025-10-30 21:55:07
tx_2024-01_130289,Multiple failed attempts before success.,2025-12-02 14:26:17
tx_2024-01_135637,Multiple failed attempts before success.,2025-10-22 12:08:22
tx_2024-01_112781,Device fingerprint inconsistent.,2025-07-23 01:51:10
tx_2024-01_57308,Device fingerprint inconsistent.,2025-02-19 13:40:57
tx_2024-01_82208,Multiple failed attempts before success.,2025-11-30 19:27:22
tx_2024-01_8506,Merchant previously linked to fraud ring.,2025-12-18 20:35:34
tx_2024-01_109083,Multiple failed attempts before success.,2025-05-13 03:37:38
tx_2024-01_9941,Merchant previously linked to fraud ring.,2025-07-01 01:57:41
tx_2024-01_113586,Multiple failed attempts before success.,2025-04-01 11:57:44
tx_2024-01_101542,Multiple failed attempts before success.,2025-06-24 22:32:14
tx_2024-01_5742,Multiple failed attempts before success.,2025-11-25 19:39:21
tx_2024-01_101509,Cardholder reported unauthorized transaction.,2025-06-19 22:02:57
tx_2024-01_14252,Device fingerprint inconsistent.,2025-11-01 20:58:58
tx_2024-01_95691,Device fingerprint inconsistent.,2025-07-27 13:47:07
tx_2024-01_133775,Cardholder reported unauthorized transaction.,2025-10-30 02:30:12
tx_2024-01_35956,Device fingerprint inconsistent.,2025-03-28 03:32:49
tx_2024-01_108259,Device fingerprint inconsistent.,2025-05-23 10:50:18
tx_2024-01_52608,Multiple failed attempts before success.,2025-05-20 00:44:52
tx_2024-01_18814,Cardholder reported unauthorized transaction.,2025-04-16 07:43:10
tx_2024-01_124067,Merchant previously linked to fraud ring.,2025-05-19 22:41:52
tx_2024-01_52048,Merchant previously linked to fraud ring.,2025-12-12 20:29:16
tx_2024-01_123941,Multiple failed attempts before success.,2025-07-29 19:20:08
tx_2024-01_63793,Merchant previously linked to fraud ring.,2025-06-22 14:08:25
tx_2024-01_118122,Merchant previously linked to fraud ring.,2025-05-21 22:53:26
tx_2024-01_89885,Merchant previously linked to fraud ring.,2025-01-16 23:38:56
tx_2024-01_109939,Cardholder reported unauthorized transaction.,2025-03-26 23:49:20
tx_2024-01_72198,Multiple failed attempts before success.,2025-04-07 22:58:14
tx_2024-01_98971,Device fingerprint inconsistent.,2025-09-02 06:00:25
tx_2024-01_13166,Device fingerprint inconsistent.,2025-02-01 05:30:35
tx_2024-01_66174,Cardholder reported unauthorized transaction.,2025-01-18 15:16:39
tx_2024-01_11534,Multiple failed attempts before success.,2025-09-02 02:07:56
tx_2024-01_41032,Merchant previously linked to fraud ring.,2025-04-23 22:47:02
tx_2024-01_61971,Device fingerprint inconsistent.,2025-10-02 01:52:15
tx_2024-01_13129,Multiple failed attempts before success.,2025-11-29 16:27:12
tx_2024-01_37821,Multiple failed attempts before success.,2025-08-14 15:31:27
tx_2024-01_108336,Multiple failed attempts before success.,2025-06-16 20:25:22
tx_2024-01_141121,Multiple failed attempts before success.,2025-11-15 19:35:18
tx_2024-01_12757,Cardholder reported unauthorized transaction.,2025-05-31 13:12:29
tx_2024-01_125883,Multiple failed attempts before success.,2025-07-21 05:20:24
tx_2024-01_116280,Multiple failed attempts before success.,2025-08-19 07:30:49
tx_2024-01_18072,Merchant previously linked to fraud ring.,2025-03-09 21:58:44
tx_2024-01_113763,Device fingerprint inconsistent.,2025-09-13 18:14:04
tx_2024-01_29167,Device fingerprint inconsistent.,2025-08-07 05:44:29
tx_2024-01_130483,Merchant previously linked to fraud ring.,2025-10-21 14:39:15
tx_2024-01_70220,Device fingerprint inconsistent.,2025-02-22 04:45:43
tx_2024-01_92905,Cardholder reported unauthorized transaction.,2025-09-30 01:00:38
tx_2024-01_99593,Merchant previously linked to fraud ring.,2025-03-14 11:17:41
tx_2024-01_50436,Cardholder reported unauthorized transaction.,2025-05-21 03:04:01
tx_2024-01_14145,Multiple failed attempts before success.,2025-08-27 09:21:02
tx_2024-01_115178,Device fingerprint inconsistent.,2025-03-31 07:17:22
tx_2024-01_125496,Merchant previously linked to fraud ring.,2025-08-27 08:36:54
tx_2024-01_109616,Device fingerprint inconsistent.,2025-08-04 09:21:20
tx_2024-01_134108,Device fingerprint inconsistent.,2025-01-03 12:25:13
tx_2024-01_88026,Cardholder reported unauthorized transaction.,2025-07-21 14:21:42
tx_2024-01_121410,Device fingerprint inconsistent.,2025-04-24 19:08:57
tx_2024-01_69253,Multiple failed attempts before success.,2025-10-28 21:18:28
tx_2024-01_90935,Merchant previously linked to fraud ring.,2025-07-04 08:49:54
tx_2024-01_85388,Cardholder reported unauthorized transaction.,2025-08-06 03:26:54
tx_2024-01_10271,Device fingerprint inconsistent.,2025-04-19 23:57:44
tx_2024-01_32451,Device fingerprint inconsistent.,2025-06-08 15:09:01
tx_2024-01_104643,Multiple failed attempts before success.,2025-03-20 03:11:20
tx_2024-01_146067,Cardholder reported unauthorized transaction.,2025-07-22 02:20:14
tx_2024-01_77724,Merchant previously linked to fraud ring.,2025-07-25 16:41:57
tx_2024-01_37645,Device fingerprint inconsistent.,2025-10-02 13:37:40
tx_2024-01_86908,Multiple failed attempts before success.,2025-04-19 03:54:55
tx_2024-01_131473,Multiple failed attempts before success.,2025-06-18 01:01:40
tx_2024-01_114982,Device fingerprint inconsistent.,2025-04-22 17:52:15
tx_2024-01_64659,Merchant previously linked to fraud ring.,2025-11-16 23:24:49
tx_2024-01_79360,Device fingerprint inconsistent.,2025-10-20 12:06:34
tx_2024-01_16840,Cardholder reported unauthorized transaction.,2025-09-06 08:46:38
tx_2024-01_124588,Multiple failed attempts before success.,2025-11-15 20:31:15
tx_2024-01_12323,Device fingerprint inconsistent.,2025-06-19 12:37:32
tx_2024-01_123236,Device fingerprint inconsistent.,2025-07-18 01:04:16
tx_2024-01_37345,Merchant previously linked to fraud ring.,2025-10-31 00:30:59
tx_2024-01_24587,Cardholder reported unauthorized transaction.,2025-03-28 05:24:04
tx_2024-01_29212,Cardholder reported unauthorized transaction.,2025-06-17 10:16:23
tx_2024-01_27373,Multiple failed attempts before success.,2025-10-17 11:21:18
tx_2024-01_143373,Multiple failed attempts before success.,2025-08-12 00:12:20
tx_2024-01_24145,Cardholder reported unauthorized transaction.,2025-05-05 10:05:08
tx_2024-01_38647,Multiple failed attempts before success.,2025-06-24 12:16:29
tx_2024-01_25979,Multiple failed attempts before success.,2025-01-07 05:06:51
tx_2024-01_117307,Multiple failed attempts before success.,2025-05-06 17:42:43
tx_2024-01_137909,Merchant previously linked to fraud ring.,2025-05-13 10:58:08
tx_2024-01_116365,Merchant previously linked to fraud ring.,2025-09-06 11:36:12
tx_2024-01_15793,Merchant previously linked to fraud ring.,2025-10-03 23:39:18
tx_2024-01_48470,Merchant previously linked to fraud ring.,2025-03-08 04:54:26
tx_2024-01_121104,Multiple failed attempts before success.,2025-11-13 09:43:28
tx_2024-01_3335,Cardholder reported unauthorized transaction.,2025-09-20 17:02:04
tx_2024-01_124522,Cardholder reported unauthorized transaction.,2025-03-31 00:10:38
tx_2024-01_140061,Device fingerprint inconsistent.,2025-12-18 21:21:19
tx_2024-01_143,Merchant previously linked to fraud ring.,2025-04-12 12:53:08
tx_2024-01_114281,Device fingerprint inconsistent.,2025-08-02 20:34:13
tx_2024-01_143964,Device fingerprint inconsistent.,2025-01-10 17:18:26
tx_2024-01_35990,Multiple failed attempts before success.,2025-01-24 08:37:50
tx_2024-01_134738,Device fingerprint inconsistent.,2025-11-08 18:51:02
tx_2024-01_115468,Multiple failed attempts before success.,2025-01-07 20:50:38
tx_2024-01_66225,Merchant previously linked to fraud ring.,2025-11-30 21:47:23
tx_2024-01_115834,Device fingerprint inconsistent.,2025-05-13 13:53:54
tx_2024-01_10472,Cardholder reported unauthorized transaction.,2025-05-22 13:17:13
tx_2024-01_78857,Device fingerprint inconsistent.,2025-05-14 10:10:32
tx_2024-01_65772,Multiple failed attempts before success.,2025-05-04 04:49:38
tx_2024-01_100149,Merchant previously linked to fraud ring.,2025-09-29 18:28:43
tx_2024-01_66788,Merchant previously linked to fraud ring.,2025-07-19 20:53:56
tx_2024-01_1290,Cardholder reported unauthorized transaction.,2025-03-02 01:14:12
tx_2024-01_7214,Multiple failed attempts before success.,2025-08-29 15:06:50
tx_2024-01_139812,Merchant previously linked to fraud ring.,2025-12-03 13:55:00
tx_2024-01_123014,Device fingerprint inconsistent.,2025-04-12 02:21:15
tx_2024-01_7546,Device fingerprint inconsistent.,2025-03-20 00:56:50
tx_2024-01_24821,Cardholder reported unauthorized transaction.,2025-09-11 08:48:04
tx_2024-01_30879,Cardholder reported unauthorized transaction.,2025-05-26 19:59:19
tx_2024-01_44900,Merchant previously linked to fraud ring.,2025-11-12 21:51:01
tx_2024-01_115032,Cardholder reported unauthorized transaction.,2025-07-12 03:52:23
tx_2024-01_66732,Cardholder reported unauthorized transaction.,2025-09-02 06:55:56
tx_2024-01_89536,Device fingerprint inconsistent.,2025-12-09 00:34:50
tx_2024-01_93783,Device fingerprint inconsistent.,2025-08-02 14:50:03
tx_2024-01_69509,Multiple failed attempts before success.,2025-06-11 03:29:49
tx_2024-01_114289,Multiple failed attempts before success.,2025-09-04 14:08:54
tx_2024-01_146919,Merchant previously linked to fraud ring.,2025-02-26 22:18:09
tx_2024-01_28377,Cardholder reported unauthorized transaction.,2025-05-31 18:14:02
tx_2024-01_114106,Multiple failed attempts before success.,2025-10-10 19:18:29
tx_2024-01_103813,Merchant previously linked to fraud ring.,2025-02-25 09:54:09
tx_2024-01_58848,Merchant previously linked to fraud ring.,2025-04-21 10:22:05
tx_2024-01_138303,Device fingerprint inconsistent.,2025-08-01 06:59:27
tx_2024-01_17039,Device fingerprint inconsistent.,2025-08-14 10:47:56
tx_2024-01_122476,Multiple failed attempts before success.,2025-06-26 23:40:40
tx_2024-01_122870,Merchant previously linked to fraud ring.,2025-12-19 01:10:16
tx_2024-01_147313,Cardholder reported unauthorized transaction.,2025-12-11 15:13:58
tx_2024-01_68057,Device fingerprint inconsistent.,2025-11-19 19:01:05
tx_2024-01_20699,Cardholder reported unauthorized transaction.,2025-10-14 14:24:55
tx_2024-01_116004,Merchant previously linked to fraud ring.,2025-11-14 01:23:29
tx_2024-01_67018,Device fingerprint inconsistent.,2025-06-16 15:24:37
tx_2024-01_118448,Cardholder reported unauthorized transaction.,2025-11-18 16:35:14
tx_2024-01_116505,Merchant previously linked to fraud ring.,2025-08-03 23:58:53
tx_2024-01_36586,Device fingerprint inconsistent.,2025-08-27 23:50:59
tx_2024-01_52425,Device fingerprint inconsistent.,2025-02-09 15:08:00
tx_2024-01_108281,Device fingerprint inconsistent.,2025-02-05 03:40:40
tx_2024-01_28697,Device fingerprint inconsistent.,2025-03-07 03:19:55
tx_2024-01_37921,Device fingerprint inconsistent.,2025-04-23 05:09:56
tx_2024-01_17627,Device fingerprint inconsistent.,2025-09-12 08:09:27
tx_2024-01_51110,Device fingerprint inconsistent.,2025-06-26 07:51:54
tx_2024-01_105157,Device fingerprint inconsistent.,2025-02-09 03:38:11
tx_2024-01_127069,Device fingerprint inconsistent.,2025-10-19 00:13:39
tx_2024-01_87350,Merchant previously linked to fraud ring.,2025-05-18 07:30:43
tx_2024-01_120809,Device fingerprint inconsistent.,2025-01-22 08:08:40
tx_2024-01_22389,Cardholder reported unauthorized transaction.,2025-04-07 21:01:05
tx_2024-01_17265,Cardholder reported unauthorized transaction.,2025-06-25 20:36:52
tx_2024-01_79657,Device fingerprint inconsistent.,2025-08-26 07:36:18
tx_2024-01_82861,Device fingerprint inconsistent.,2025-03-19 06:32:27
tx_2024-01_59901,Cardholder reported unauthorized transaction.,2025-10-20 01:25:19
tx_2024-01_21630,Device fingerprint inconsistent.,2025-03-20 23:18:50
tx_2024-01_49156,Cardholder reported unauthorized transaction.,2025-01-09 15:12:37
tx_2024-01_120263,Merchant previously linked to fraud ring.,2025-09-29 22:52:10
tx_2024-01_61578,Device fingerprint inconsistent.,2025-07-21 04:05:24
tx_2024-01_101418,Device fingerprint inconsistent.,2025-01-19 15:07:02
tx_2024-01_33398,Device fingerprint inconsistent.,2025-09-30 11:35:46
tx_2024-01_113846,Multiple failed attempts before success.,2025-02-02 05:14:47
tx_2024-01_41827,Device fingerprint inconsistent.,2025-11-04 03:00:06
tx_2024-01_143654,Device fingerprint inconsistent.,2025-01-18 01:34:08
tx_2024-01_77447,Merchant previously linked to fraud ring.,2025-03-22 04:33:57
tx_2024-01_49858,Merchant previously linked to fraud ring.,2025-03-17 15:18:10
tx_2024-01_11274,Multiple failed attempts before success.,2025-08-29 01:37:22
tx_2024-01_104211,Multiple failed attempts before success.,2025-09-05 07:57:50
tx_2024-01_117105,Device fingerprint inconsistent.,2025-07-06 20:47:51
tx_2024-01_12,Device fingerprint inconsistent.,2025-12-01 09:34:43
tx_2024-01_148355,Cardholder reported unauthorized transaction.,2025-05-09 04:46:00
tx_2024-01_30232,Multiple failed attempts before success.,2025-05-25 18:25:54
tx_2024-01_46518,Multiple failed attempts before success.,2025-01-12 10:05:22
tx_2024-01_87288,Cardholder reported unauthorized transaction.,2025-11-22 14:42:21
tx_2024-01_91308,Merchant previously linked to fraud ring.,2025-02-22 00:23:37
tx_2024-01_50739,Cardholder reported unauthorized transaction.,2025-03-26 08:05:55
tx_2024-01_48844,Device fingerprint inconsistent.,2025-01-22 21:00:49
tx_2024-01_51795,Merchant previously linked to fraud ring.,2025-05-30 09:09:31
tx_2024-01_81334,Multiple failed attempts before success.,2025-05-24 19:31:43
tx_2024-01_145620,Cardholder reported unauthorized transaction.,2025-06-06 21:16:26
tx_2024-01_75845,Device fingerprint inconsistent.,2025-10-15 17:07:28
tx_2024-01_76845,Cardholder reported unauthorized transaction.,2025-07-27 00:29:38
tx_2024-01_85093,Merchant previously linked to fraud ring.,2025-03-29 08:26:55
tx_2024-01_67999,Cardholder reported unauthorized transaction.,2025-04-09 06:09:03
tx_2024-01_1377,Merchant previously linked to fraud ring.,2025-08-07 02:45:04
tx_2024-01_107174,Multiple failed attempts before success.,2025-04-17 12:10:21
tx_2024-01_31681,Multiple failed attempts before success.,2025-06-26 23:17:32
tx_2024-01_59177,Device fingerprint inconsistent.,2025-02-25 13:53:23
tx_2024-01_52903,Merchant previously linked to fraud ring.,2025-05-13 00:43:54
tx_2024-01_81858,Device fingerprint inconsistent.,2025-06-10 06:11:54
tx_2024-01_126950,Cardholder reported unauthorized transaction.,2025-12-01 20:35:10
tx_2024-01_145797,Multiple failed attempts before success.,2025-07-05 09:09:46
tx_2024-01_144328,Multiple failed attempts before success.,2025-08-21 03:47:10
tx_2024-01_136152,Device fingerprint inconsistent.,2025-02-05 05:48:08
tx_2024-01_89666,Device fingerprint inconsistent.,2025-10-05 20:56:14
tx_2024-01_43909,Merchant previously linked to fraud ring.,2025-09-19 00:16:53
tx_2024-01_66004,Device fingerprint inconsistent.,2025-10-07 18:32:03
tx_2024-01_2516,Device fingerprint inconsistent.,2025-06-03 15:59:27
tx_2024-01_14380,Cardholder reported unauthorized transaction.,2025-10-02 14:08:08
tx_2024-01_33691,Cardholder reported unauthorized transaction.,2025-01-27 21:00:55
tx_2024-01_126929,Merchant previously linked to fraud ring.,2025-09-13 22:04:25
tx_2024-01_46351,Merchant previously linked to fraud ring.,2025-06-28 08:23:27
tx_2024-01_14369,Cardholder reported unauthorized transaction.,2025-11-20 03:20:06
tx_2024-01_106618,Cardholder reported unauthorized transaction.,2025-10-04 07:46:59
tx_2024-01_93421,Cardholder reported unauthorized transaction.,2025-12-09 05:11:32
tx_2024-01_54157,Merchant previously linked to fraud ring.,2025-09-15 11:56:13
tx_2024-01_125237,Merchant previously linked to fraud ring.,2025-12-08 14:12:37
tx_2024-01_104956,Merchant previously linked to fraud ring.,2025-12-18 18:02:37
tx_2024-01_90439,Device fingerprint inconsistent.,2025-09-01 08:42:15
tx_2024-01_11360,Multiple failed attempts before success.,2025-09-28 22:45:41
tx_2024-01_27534,Merchant previously linked to fraud ring.,2025-06-30 23:25:51
tx_2024-01_122510,Device fingerprint inconsistent.,2025-10-22 02:25:44
tx_2024-01_7855,Device fingerprint inconsistent.,2025-02-16 11:35:02
tx_2024-01_134900,Multiple failed attempts before success.,2025-07-06 01:32:25
tx_2024-01_77926,Device fingerprint inconsistent.,2025-12-12 15:11:27
tx_2024-01_13816,Multiple failed attempts before success.,2025-09-18 11:09:30
tx_2024-01_13931,Cardholder reported unauthorized transaction.,2025-10-27 14:31:06
tx_2024-01_7022,Device fingerprint inconsistent.,2025-05-08 23:39:46
tx_2024-01_13854,Multiple failed attempts before success.,2025-09-13 17:16:40
tx_2024-01_26516,Multiple failed attempts before success.,2025-07-22 22:04:31
tx_2024-01_7967,Merchant previously linked to fraud ring.,2025-11-11 15:56:17
tx_2024-01_78568,Merchant previously linked to fraud ring.,2025-04-10 20:00:13
tx_2024-01_82239,Device fingerprint inconsistent.,2025-11-01 00:26:19
tx_2024-01_42842,Merchant previously linked to fraud ring.,2025-07-25 21:47:23
tx_2024-01_100584,Merchant previously linked to fraud ring.,2025-03-27 06:27:09
tx_2024-01_30151,Device fingerprint inconsistent.,2025-05-05 09:12:18
tx_2024-01_128503,Device fingerprint inconsistent.,2025-01-20 22:11:55
tx_2024-01_2983,Multiple failed attempts before success.,2025-05-26 15:57:39
tx_2024-01_6656,Cardholder reported unauthorized transaction.,2025-01-22 23:00:01
tx_2024-01_12555,Cardholder reported unauthorized transaction.,2025-09-28 16:01:43
tx_2024-01_53817,Cardholder reported unauthorized transaction.,2025-02-19 14:04:20
tx_2024-01_49186,Multiple failed attempts before success.,2025-08-25 14:12:19
tx_2024-01_112128,Multiple failed attempts before success.,2025-03-15 05:29:45
tx_2024-01_64282,Merchant previously linked to fraud ring.,2025-07-13 15:26:34
tx_2024-01_119015,Cardholder reported unauthorized transaction.,2025-02-24 22:27:46
tx_2024-01_101047,Merchant previously linked to fraud ring.,2025-05-12 23:40:15
tx_2024-01_6318,Merchant previously linked to fraud ring.,2025-08-16 08:11:06
tx_2024-01_31137,Merchant previously linked to fraud ring.,2025-07-18 08:37:53
tx_2024-01_91541,Merchant previously linked to fraud ring.,2025-07-23 12:22:43
tx_2024-01_75745,Cardholder reported unauthorized transaction.,2025-01-19 20:34:47
tx_2024-01_1500,Cardholder reported unauthorized transaction.,2025-09-25 16:54:51
tx_2024-01_67974,Cardholder reported unauthorized transaction.,2025-05-09 20:24:18
tx_2024-01_36163,Merchant previously linked to fraud ring.,2025-04-05 17:08:30
tx_2024-01_13279,Cardholder reported unauthorized transaction.,2025-08-23 20:26:48
tx_2024-01_2062,Cardholder reported unauthorized transaction.,2025-09-21 19:06:20
tx_2024-01_11468,Multiple failed attempts before success.,2025-03-24 01:42:12
tx_2024-01_111148,Device fingerprint inconsistent.,2025-05-04 22:19:10
tx_2024-01_129984,Merchant previously linked to fraud ring.,2025-06-23 13:38:15
tx_2024-01_88003,Multiple failed attempts before success.,2025-03-30 06:21:20
tx_2024-01_135642,Cardholder reported unauthorized transaction.,2025-04-21 21:51:24
tx_2024-01_88048,Multiple failed attempts before success.,2025-03-18 07:19:36
tx_2024-01_11378,Cardholder reported unauthorized transaction.,2025-06-13 05:30:04
tx_2024-01_100501,Multiple failed attempts before success.,2025-03-17 03:12:13
tx_2024-01_51308,Cardholder reported unauthorized transaction.,2025-02-16 07:00:28
tx_2024-01_112159,Cardholder reported unauthorized transaction.,2025-04-24 14:45:37
tx_2024-01_14700,Device fingerprint inconsistent.,2025-01-31 09:28:59
tx_2024-01_12465,Merchant previously linked to fraud ring.,2025-02-10 09:10:14
tx_2024-01_21203,Device fingerprint inconsistent.,2025-09-30 14:35:57
tx_2024-01_116189,Multiple failed attempts before success.,2025-11-17 15:37:51
tx_2024-01_144792,Cardholder reported unauthorized transaction.,2025-03-22 14:28:15
tx_2024-01_40315,Merchant previously linked to fraud ring.,2025-09-21 04:31:24
tx_2024-01_143727,Multiple failed attempts before success.,2025-05-28 16:28:36
tx_2024-01_128129,Merchant previously linked to fraud ring.,2025-11-29 16:56:20
tx_2024-01_44359,Device fingerprint inconsistent.,2025-12-18 07:47:14
tx_2024-01_71694,Merchant previously linked to fraud ring.,2025-03-20 23:13:30
tx_2024-01_4295,Device fingerprint inconsistent.,2025-10-13 23:13:03
tx_2024-01_16932,Multiple failed attempts before success.,2025-09-23 01:07:37
tx_2024-01_30085,Multiple failed attempts before success.,2025-11-19 14:48:18
tx_2024-01_41906,Multiple failed attempts before success.,2025-07-08 11:40:49
tx_2024-01_143547,Device fingerprint inconsistent.,2025-02-01 11:49:22
tx_2024-01_58178,Cardholder reported unauthorized transaction.,2025-07-13 10:47:36
tx_2024-01_129244,Multiple failed attempts before success.,2025-07-25 17:56:05
tx_2024-01_148063,Multiple failed attempts before success.,2025-11-28 18:27:25
tx_2024-01_149520,Device fingerprint inconsistent.,2025-10-23 12:53:00
tx_2024-01_45020,Multiple failed attempts before success.,2025-09-26 04:37:26
tx_2024-01_8191,Device fingerprint inconsistent.,2025-01-04 14:55:04
tx_2024-01_72258,Multiple failed attempts before success.,2025-10-14 07:20:08
tx_2024-01_97555,Device fingerprint inconsistent.,2025-01-20 20:32:36
tx_2024-01_12340,Device fingerprint inconsistent.,2025-04-25 13:57:01
tx_2024-01_120314,Device fingerprint inconsistent.,2025-06-01 20:01:39
tx_2024-01_131929,Cardholder reported unauthorized transaction.,2025-02-25 09:58:50
tx_2024-01_72323,Device fingerprint inconsistent.,2025-06-12 15:49:00
tx_2024-01_56749,Device fingerprint inconsistent.,2025-06-27 01:44:22
tx_2024-01_57172,Multiple failed attempts before success.,2025-10-24 07:07:10
tx_2024-01_11852,Multiple failed attempts before success.,2025-11-22 01:21:45
tx_2024-01_98606,Multiple failed attempts before success.,2025-07-11 02:57:56
tx_2024-01_147868,Merchant previously linked to fraud ring.,2025-01-21 00:38:52
tx_2024-01_147718,Cardholder reported unauthorized transaction.,2025-05-04 20:31:31
tx_2024-01_51515,Device fingerprint inconsistent.,2025-11-05 07:47:52
tx_2024-01_52630,Device fingerprint inconsistent.,2025-05-26 11:11:42
tx_2024-01_97625,Device fingerprint inconsistent.,2025-01-03 12:12:51
tx_2024-01_9831,Cardholder reported unauthorized transaction.,2025-05-09 22:56:34
tx_2024-01_110212,Device fingerprint inconsistent.,2025-06-12 05:47:49
tx_2024-01_54682,Device fingerprint inconsistent.,2025-05-03 10:59:57
tx_2024-01_119220,Device fingerprint inconsistent.,2025-06-09 08:12:13
tx_2024-01_12671,Cardholder reported unauthorized transaction.,2025-04-27 18:08:13
tx_2024-01_38498,Cardholder reported unauthorized transaction.,2025-07-23 09:49:10
tx_2024-01_109175,Cardholder reported unauthorized transaction.,2025-05-31 14:34:05
tx_2024-01_132512,Merchant previously linked to fraud ring.,2025-10-05 04:03:31
tx_2024-01_129104,Device fingerprint inconsistent.,2025-10-06 00:33:28
tx_2024-01_134364,Merchant previously linked to fraud ring.,2025-02-28 01:33:32
tx_2024-01_43288,Merchant previously linked to fraud ring.,2025-01-28 08:39:25
tx_2024-01_45489,Cardholder reported unauthorized transaction.,2025-01-05 22:30:20
tx_2024-01_111023,Device fingerprint inconsistent.,2025-10-10 20:15:54
tx_2024-01_71921,Device fingerprint inconsistent.,2025-08-23 21:38:32
tx_2024-01_32329,Multiple failed attempts before success.,2025-01-21 04:44:58
tx_2024-01_85883,Cardholder reported unauthorized transaction.,2025-08-14 15:12:43
tx_2024-01_63684,Cardholder reported unauthorized transaction.,2025-04-26 03:37:48
tx_2024-01_147914,Multiple failed attempts before success.,2025-06-29 22:04:02
tx_2024-01_87189,Multiple failed attempts before success.,2025-11-13 16:07:34
tx_2024-01_148351,Device fingerprint inconsistent.,2025-04-22 16:49:38
tx_2024-01_114678,Device fingerprint inconsistent.,2025-02-08 01:31:43
tx_2024-01_51343,Cardholder reported unauthorized transaction.,2025-03-02 10:04:08
tx_2024-01_111947,Merchant previously linked to fraud ring.,2025-04-20 16:00:06
tx_2024-01_23319,Cardholder reported unauthorized transaction.,2025-07-07 09:54:05
tx_2024-01_39773,Device fingerprint inconsistent.,2025-04-20 23:41:09
tx_2024-01_33808,Device fingerprint inconsistent.,2025-10-24 01:40:44
tx_2024-01_67688,Cardholder reported unauthorized transaction.,2025-06-05 06:02:44
tx_2024-01_17911,Multiple failed attempts before success.,2025-04-04 04:20:40
tx_2024-01_132390,Merchant previously linked to fraud ring.,2025-07-13 13:39:26
tx_2024-01_21038,Multiple failed attempts before success.,2025-06-20 00:45:40
tx_2024-01_80258,Cardholder reported unauthorized transaction.,2025-05-05 13:06:43
tx_2024-01_48417,Multiple failed attempts before success.,2025-07-27 16:38:31
tx_2024-01_102001,Cardholder reported unauthorized transaction.,2025-04-17 08:20:53
tx_2024-01_60787,Merchant previously linked to fraud ring.,2025-03-22 07:05:40
tx_2024-01_84193,Cardholder reported unauthorized transaction.,2025-06-12 03:53:11
tx_2024-01_12788,Device fingerprint inconsistent.,2025-05-12 20:21:11
tx_2024-01_86967,Merchant previously linked to fraud ring.,2025-11-15 23:34:52
tx_2024-01_80968,Cardholder reported unauthorized transaction.,2025-07-06 07:04:36
tx_2024-01_50337,Multiple failed attempts before success.,2025-04-17 04:11:29
tx_2024-01_138303,Cardholder reported unauthorized transaction.,2025-06-12 10:55:19
tx_2024-01_86417,Device fingerprint inconsistent.,2025-04-13 17:35:31
tx_2024-01_38762,Cardholder reported unauthorized transaction.,2025-01-27 05:51:00
tx_2024-01_57082,Cardholder reported unauthorized transaction.,2025-12-03 04:32:36
tx_2024-01_17367,Multiple failed attempts before success.,2025-10-05 09:01:34
tx_2024-01_886,Merchant previously linked to fraud ring.,2025-08-01 09:06:15
tx_2024-01_93488,Merchant previously linked to fraud ring.,2025-07-25 00:31:47
tx_2024-01_49585,Device fingerprint inconsistent.,2025-07-27 11:50:54
tx_2024-01_144503,Cardholder reported unauthorized transaction.,2025-12-19 12:09:38
tx_2024-01_1395,Merchant previously linked to fraud ring.,2025-05-28 03:05:18
tx_2024-01_89226,Device fingerprint inconsistent.,2025-03-28 21:11:33
tx_2024-01_68035,Multiple failed attempts before success.,2025-08-28 16:09:27
tx_2024-01_57611,Cardholder reported unauthorized transaction.,2025-12-13 14:55:39
tx_2024-01_146116,Cardholder reported unauthorized transaction.,2025-01-02 11:50:16
tx_2024-01_67010,Device fingerprint inconsistent.,2025-07-24 19:30:37
tx_2024-01_53862,Device fingerprint inconsistent.,2025-10-03 08:56:38
tx_2024-01_125109,Merchant previously linked to fraud ring.,2025-03-22 03:33:29
tx_2024-01_13935,Device fingerprint inconsistent.,2025-06-04 23:29:59
tx_2024-01_21206,Device fingerprint inconsistent.,2025-11-26 23:12:36
tx_2024-01_17468,Cardholder reported unauthorized transaction.,2025-03-07 18:51:07
tx_2024-01_124991,Multiple failed attempts before success.,2025-10-15 08:07:38
tx_2024-01_129072,Merchant previously linked to fraud ring.,2025-12-16 15:47:38
tx_2024-01_145238,Device fingerprint inconsistent.,2025-10-10 01:28:04
tx_2024-01_10896,Device fingerprint inconsistent.,2025-07-31 16:04:18
tx_2024-01_96222,Multiple failed attempts before success.,2025-03-21 04:56:21
tx_2024-01_134424,Multiple failed attempts before success.,2025-02-10 21:09:49
tx_2024-01_70011,Merchant previously linked to fraud ring.,2025-10-09 01:10:08
tx_2024-01_96884,Device fingerprint inconsistent.,2025-03-31 06:05:11
tx_2024-01_39784,Multiple failed attempts before success.,2025-10-15 01:51:52
tx_2024-01_33732,Device fingerprint inconsistent.,2025-02-08 04:04:51
tx_2024-01_31303,Device fingerprint inconsistent.,2025-07-10 17:37:46
tx_2024-01_129780,Device fingerprint inconsistent.,2025-02-21 23:43:43
tx_2024-01_14245,Multiple failed attempts before success.,2025-07-24 09:44:13
tx_2024-01_65127,Cardholder reported unauthorized transaction.,2025-04-03 04:58:16
tx_2024-01_132698,Cardholder reported unauthorized transaction.,2025-02-23 10:40:58
tx_2024-01_76067,Merchant previously linked to fraud ring.,2025-01-21 04:33:17
tx_2024-01_66237,Device fingerprint inconsistent.,2025-10-18 04:03:40
tx_2024-01_19633,Merchant previously linked to fraud ring.,2025-08-31 11:55:39
tx_2024-01_21262,Device fingerprint inconsistent.,2025-01-28 11:00:45
tx_2024-01_142118,Cardholder reported unauthorized transaction.,2025-10-29 02:05:24
tx_2024-01_11860,Cardholder reported unauthorized transaction.,2025-01-15 21:42:29
tx_2024-01_71880,Merchant previously linked to fraud ring.,2025-06-08 09:30:28
tx_2024-01_134330,Multiple failed attempts before success.,2025-10-09 19:40:32
tx_2024-01_72176,Cardholder reported unauthorized transaction.,2025-12-03 13:35:47
tx_2024-01_10794,Device fingerprint inconsistent.,2025-10-03 19:58:15
tx_2024-01_23570,Multiple failed attempts before success.,2025-09-28 03:46:14
tx_2024-01_12515,Cardholder reported unauthorized transaction.,2025-01-15 06:09:13
tx_2024-01_4773,Merchant previously linked to fraud ring.,2025-05-20 16:27:02
tx_2024-01_132815,Merchant previously linked to fraud ring.,2025-06-23 14:47:00
tx_2024-01_149548,Cardholder reported unauthorized transaction.,2025-06-02 12:11:25
tx_2024-01_139953,Merchant previously linked to fraud ring.,2025-08-21 05:29:10
tx_2024-01_148061,Cardholder reported unauthorized transaction.,2025-11-11 21:44:03
tx_2024-01_11223,Multiple failed attempts before success.,2025-12-03 01:45:03
tx_2024-01_81656,Multiple failed attempts before success.,2025-08-10 01:45:47
tx_2024-01_48401,Multiple failed attempts before success.,2025-03-31 22:26:38
tx_2024-01_55712,Multiple failed attempts before success.,2025-06-18 10:39:25
tx_2024-01_89348,Multiple failed attempts before success.,2025-02-28 08:00:16
tx_2024-01_48719,Multiple failed attempts before success.,2025-06-22 04:25:23
tx_2024-01_20699,Device fingerprint inconsistent.,2025-01-24 20:38:04
tx_2024-01_67929,Multiple failed attempts before success.,2025-01-24 11:37:50
tx_2024-01_19157,Multiple failed attempts before success.,2025-09-13 15:12:42
tx_2024-01_104362,Multiple failed attempts before success.,2025-05-02 09:39:21
tx_2024-01_31886,Cardholder reported unauthorized transaction.,2025-10-02 22:11:53
tx_2024-01_111988,Merchant previously linked to fraud ring.,2025-02-12 05:37:22
tx_2024-01_23829,Multiple failed attempts before success.,2025-02-20 08:43:13
tx_2024-01_100404,Device fingerprint inconsistent.,2025-07-10 18:02:09
tx_2024-01_102520,Cardholder reported unauthorized transaction.,2025-02-16 18:49:42
tx_2024-01_83072,Cardholder reported unauthorized transaction.,2025-04-01 14:46:05
tx_2024-01_45350,Multiple failed attempts before success.,2025-03-30 11:13:43
tx_2024-01_54313,Cardholder reported unauthorized transaction.,2025-05-07 05:08:41
tx_2024-01_51983,Device fingerprint inconsistent.,2025-10-17 14:51:05
tx_2024-01_29819,Multiple failed attempts before success.,2025-08-31 10:06:58
tx_2024-01_28843,Merchant previously linked to fraud ring.,2025-04-01 06:47:10
tx_2024-01_43236,Cardholder reported unauthorized transaction.,2025-09-30 01:34:09
tx_2024-01_25171,Merchant previously linked to fraud ring.,2025-06-10 02:25:27
tx_2024-01_47564,Device fingerprint inconsistent.,2025-08-31 02:06:28
tx_2024-01_41445,Multiple failed attempts before success.,2025-06-06 02:43:33
tx_2024-01_20737,Multiple failed attempts before success.,2025-01-06 08:44:52
tx_2024-01_91711,Merchant previously linked to fraud ring.,2025-10-26 21:51:18
tx_2024-01_131050,Merchant previously linked to fraud ring.,2025-07-11 13:58:03
tx_2024-01_147221,Multiple failed attempts before success.,2025-08-07 04:56:16
tx_2024-01_30788,Cardholder reported unauthorized transaction.,2025-07-13 00:40:08
tx_2024-01_100508,Device fingerprint inconsistent.,2025-10-19 09:09:52
tx_2024-01_127378,Merchant previously linked to fraud ring.,2025-10-10 16:28:26
tx_2024-01_138911,Merchant previously linked to fraud ring.,2025-03-05 10:41:19
tx_2024-01_15282,Cardholder reported unauthorized transaction.,2025-01-03 19:14:08
tx_2024-01_149479,Multiple failed attempts before success.,2025-08-31 02:38:11
tx_2024-01_138943,Device fingerprint inconsistent.,2025-02-17 15:43:29
tx_2024-01_34806,Merchant previously linked to fraud ring.,2025-05-15 14:26:15
tx_2024-01_52135,Device fingerprint inconsistent.,2025-02-15 22:24:21
tx_2024-01_11567,Cardholder reported unauthorized transaction.,2025-02-12 06:54:09
tx_2024-01_119905,Multiple failed attempts before success.,2025-01-04 22:36:51
tx_2024-01_36092,Cardholder reported unauthorized transaction.,2025-11-23 07:28:41
tx_2024-01_46448,Multiple failed attempts before success.,2025-12-08 08:19:38
tx_2024-01_120960,Multiple failed attempts before success.,2025-08-10 10:18:24
tx_2024-01_26867,Merchant previously linked to fraud ring.,2025-12-06 14:26:35
tx_2024-01_58132,Device fingerprint inconsistent.,2025-05-06 08:26:50
tx_2024-01_23557,Merchant previously linked to fraud ring.,2025-03-05 03:41:14
tx_2024-01_119049,Multiple failed attempts before success.,2025-07-12 11:27:36
tx_2024-01_9330,Merchant previously linked to fraud ring.,2025-02-18 00:18:26
tx_2024-01_12160,Multiple failed attempts before success.,2025-07-05 02:43:41
tx_2024-01_133400,Device fingerprint inconsistent.,2025-08-30 19:28:06
tx_2024-01_41008,Device fingerprint inconsistent.,2025-02-17 02:05:49
tx_2024-01_45278,Device fingerprint inconsistent.,2025-04-22 11:14:59
tx_2024-01_118149,Multiple failed attempts before success.,2025-01-26 08:34:41
tx_2024-01_61194,Device fingerprint inconsistent.,2025-07-28 17:24:38
tx_2024-01_128216,Multiple failed attempts before success.,2025-04-14 14:44:22
tx_2024-01_80572,Merchant previously linked to fraud ring.,2025-04-13 00:02:31
tx_2024-01_111416,Multiple failed attempts before success.,2025-06-08 02:39:33
tx_2024-01_90343,Merchant previously linked to fraud ring.,2025-10-22 23:00:59
tx_2024-01_116958,Cardholder reported unauthorized transaction.,2025-06-30 13:34:01
tx_2024-01_30403,Device fingerprint inconsistent.,2025-07-26 21:04:19
tx_2024-01_68075,Merchant previously linked to fraud ring.,2025-03-15 19:39:50
tx_2024-01_134741,Merchant previously linked to fraud ring.,2025-05-16 09:10:33
tx_2024-01_34336,Merchant previously linked to fraud ring.,2025-04-15 22:11:52
tx_2024-01_141907,Merchant previously linked to fraud ring.,2025-11-08 13:15:28
tx_2024-01_19674,Multiple failed attempts before success.,2025-02-09 07:05:59
tx_2024-01_44428,Merchant previously linked to fraud ring.,2025-06-14 15:54:50
tx_2024-01_61857,Merchant previously linked to fraud ring.,2025-03-11 12:23:54
tx_2024-01_21090,Cardholder reported unauthorized transaction.,2025-10-12 06:51:33
tx_2024-01_43060,Multiple failed attempts before success.,2025-02-07 15:18:13
tx_2024-01_11209,Merchant previously linked to fraud ring.,2025-07-05 03:28:51
tx_2024-01_47093,Merchant previously linked to fraud ring.,2025-03-09 15:59:26
tx_2024-01_70576,Merchant previously linked to fraud ring.,2025-07-05 12:14:52
tx_2024-01_72678,Merchant previously linked to fraud ring.,2025-02-12 23:40:31
tx_2024-01_27329,Merchant previously linked to fraud ring.,2025-07-03 16:45:50
tx_2024-01_9355,Multiple failed attempts before success.,2025-11-01 22:40:41
tx_2024-01_139729,Cardholder reported unauthorized transaction.,2025-11-28 19:12:41
tx_2024-01_25033,Merchant previously linked to fraud ring.,2025-03-11 18:31:46
tx_2024-01_48839,Cardholder reported unauthorized transaction.,2025-09-23 00:48:14
tx_2024-01_23000,Merchant previously linked to fraud ring.,2025-07-30 01:49:53
tx_2024-01_133772,Device fingerprint inconsistent.,2025-03-20 05:32:51
tx_2024-01_63838,Merchant previously linked to fraud ring.,2025-07-31 20:28:41
tx_2024-01_130742,Cardholder reported unauthorized transaction.,2025-01-12 18:53:22
tx_2024-01_118666,Cardholder reported unauthorized transaction.,2025-12-15 00:05:23
tx_2024-01_117738,Cardholder reported unauthorized transaction.,2025-09-13 21:16:12
tx_2024-01_134306,Device fingerprint inconsistent.,2025-07-13 15:32:14
tx_2024-01_3735,Cardholder reported unauthorized transaction.,2025-11-20 06:38:52
tx_2024-01_12626,Multiple failed attempts before success.,2025-04-06 14:39:03
tx_2024-01_53821,Device fingerprint inconsistent.,2025-05-24 06:15:16
tx_2024-01_61883,Merchant previously linked to fraud ring.,2025-03-15 22:29:12
tx_2024-01_141659,Cardholder reported unauthorized transaction.,2025-12-19 07:29:54
tx_2024-01_13904,Merchant previously linked to fraud ring.,2025-06-16 15:38:30
tx_2024-01_44448,Merchant previously linked to fraud ring.,2025-09-28 03:36:47
tx_2024-01_37618,Merchant previously linked to fraud ring.,2025-06-10 12:00:36
tx_2024-01_51396,Merchant previously linked to fraud ring.,2025-02-19 18:30:14
tx_2024-01_140355,Device fingerprint inconsistent.,2025-10-12 01:32:26
tx_2024-01_71702,Device fingerprint inconsistent.,2025-09-21 01:43:34
tx_2024-01_32157,Cardholder reported unauthorized transaction.,2025-08-03 02:18:18
tx_2024-01_135120,Cardholder reported unauthorized transaction.,2025-01-20 11:25:20
tx_2024-01_11836,Cardholder reported unauthorized transaction.,2025-09-24 20:59:30
tx_2024-01_89256,Cardholder reported unauthorized transaction.,2025-03-01 11:38:19
tx_2024-01_127726,Cardholder reported unauthorized transaction.,2025-07-22 22:49:59
tx_2024-01_14352,Device fingerprint inconsistent.,2025-06-24 08:15:10
tx_2024-01_82881,Cardholder reported unauthorized transaction.,2025-08-17 14:15:24
tx_2024-01_14501,Device fingerprint inconsistent.,2025-09-13 05:49:21
tx_2024-01_61831,Multiple failed attempts before success.,2025-10-06 23:05:03
tx_2024-01_40763,Multiple failed attempts before success.,2025-01-07 12:52:41
tx_2024-01_104603,Cardholder reported unauthorized transaction.,2025-09-01 00:59:47
tx_2024-01_82729,Cardholder reported unauthorized transaction.,2025-12-02 02:21:21
tx_2024-01_67029,Merchant previously linked to fraud ring.,2025-08-03 05:58:53
tx_2024-01_133358,Merchant previously linked to fraud ring.,2025-09-09 02:15:42
tx_2024-01_31093,Cardholder reported unauthorized transaction.,2025-10-30 07:03:20
tx_2024-01_72661,Cardholder reported unauthorized transaction.,2025-06-08 13:46:06
tx_2024-01_23532,Multiple failed attempts before success.,2025-01-04 16:26:59
tx_2024-01_91768,Device fingerprint inconsistent.,2025-10-28 06:29:30
tx_2024-01_139982,Multiple failed attempts before success.,2025-12-01 08:53:54
tx_2024-01_73464,Merchant previously linked to fraud ring.,2025-01-11 09:56:41
tx_2024-01_21920,Merchant previously linked to fraud ring.,2025-10-30 12:12:51
tx_2024-01_46395,Cardholder reported unauthorized transaction.,2025-11-04 10:54:36
tx_2024-01_2248,Multiple failed attempts before success.,2025-09-23 13:47:06
tx_2024-01_68611,Cardholder reported unauthorized transaction.,2025-03-08 00:46:58
tx_2024-01_112748,Cardholder reported unauthorized transaction.,2025-05-20 04:06:30
tx_2024-01_10036,Merchant previously linked to fraud ring.,2025-11-27 02:03:53
tx_2024-01_7448,Device fingerprint inconsistent.,2025-04-01 08:52:07
tx_2024-01_14231,Device fingerprint inconsistent.,2025-06-09 17:38:52
tx_2024-01_112923,Device fingerprint inconsistent.,2025-01-04 01:47:22
tx_2024-01_66441,Multiple failed attempts before success.,2025-11-11 22:40:06
tx_2024-01_85900,Device fingerprint inconsistent.,2025-10-10 06:59:04
tx_2024-01_37240,Cardholder reported unauthorized transaction.,2025-02-01 23:29:02
tx_2024-01_2714,Device fingerprint inconsistent.,2025-04-05 05:05:38
tx_2024-01_39277,Multiple failed attempts before success.,2025-10-21 09:18:54
tx_2024-01_133580,Merchant previously linked to fraud ring.,2025-05-27 20:46:45
tx_2024-01_35912,Device fingerprint inconsistent.,2025-04-01 13:01:02
tx_2024-01_52400,Merchant previously linked to fraud ring.,2025-06-21 23:58:59
tx_2024-01_79011,Multiple failed attempts before success.,2025-04-05 02:56:19
tx_2024-01_126896,Multiple failed attempts before success.,2025-08-06 03:39:59
tx_2024-01_127641,Merchant previously linked to fraud ring.,2025-03-11 01:17:06
tx_2024-01_93898,Merchant previously linked to fraud ring.,2025-03-10 23:56:53
tx_2024-01_78897,Cardholder reported unauthorized transaction.,2025-06-16 05:18:15
tx_2024-01_129841,Device fingerprint inconsistent.,2025-01-10 23:57:45
tx_2024-01_43669,Merchant previously linked to fraud ring.,2025-08-16 22:25:45
tx_2024-01_140022,Device fingerprint inconsistent.,2025-04-25 02:54:40
tx_2024-01_121956,Merchant previously linked to fraud ring.,2025-09-22 01:03:52
tx_2024-01_69524,Multiple failed attempts before success.,2025-06-24 11:25:17
tx_2024-01_72552,Merchant previously linked to fraud ring.,2025-09-09 05:49:09
tx_2024-01_24351,Merchant previously linked to fraud ring.,2025-05-25 15:18:53
tx_2024-01_130116,Device fingerprint inconsistent.,2025-06-21 07:46:47
tx_2024-01_76458,Merchant previously linked to fraud ring.,2025-03-11 09:15:56
tx_2024-01_12648,Multiple failed attempts before success.,2025-07-23 04:08:24
tx_2024-01_112881,Device fingerprint inconsistent.,2025-03-13 17:17:29
tx_2024-01_80776,Cardholder reported unauthorized transaction.,2025-07-04 09:37:23
tx_2024-01_47249,Device fingerprint inconsistent.,2025-06-26 19:35:43
tx_2024-01_33651,Multiple failed attempts before success.,2025-04-13 01:41:03
tx_2024-01_120902,Cardholder reported unauthorized transaction.,2025-01-29 14:16:18
tx_2024-01_13986,Multiple failed attempts before success.,2025-08-02 07:57:04
tx_2024-01_61425,Cardholder reported unauthorized transaction.,2025-06-03 12:15:30
tx_2024-01_108868,Merchant previously linked to fraud ring.,2025-10-01 22:23:32
tx_2024-01_97295,Device fingerprint inconsistent.,2025-05-03 15:59:08
tx_2024-01_108520,Multiple failed attempts before success.,2025-05-14 06:04:23
tx_2024-01_14797,Multiple failed attempts before success.,2025-03-16 02:34:28
tx_2024-01_69210,Merchant previously linked to fraud ring.,2025-10-28 06:50:37
tx_2024-01_104919,Cardholder reported unauthorized transaction.,2025-07-04 07:35:58
tx_2024-01_118831,Device fingerprint inconsistent.,2025-05-02 06:17:58
tx_2024-01_100334,Cardholder reported unauthorized transaction.,2025-12-11 03:41:03
tx_2024-01_133609,Cardholder reported unauthorized transaction.,2025-09-19 10:18:25
tx_2024-01_24954,Merchant previously linked to fraud ring.,2025-04-18 01:56:27
tx_2024-01_55187,Multiple failed attempts before success.,2025-05-05 19:56:00
tx_2024-01_140774,Multiple failed attempts before success.,2025-12-09 05:27:09
tx_2024-01_146398,Cardholder reported unauthorized transaction.,2025-03-23 04:41:27
tx_2024-01_115873,Cardholder reported unauthorized transaction.,2025-09-30 03:49:58
tx_2024-01_60977,Device fingerprint inconsistent.,2025-12-18 08:01:15
tx_2024-01_72856,Cardholder reported unauthorized transaction.,2025-10-04 07:04:21
tx_2024-01_7638,Multiple failed attempts before success.,2025-07-27 03:42:49
tx_2024-01_115274,Multiple failed attempts before success.,2025-09-07 15:14:22
tx_2024-01_736,Multiple failed attempts before success.,2025-06-18 14:27:39
tx_2024-01_126364,Merchant previously linked to fraud ring.,2025-05-02 04:39:42
tx_2024-01_139706,Merchant previously linked to fraud ring.,2025-01-16 12:12:32
tx_2024-01_7209,Device fingerprint inconsistent.,2025-01-07 02:36:04
tx_2024-01_113505,Device fingerprint inconsistent.,2025-06-09 11:13:23
tx_2024-01_11094,Cardholder reported unauthorized transaction.,2025-10-22 19:45:08
tx_2024-01_5478,Cardholder reported unauthorized transaction.,2025-11-13 02:25:51
tx_2024-01_73064,Cardholder reported unauthorized transaction.,2025-04-18 22:23:50
tx_2024-01_18586,Merchant previously linked to fraud ring.,2025-12-14 10:25:06
tx_2024-01_129899,Cardholder reported unauthorized transaction.,2025-10-20 12:41:38
tx_2024-01_38953,Multiple failed attempts before success.,2025-05-12 11:32:46
tx_2024-01_93600,Cardholder reported unauthorized transaction.,2025-06-14 06:39:13
tx_2024-01_1660,Device fingerprint inconsistent.,2025-01-24 08:52:49
tx_2024-01_86911,Merchant previously linked to fraud ring.,2025-02-06 18:45:06
tx_2024-01_13995,Cardholder reported unauthorized transaction.,2025-11-12 06:50:24
tx_2024-01_2845,Device fingerprint inconsistent.,2025-07-18 01:57:56
tx_2024-01_102515,Merchant previously linked to fraud ring.,2025-01-10 04:38:34
tx_2024-01_114915,Device fingerprint inconsistent.,2025-03-13 19:12:59
tx_2024-01_63308,Cardholder reported unauthorized transaction.,2025-12-18 09:22:00
tx_2024-01_35391,Multiple failed attempts before success.,2025-04-08 09:25:52
tx_2024-01_42547,Cardholder reported unauthorized transaction.,2025-10-09 09:17:50
tx_2024-01_32348,Device fingerprint inconsistent.,2025-04-19 01:18:45
tx_2024-01_48844,Merchant previously linked to fraud ring.,2025-12-05 01:21:47
tx_2024-01_53345,Multiple failed attempts before success.,2025-09-26 14:39:00
tx_2024-01_51176,Multiple failed attempts before success.,2025-01-29 22:31:02
tx_2024-01_78344,Device fingerprint inconsistent.,2025-11-26 20:47:08
tx_2024-01_138945,Cardholder reported unauthorized transaction.,2025-07-18 07:00:45
tx_2024-01_94253,Multiple failed attempts before success.,2025-12-14 12:32:41
tx_2024-01_48741,Device fingerprint inconsistent.,2025-02-10 15:16:31
tx_2024-01_77483,Multiple failed attempts before success.,2025-04-07 01:42:43
tx_2024-01_86744,Merchant previously linked to fraud ring.,2025-05-13 10:01:13
tx_2024-01_42798,Device fingerprint inconsistent.,2025-05-11 03:24:07
tx_2024-01_118213,Multiple failed attempts before success.,2025-11-14 12:42:18
tx_2024-01_144839,Multiple failed attempts before success.,2025-09-28 03:37:03
tx_2024-01_133314,Cardholder reported unauthorized transaction.,2025-03-22 11:35:15
tx_2024-01_30928,Merchant previously linked to fraud ring.,2025-10-24 15:09:04
tx_2024-01_145805,Multiple failed attempts before success.,2025-02-15 04:06:41
tx_2024-01_27693,Multiple failed attempts before success.,2025-11-27 23:12:50
tx_2024-01_115352,Multiple failed attempts before success.,2025-01-19 07:20:46
tx_2024-01_108137,Merchant previously linked to fraud ring.,2025-04-28 06:30:05
tx_2024-01_128078,Merchant previously linked to fraud ring.,2025-06-03 10:52:33
tx_2024-01_105935,Device fingerprint inconsistent.,2025-09-19 01:54:22
tx_2024-01_141129,Cardholder reported unauthorized transaction.,2025-04-13 12:10:40
tx_2024-01_97381,Multiple failed attempts before success.,2025-09-15 11:34:35
tx_2024-01_127443,Merchant previously linked to fraud ring.,2025-07-09 03:49:05
tx_2024-01_27567,Multiple failed attempts before success.,2025-09-10 01:02:05
tx_2024-01_9979,Device fingerprint inconsistent.,2025-04-18 06:06:29
tx_2024-01_134869,Device fingerprint inconsistent.,2025-02-04 14:24:07
tx_2024-01_115163,Device fingerprint inconsistent.,2025-03-24 22:55:49
tx_2024-01_107331,Cardholder reported unauthorized transaction.,2025-10-22 10:24:16
tx_2024-01_44575,Device fingerprint inconsistent.,2025-08-01 01:53:45
tx_2024-01_112076,Device fingerprint inconsistent.,2025-05-28 11:30:50
tx_2024-01_42833,Multiple failed attempts before success.,2025-08-24 07:47:49
tx_2024-01_59544,Device fingerprint inconsistent.,2025-06-01 03:42:04
tx_2024-01_103661,Cardholder reported unauthorized transaction.,2025-02-16 04:20:09
tx_2024-01_140130,Device fingerprint inconsistent.,2025-08-21 09:16:40
tx_2024-01_127894,Multiple failed attempts before success.,2025-08-22 07:17:04
tx_2024-01_121469,Cardholder reported unauthorized transaction.,2025-01-28 19:16:59
tx_2024-01_19618,Merchant previously linked to fraud ring.,2025-06-28 01:20:41
tx_2024-01_48279,Multiple failed attempts before success.,2025-06-23 02:57:50
tx_2024-01_61171,Device fingerprint inconsistent.,2025-04-20 23:20:51
tx_2024-01_92568,Cardholder reported unauthorized transaction.,2025-12-04 01:20:41
tx_2024-01_91382,Multiple failed attempts before success.,2025-04-28 02:21:27
tx_2024-01_23875,Device fingerprint inconsistent.,2025-12-13 14:29:43
tx_2024-01_63589,Multiple failed attempts before success.,2025-07-08 05:31:19
tx_2024-01_56252,Device fingerprint inconsistent.,2025-05-24 19:58:29
tx_2024-01_44374,Cardholder reported unauthorized transaction.,2025-12-18 10:40:01
tx_2024-01_114778,Merchant previously linked to fraud ring.,2025-05-09 23:28:54
tx_2024-01_105761,Cardholder reported unauthorized transaction.,2025-05-02 21:32:43
tx_2024-01_128455,Merchant previously linked to fraud ring.,2025-06-09 05:20:44
tx_2024-01_105849,Multiple failed attempts before success.,2025-08-21 17:22:49
tx_2024-01_85603,Multiple failed attempts before success.,2025-06-12 15:52:48
tx_2024-01_35372,Device fingerprint inconsistent.,2025-09-17 18:43:59
tx_2024-01_125791,Multiple failed attempts before success.,2025-10-30 01:56:57
tx_2024-01_87611,Device fingerprint inconsistent.,2025-12-19 04:00:24
tx_2024-01_53964,Cardholder reported unauthorized transaction.,2025-07-29 13:49:33
tx_2024-01_109975,Cardholder reported unauthorized transaction.,2025-05-18 12:21:32
tx_2024-01_56854,Multiple failed attempts before success.,2025-01-20 17:44:05
tx_2024-01_17192,Merchant previously linked to fraud ring.,2025-03-10 00:42:27
tx_2024-01_30332,Device fingerprint inconsistent.,2025-01-11 13:02:35
tx_2024-01_60637,Device fingerprint inconsistent.,2025-10-11 13:20:06
tx_2024-01_35038,Device fingerprint inconsistent.,2025-04-16 03:10:15
tx_2024-01_16676,Cardholder reported unauthorized transaction.,2025-02-25 13:46:02
tx_2024-01_11223,Multiple failed attempts before success.,2025-11-30 00:57:50
tx_2024-01_108655,Device fingerprint inconsistent.,2025-10-14 05:30:44
tx_2024-01_52968,Cardholder reported unauthorized transaction.,2025-04-08 16:33:32
tx_2024-01_81792,Cardholder reported unauthorized transaction.,2025-06-06 08:30:37
tx_2024-01_4116,Multiple failed attempts before success.,2025-12-01 05:26:44
tx_2024-01_147754,Cardholder reported unauthorized transaction.,2025-03-06 17:43:43
tx_2024-01_113291,Merchant previously linked to fraud ring.,2025-08-26 18:47:12
tx_2024-01_102968,Multiple failed attempts before success.,2025-05-18 09:41:08
tx_2024-01_24466,Merchant previously linked to fraud ring.,2025-04-08 05:16:22
tx_2024-01_10600,Multiple failed attempts before success.,2025-01-24 06:12:23
tx_2024-01_113869,Cardholder reported unauthorized transaction.,2025-05-10 08:31:08
tx_2024-01_98432,Merchant previously linked to fraud ring.,2025-05-20 19:02:18
tx_2024-01_40658,Device fingerprint inconsistent.,2025-07-14 16:43:20
tx_2024-01_100378,Cardholder reported unauthorized transaction.,2025-07-25 08:54:19
tx_2024-01_72606,Merchant previously linked to fraud ring.,2025-11-16 04:53:09
tx_2024-01_43351,Merchant previously linked to fraud ring.,2025-07-31 13:40:25
tx_2024-01_18650,Merchant previously linked to fraud ring.,2025-07-23 03:45:17
tx_2024-01_111546,Device fingerprint inconsistent.,2025-05-22 04:26:24
tx_2024-01_66576,Multiple failed attempts before success.,2025-09-02 13:20:57
tx_2024-01_127307,Merchant previously linked to fraud ring.,2025-10-26 17:59:40
tx_2024-01_23988,Merchant previously linked to fraud ring.,2025-06-25 08:15:51
tx_2024-01_9909,Device fingerprint inconsistent.,2025-10-20 17:36:46
tx_2024-01_104196,Device fingerprint inconsistent.,2025-08-19 22:27:01
tx_2024-01_26274,Multiple failed attempts before success.,2025-05-02 13:23:22
tx_2024-01_840,Multiple failed attempts before success.,2025-05-11 20:43:58
tx_2024-01_59037,Cardholder reported unauthorized transaction.,2025-05-23 22:48:20
tx_2024-01_120036,Cardholder reported unauthorized transaction.,2025-07-01 07:21:55
tx_2024-01_79928,Multiple failed attempts before success.,2025-07-24 22:05:08
tx_2024-01_125823,Merchant previously linked to fraud ring.,2025-11-07 14:56:42
tx_2024-01_147616,Multiple failed attempts before success.,2025-02-07 21:59:14
tx_2024-01_110377,Multiple failed attempts before success.,2025-09-01 13:14:27
tx_2024-01_85356,Device fingerprint inconsistent.,2025-08-21 22:25:33
tx_2024-01_132239,Multiple failed attempts before success.,2025-04-11 22:10:27
tx_2024-01_76300,Device fingerprint inconsistent.,2025-04-29 00:29:19
tx_2024-01_15917,Merchant previously linked to fraud ring.,2025-03-05 00:02:09
tx_2024-01_49347,Multiple failed attempts before success.,2025-07-11 01:40:52
tx_2024-01_90997,Multiple failed attempts before success.,2025-06-06 02:00:38
tx_2024-01_17511,Merchant previously linked to fraud ring.,2025-10-25 17:54:10
tx_2024-01_50362,Merchant previously linked to fraud ring.,2025-05-02 16:13:28
tx_2024-01_117019,Cardholder reported unauthorized transaction.,2025-08-22 20:18:31
tx_2024-01_105032,Cardholder reported unauthorized transaction.,2025-05-28 06:59:20
tx_2024-01_45895,Device fingerprint inconsistent.,2025-05-12 10:17:02
tx_2024-01_60278,Merchant previously linked to fraud ring.,2025-10-29 14:43:11
tx_2024-01_72839,Device fingerprint inconsistent.,2025-06-23 23:01:42
tx_2024-01_37480,Device fingerprint inconsistent.,2025-05-31 07:49:50
tx_2024-01_132604,Multiple failed attempts before success.,2025-02-25 15:57:21
tx_2024-01_67065,Device fingerprint inconsistent.,2025-06-18 23:29:25
tx_2024-01_56239,Merchant previously linked to fraud ring.,2025-03-20 15:24:55
tx_2024-01_124625,Cardholder reported unauthorized transaction.,2025-08-24 10:12:41
tx_2024-01_134688,Merchant previously linked to fraud ring.,2025-02-24 10:08:30
tx_2024-01_104082,Cardholder reported unauthorized transaction.,2025-02-06 03:33:08
tx_2024-01_55511,Multiple failed attempts before success.,2025-04-26 01:20:22
tx_2024-01_98469,Multiple failed attempts before success.,2025-04-20 12:08:14
tx_2024-01_143886,Device fingerprint inconsistent.,2025-05-07 23:14:05
tx_2024-01_108216,Merchant previously linked to fraud ring.,2025-11-26 02:33:16
tx_2024-01_123837,Multiple failed attempts before success.,2025-05-20 05:22:50
tx_2024-01_19512,Merchant previously linked to fraud ring.,2025-09-02 11:27:53
tx_2024-01_101322,Device fingerprint inconsistent.,2025-06-20 09:42:14
tx_2024-01_110247,Cardholder reported unauthorized transaction.,2025-09-20 09:03:10
tx_2024-01_17632,Cardholder reported unauthorized transaction.,2025-08-06 14:37:04
tx_2024-01_123714,Merchant previously linked to fraud ring.,2025-08-05 08:38:07
tx_2024-01_92836,Merchant previously linked to fraud ring.,2025-07-12 09:10:44
tx_2024-01_26009,Multiple failed attempts before success.,2025-04-19 20:08:01
tx_2024-01_61888,Cardholder reported unauthorized transaction.,2025-07-11 18:34:55
tx_2024-01_112318,Cardholder reported unauthorized transaction.,2025-06-10 13:34:43
tx_2024-01_31298,Multiple failed attempts before success.,2025-04-03 14:42:55
tx_2024-01_112779,Merchant previously linked to fraud ring.,2025-11-02 19:36:55
tx_2024-01_30279,Device fingerprint inconsistent.,2025-11-11 15:52:10
tx_2024-01_106170,Merchant previously linked to fraud ring.,2025-04-25 23:52:19
tx_2024-01_69876,Merchant previously linked to fraud ring.,2025-08-03 14:39:36
tx_2024-01_111321,Cardholder reported unauthorized transaction.,2025-09-23 11:53:04
tx_2024-01_25143,Merchant previously linked to fraud ring.,2025-05-16 09:19:15
tx_2024-01_2995,Merchant previously linked to fraud ring.,2025-06-05 17:19:41
tx_2024-01_10516,Multiple failed attempts before success.,2025-10-03 02:42:07
tx_2024-01_74307,Merchant previously linked to fraud ring.,2025-03-01 03:09:58
tx_2024-01_61961,Device fingerprint inconsistent.,2025-05-04 15:02:15
tx_2024-01_148917,Merchant previously linked to fraud ring.,2025-09-26 01:34:01
tx_2024-01_129638,Merchant previously linked to fraud ring.,2025-04-08 11:33:36
tx_2024-01_29095,Device fingerprint inconsistent.,2025-08-10 10:04:17
tx_2024-01_106793,Device fingerprint inconsistent.,2025-08-26 17:38:29
tx_2024-01_17803,Device fingerprint inconsistent.,2025-11-22 05:41:43
tx_2024-01_144911,Multiple failed attempts before success.,2025-05-09 15:16:38
tx_2024-01_63930,Merchant previously linked to fraud ring.,2025-10-04 08:57:34
tx_2024-01_19354,Multiple failed attempts before success.,2025-08-13 19:10:00
tx_2024-01_7184,Merchant previously linked to fraud ring.,2025-12-17 16:09:23
tx_2024-01_78552,Cardholder reported unauthorized transaction.,2025-03-26 03:30:29
tx_2024-01_32175,Device fingerprint inconsistent.,2025-09-25 13:58:36
tx_2024-01_132015,Cardholder reported unauthorized transaction.,2025-08-16 11:38:47
tx_2024-01_83545,Multiple failed attempts before success.,2025-10-15 23:47:55
tx_2024-01_42028,Cardholder reported unauthorized transaction.,2025-03-07 03:08:35
tx_2024-01_61142,Merchant previously linked to fraud ring.,2025-02-17 06:25:12
tx_2024-01_25747,Cardholder reported unauthorized transaction.,2025-12-07 06:55:52
tx_2024-01_86804,Merchant previously linked to fraud ring.,2025-10-25 00:00:07
tx_2024-01_41007,Device fingerprint inconsistent.,2025-05-12 05:29:00
tx_2024-01_40421,Device fingerprint inconsistent.,2025-07-11 22:54:33
tx_2024-01_14242,Multiple failed attempts before success.,2025-02-26 21:58:44
tx_2024-01_65187,Cardholder reported unauthorized transaction.,2025-06-14 11:55:46
tx_2024-01_56525,Multiple failed attempts before success.,2025-03-06 12:45:02
tx_2024-01_127451,Multiple failed attempts before success.,2025-12-17 11:30:47
tx_2024-01_97508,Merchant previously linked to fraud ring.,2025-04-17 18:07:01
tx_2024-01_106718,Cardholder reported unauthorized transaction.,2025-04-13 21:47:55
tx_2024-01_110318,Multiple failed attempts before success.,2025-03-14 12:54:56
tx_2024-01_69080,Cardholder reported unauthorized transaction.,2025-07-14 00:29:02
tx_2024-01_40669,Multiple failed attempts before success.,2025-01-30 23:20:06
tx_2024-01_129225,Multiple failed attempts before success.,2025-02-19 23:57:46
tx_2024-01_104626,Merchant previously linked to fraud ring.,2025-07-03 02:01:48
tx_2024-01_12723,Cardholder reported unauthorized transaction.,2025-02-06 17:58:53
tx_2024-01_58,Multiple failed attempts before success.,2025-07-20 17:59:44
tx_2024-01_129112,Multiple failed attempts before success.,2025-11-12 18:48:17
tx_2024-01_21489,Multiple failed attempts before success.,2025-06-10 21:47:52
tx_2024-01_59660,Cardholder reported unauthorized transaction.,2025-07-01 20:53:23
tx_2024-01_38467,Multiple failed attempts before success.,2025-05-28 21:10:05
tx_2024-01_7089,Multiple failed attempts before success.,2025-09-15 12:44:23
tx_2024-01_141552,Multiple failed attempts before success.,2025-05-08 06:36:41
tx_2024-01_142593,Multiple failed attempts before success.,2025-08-04 13:57:58
tx_2024-01_42697,Device fingerprint inconsistent.,2025-05-04 22:22:14
tx_2024-01_25128,Cardholder reported unauthorized transaction.,2025-12-15 00:22:48
tx_2024-01_117978,Multiple failed attempts before success.,2025-06-24 05:13:48
tx_2024-01_20614,Device fingerprint inconsistent.,2025-11-27 15:49:31
tx_2024-01_91270,Device fingerprint inconsistent.,2025-05-02 16:18:22
tx_2024-01_93106,Device fingerprint inconsistent.,2025-08-01 04:03:50
tx_2024-01_100991,Merchant previously linked to fraud ring.,2025-08-22 13:11:45
tx_2024-01_143944,Merchant previously linked to fraud ring.,2025-10-08 13:13:12
tx_2024-01_93251,Merchant previously linked to fraud ring.,2025-10-04 04:04:59
tx_2024-01_23279,Merchant previously linked to fraud ring.,2025-08-12 04:35:20
tx_2024-01_1729,Device fingerprint inconsistent.,2025-03-12 22:44:19
tx_2024-01_69309,Device fingerprint inconsistent.,2025-05-22 08:26:18
tx_2024-01_71437,Device fingerprint inconsistent.,2025-02-17 07:18:00
tx_2024-01_89748,Device fingerprint inconsistent.,2025-09-13 14:35:46
tx_2024-01_148593,Merchant previously linked to fraud ring.,2025-06-13 09:21:54
tx_2024-01_37325,Multiple failed attempts before success.,2025-10-28 10:31:30
tx_2024-01_24713,Multiple failed attempts before success.,2025-03-30 05:15:23
tx_2024-01_96497,Multiple failed attempts before success.,2025-06-13 19:25:51
tx_2024-01_749,Multiple failed attempts before success.,2025-10-23 15:35:41
tx_2024-01_105220,Merchant previously linked to fraud ring.,2025-02-20 10:38:48
tx_2024-01_35945,Multiple failed attempts before success.,2025-06-24 12:03:04
tx_2024-01_142363,Cardholder reported unauthorized transaction.,2025-04-25 04:28:35
tx_2024-01_103474,Cardholder reported unauthorized transaction.,2025-01-28 05:58:49
tx_2024-01_1464,Multiple failed attempts before success.,2025-06-11 01:29:42
tx_2024-01_73491,Multiple failed attempts before success.,2025-01-21 05:26:13
tx_2024-01_98569,Device fingerprint inconsistent.,2025-08-23 01:19:48
tx_2024-01_96265,Merchant previously linked to fraud ring.,2025-10-04 18:47:53
tx_2024-01_23527,Cardholder reported unauthorized transaction.,2025-01-18 01:48:24
tx_2024-01_20063,Cardholder reported unauthorized transaction.,2025-04-19 08:00:21
tx_2024-01_35360,Merchant previously linked to fraud ring.,2025-11-28 03:58:12
tx_2024-01_133323,Cardholder reported unauthorized transaction.,2025-05-28 05:05:15
tx_2024-01_123998,Merchant previously linked to fraud ring.,2025-09-05 10:18:16
tx_2024-01_85216,Merchant previously linked to fraud ring.,2025-04-07 18:10:43
tx_2024-01_9002,Multiple failed attempts before success.,2025-01-05 05:05:29
tx_2024-01_100828,Device fingerprint inconsistent.,2025-08-19 08:15:04
tx_2024-01_68828,Cardholder reported unauthorized transaction.,2025-07-22 09:36:41
tx_2024-01_36957,Cardholder reported unauthorized transaction.,2025-07-27 02:05:50
tx_2024-01_141967,Multiple failed attempts before success.,2025-01-13 09:17:45
tx_2024-01_93190,Cardholder reported unauthorized transaction.,2025-06-13 05:43:36
tx_2024-01_9715,Device fingerprint inconsistent.,2025-09-10 13:34:48
tx_2024-01_42452,Merchant previously linked to fraud ring.,2025-05-07 06:28:53
tx_2024-01_108797,Device fingerprint inconsistent.,2025-07-29 00:10:00
tx_2024-01_105323,Cardholder reported unauthorized transaction.,2025-08-31 13:49:38
tx_2024-01_100643,Device fingerprint inconsistent.,2025-03-16 15:59:48
tx_2024-01_43104,Cardholder reported unauthorized transaction.,2025-08-27 03:50:22
tx_2024-01_97692,Device fingerprint inconsistent.,2025-10-30 23:00:08
tx_2024-01_24790,Device fingerprint inconsistent.,2025-05-24 01:50:19
tx_2024-01_114336,Merchant previously linked to fraud ring.,2025-06-09 11:41:24
tx_2024-01_96221,Cardholder reported unauthorized transaction.,2025-04-16 10:05:11
tx_2024-01_136749,Multiple failed attempts before success.,2025-11-26 03:10:38
tx_2024-01_149414,Cardholder reported unauthorized transaction.,2025-12-14 08:18:06
tx_2024-01_68883,Cardholder reported unauthorized transaction.,2025-10-22 09:02:41
tx_2024-01_82264,Cardholder reported unauthorized transaction.,2025-01-03 16:00:29
tx_2024-01_26415,Merchant previously linked to fraud ring.,2025-05-24 15:48:40
tx_2024-01_22862,Merchant previously linked to fraud ring.,2025-04-25 05:37:30
tx_2024-01_88052,Cardholder reported unauthorized transaction.,2025-05-04 04:27:18
tx_2024-01_107679,Merchant previously linked to fraud ring.,2025-12-06 14:03:22
tx_2024-01_79987,Cardholder reported unauthorized transaction.,2025-03-12 18:05:44
tx_2024-01_41580,Device fingerprint inconsistent.,2025-12-16 12:34:51
tx_2024-01_118141,Multiple failed attempts before success.,2025-02-15 15:53:46
tx_2024-01_66783,Merchant previously linked to fraud ring.,2025-07-08 05:01:51
tx_2024-01_80786,Multiple failed attempts before success.,2025-04-30 03:11:57
tx_2024-01_122724,Merchant previously linked to fraud ring.,2025-07-08 16:28:09
tx_2024-01_64809,Device fingerprint inconsistent.,2025-09-06 19:48:00
tx_2024-01_104223,Merchant previously linked to fraud ring.,2025-08-30 01:51:20
tx_2024-01_53445,Multiple failed attempts before success.,2025-05-31 17:05:28
tx_2024-01_121278,Multiple failed attempts before success.,2025-02-13 18:07:28
tx_2024-01_8893,Multiple failed attempts before success.,2025-02-06 01:49:02
tx_2024-01_74756,Multiple failed attempts before success.,2025-05-28 11:35:49
tx_2024-01_94564,Device fingerprint inconsistent.,2025-11-04 02:16:45
tx_2024-01_119741,Merchant previously linked to fraud ring.,2025-07-01 12:13:42
tx_2024-01_138058,Multiple failed attempts before success.,2025-12-14 11:46:07
tx_2024-01_100988,Merchant previously linked to fraud ring.,2025-11-06 08:24:30
tx_2024-01_127375,Merchant previously linked to fraud ring.,2025-03-22 19:45:25
tx_2024-01_39614,Cardholder reported unauthorized transaction.,2025-09-04 10:10:12
tx_2024-01_42473,Multiple failed attempts before success.,2025-04-13 21:07:38
tx_2024-01_100944,Cardholder reported unauthorized transaction.,2025-10-25 11:29:44
tx_2024-01_139382,Multiple failed attempts before success.,2025-02-19 20:35:36
tx_2024-01_9234,Cardholder reported unauthorized transaction.,2025-07-20 17:01:26
tx_2024-01_129721,Merchant previously linked to fraud ring.,2025-06-24 19:43:57
tx_2024-01_79052,Device fingerprint inconsistent.,2025-07-06 08:38:10
tx_2024-01_127109,Merchant previously linked to fraud ring.,2025-03-23 22:31:15
tx_2024-01_131245,Cardholder reported unauthorized transaction.,2025-11-24 11:44:18
tx_2024-01_99136,Merchant previously linked to fraud ring.,2025-03-03 02:33:36
tx_2024-01_97782,Multiple failed attempts before success.,2025-04-20 06:41:06
tx_2024-01_82646,Cardholder reported unauthorized transaction.,2025-05-25 10:26:54
tx_2024-01_74048,Device fingerprint inconsistent.,2025-03-02 20:03:02
tx_2024-01_76672,Multiple failed attempts before success.,2025-08-29 21:10:33
tx_2024-01_148534,Device fingerprint inconsistent.,2025-01-31 19:02:05
tx_2024-01_12767,Cardholder reported unauthorized transaction.,2025-03-31 23:36:33
tx_2024-01_128757,Multiple failed attempts before success.,2025-01-08 07:46:00
tx_2024-01_87852,Merchant previously linked to fraud ring.,2025-06-14 13:52:01
tx_2024-01_118111,Multiple failed attempts before success.,2025-04-03 13:32:22
tx_2024-01_89973,Merchant previously linked to fraud ring.,2025-09-12 10:43:20
tx_2024-01_81424,Device fingerprint inconsistent.,2025-07-12 02:49:18
tx_2024-01_12908,Multiple failed attempts before success.,2025-07-05 08:38:17
tx_2024-01_111792,Device fingerprint inconsistent.,2025-05-08 12:12:21
tx_2024-01_42697,Merchant previously linked to fraud ring.,2025-01-13 17:13:25
tx_2024-01_115680,Cardholder reported unauthorized transaction.,2025-03-07 15:42:02
tx_2024-01_122233,Merchant previously linked to fraud ring.,2025-03-17 09:11:45
tx_2024-01_78177,Multiple failed attempts before success.,2025-04-19 07:08:33
tx_2024-01_49104,Multiple failed attempts before success.,2025-05-28 11:29:19
tx_2024-01_15992,Cardholder reported unauthorized transaction.,2025-10-20 08:51:46
tx_2024-01_36371,Cardholder reported unauthorized transaction.,2025-06-22 11:45:48
tx_2024-01_18325,Device fingerprint inconsistent.,2025-03-19 20:26:01
tx_2024-01_106494,Merchant previously linked to fraud ring.,2025-04-06 04:21:01
tx_2024-01_117745,Multiple failed attempts before success.,2025-02-19 02:54:08
tx_2024-01_33927,Cardholder reported unauthorized transaction.,2025-06-03 15:31:10
tx_2024-01_38087,Multiple failed attempts before success.,2025-05-28 00:45:08
tx_2024-01_70987,Merchant previously linked to fraud ring.,2025-06-13 01:33:22
tx_2024-01_118723,Merchant previously linked to fraud ring.,2025-05-26 18:19:57
tx_2024-01_84191,Device fingerprint inconsistent.,2025-04-09 05:00:50
tx_2024-01_22020,Cardholder reported unauthorized transaction.,2025-11-29 14:05:36
tx_2024-01_27636,Cardholder reported unauthorized transaction.,2025-10-11 14:31:18
tx_2024-01_45126,Cardholder reported unauthorized transaction.,2025-11-27 14:41:28
tx_2024-01_71262,Device fingerprint inconsistent.,2025-12-13 08:54:18
tx_2024-01_37692,Cardholder reported unauthorized transaction.,2025-11-08 19:06:25
tx_2024-01_72593,Multiple failed attempts before success.,2025-03-19 03:21:57
tx_2024-01_63300,Multiple failed attempts before success.,2025-01-16 07:09:18
tx_2024-01_7512,Multiple failed attempts before success.,2025-02-15 12:01:21
tx_2024-01_73020,Cardholder reported unauthorized transaction.,2025-07-14 10:08:04
tx_2024-01_106098,Device fingerprint inconsistent.,2025-06-01 15:25:46
tx_2024-01_109789,Merchant previously linked to fraud ring.,2025-08-21 22:35:56
tx_2024-01_95011,Multiple failed attempts before success.,2025-10-08 17:42:04
tx_2024-01_96654,Multiple failed attempts before success.,2025-07-08 08:08:53
tx_2024-01_56590,Merchant previously linked to fraud ring.,2025-06-26 07:45:55
tx_2024-01_55678,Merchant previously linked to fraud ring.,2025-02-28 22:02:54
tx_2024-01_64352,Merchant previously linked to fraud ring.,2025-05-18 15:23:39
tx_2024-01_54628,Cardholder reported unauthorized transaction.,2025-02-21 12:48:37
tx_2024-01_121590,Cardholder reported unauthorized transaction.,2025-07-17 12:12:04
tx_2024-01_23662,Multiple failed attempts before success.,2025-01-31 17:55:49
tx_2024-01_89763,Merchant previously linked to fraud ring.,2025-09-14 17:56:17
tx_2024-01_131844,Device fingerprint inconsistent.,2025-07-25 14:56:01
tx_2024-01_57551,Multiple failed attempts before success.,2025-03-17 22:20:19
tx_2024-01_115797,Cardholder reported unauthorized transaction.,2025-01-05 09:30:32
tx_2024-01_82023,Merchant previously linked to fraud ring.,2025-01-21 04:39:40
tx_2024-01_102202,Multiple failed attempts before success.,2025-04-19 20:56:51
tx_2024-01_119699,Multiple failed attempts before success.,2025-07-16 20:42:37
tx_2024-01_122412,Cardholder reported unauthorized transaction.,2025-12-09 04:32:12
tx_2024-01_143394,Merchant previously linked to fraud ring.,2025-04-14 18:09:59
tx_2024-01_71344,Multiple failed attempts before success.,2025-03-29 19:27:58
tx_2024-01_122080,Merchant previously linked to fraud ring.,2025-02-21 12:25:59
tx_2024-01_138775,Device fingerprint inconsistent.,2025-12-17 00:19:06
tx_2024-01_29448,Merchant previously linked to fraud ring.,2025-05-06 21:08:58
tx_2024-01_18268,Cardholder reported unauthorized transaction.,2025-07-01 11:16:15
tx_2024-01_71934,Cardholder reported unauthorized transaction.,2025-03-15 21:58:25
tx_2024-01_87040,Device fingerprint inconsistent.,2025-01-22 16:01:08
tx_2024-01_140822,Device fingerprint inconsistent.,2025-09-21 04:10:10
tx_2024-01_50362,Device fingerprint inconsistent.,2025-04-19 06:23:58
tx_2024-01_70422,Device fingerprint inconsistent.,2025-08-20 14:00:52
tx_2024-01_90997,Cardholder reported unauthorized transaction.,2025-09-12 14:31:24
tx_2024-01_84373,Device fingerprint inconsistent.,2025-11-11 08:53:30
tx_2024-01_74558,Cardholder reported unauthorized transaction.,2025-05-08 22:16:42
tx_2024-01_130174,Multiple failed attempts before success.,2025-01-01 02:01:43
tx_2024-01_39355,Merchant previously linked to fraud ring.,2025-11-19 17:26:07
tx_2024-01_47847,Merchant previously linked to fraud ring.,2025-09-03 19:23:47
tx_2024-01_137673,Multiple failed attempts before success.,2025-10-18 01:18:35
tx_2024-01_17044,Multiple failed attempts before success.,2025-04-03 17:02:22
tx_2024-01_93028,Device fingerprint inconsistent.,2025-02-22 14:02:14
tx_2024-01_8930,Cardholder reported unauthorized transaction.,2025-08-19 21:30:56
tx_2024-01_146743,Cardholder reported unauthorized transaction.,2025-05-25 00:16:46
tx_2024-01_92272,Multiple failed attempts before success.,2025-08-05 22:58:23
tx_2024-01_81635,Merchant previously linked to fraud ring.,2025-06-09 21:50:21
tx_2024-01_82118,Multiple failed attempts before success.,2025-01-02 16:25:04
tx_2024-01_83209,Cardholder reported unauthorized transaction.,2025-02-06 08:48:37
tx_2024-01_28304,Merchant previously linked to fraud ring.,2025-09-11 21:26:46
tx_2024-01_119234,Device fingerprint inconsistent.,2025-04-13 14:25:52
tx_2024-01_123089,Multiple failed attempts before success.,2025-01-28 09:40:34
tx_2024-01_93757,Device fingerprint inconsistent.,2025-07-26 01:12:04
tx_2024-01_101559,Device fingerprint inconsistent.,2025-06-12 18:12:35
tx_2024-01_97164,Merchant previously linked to fraud ring.,2025-09-14 09:07:44
tx_2024-01_142162,Cardholder reported unauthorized transaction.,2025-05-19 09:06:21
tx_2024-01_108497,Multiple failed attempts before success.,2025-03-17 07:32:25
tx_2024-01_131782,Device fingerprint inconsistent.,2025-09-28 21:57:30
tx_2024-01_38774,Device fingerprint inconsistent.,2025-11-05 20:13:59
tx_2024-01_146253,Cardholder reported unauthorized transaction.,2025-01-15 21:59:27
tx_2024-01_55529,Device fingerprint inconsistent.,2025-01-04 10:45:41
tx_2024-01_73267,Cardholder reported unauthorized transaction.,2025-08-06 05:21:48
tx_2024-01_62190,Cardholder reported unauthorized transaction.,2025-03-15 03:52:23
tx_2024-01_113175,Multiple failed attempts before success.,2025-11-15 22:49:30
tx_2024-01_133273,Merchant previously linked to fraud ring.,2025-03-02 17:52:39
tx_2024-01_62613,Multiple failed attempts before success.,2025-05-21 08:39:15
tx_2024-01_96614,Merchant previously linked to fraud ring.,2025-08-28 14:26:51
tx_2024-01_83329,Cardholder reported unauthorized transaction.,2025-04-25 20:50:32
tx_2024-01_73738,Cardholder reported unauthorized transaction.,2025-06-18 22:16:07
tx_2024-01_30666,Cardholder reported unauthorized transaction.,2025-02-10 07:10:17
tx_2024-01_56042,Cardholder reported unauthorized transaction.,2025-01-15 16:35:09
tx_2024-01_49317,Device fingerprint inconsistent.,2025-11-09 02:35:11
tx_2024-01_79246,Multiple failed attempts before success.,2025-07-30 08:39:58
tx_2024-01_71262,Multiple failed attempts before success.,2025-01-18 14:03:14
tx_2024-01_91884,Device fingerprint inconsistent.,2025-08-01 13:40:46
tx_2024-01_16995,Multiple failed attempts before success.,2025-07-17 04:49:56
tx_2024-01_91511,Device fingerprint inconsistent.,2025-07-07 04:32:21
tx_2024-01_54810,Cardholder reported unauthorized transaction.,2025-07-22 03:29:17
tx_2024-01_121080,Cardholder reported unauthorized transaction.,2025-01-26 02:23:12
tx_2024-01_20981,Device fingerprint inconsistent.,2025-11-18 15:04:55
tx_2024-01_77483,Multiple failed attempts before success.,2025-09-23 15:30:18
tx_2024-01_32659,Device fingerprint inconsistent.,2025-10-17 11:24:30
tx_2024-01_77916,Merchant previously linked to fraud ring.,2025-04-03 16:31:24
tx_2024-01_147752,Merchant previously linked to fraud ring.,2025-06-16 03:23:00
tx_2024-01_22601,Merchant previously linked to fraud ring.,2025-07-15 03:11:18
tx_2024-01_103386,Cardholder reported unauthorized transaction.,2025-06-28 17:32:33
tx_2024-01_30193,Merchant previously linked to fraud ring.,2025-09-18 20:13:01
tx_2024-01_110922,Cardholder reported unauthorized transaction.,2025-02-13 21:46:21
tx_2024-01_56330,Cardholder reported unauthorized transaction.,2025-11-29 17:39:36
tx_2024-01_106012,Merchant previously linked to fraud ring.,2025-12-07 08:37:32
tx_2024-01_51505,Cardholder reported unauthorized transaction.,2025-07-29 04:17:23
tx_2024-01_97351,Device fingerprint inconsistent.,2025-04-29 21:12:43
tx_2024-01_78825,Device fingerprint inconsistent.,2025-06-06 13:05:44
tx_2024-01_26740,Multiple failed attempts before success.,2025-06-06 11:35:34
tx_2024-01_59664,Device fingerprint inconsistent.,2025-05-24 22:31:41
tx_2024-01_123869,Multiple failed attempts before success.,2025-06-02 01:57:56
tx_2024-01_137990,Multiple failed attempts before success.,2025-08-21 19:08:15
tx_2024-01_31943,Cardholder reported unauthorized transaction.,2025-11-30 18:47:49
tx_2024-01_42021,Device fingerprint inconsistent.,2025-04-08 21:11:37
tx_2024-01_86999,Device fingerprint inconsistent.,2025-03-09 21:14:12
tx_2024-01_69992,Cardholder reported unauthorized transaction.,2025-01-28 11:55:32
tx_2024-01_27320,Cardholder reported unauthorized transaction.,2025-02-16 22:09:23
tx_2024-01_110239,Multiple failed attempts before success.,2025-11-08 02:11:24
tx_2024-01_34512,Merchant previously linked to fraud ring.,2025-02-07 23:21:07
tx_2024-01_76150,Cardholder reported unauthorized transaction.,2025-06-13 11:50:16
tx_2024-01_118806,Cardholder reported unauthorized transaction.,2025-11-08 14:33:04
tx_2024-01_11712,Device fingerprint inconsistent.,2025-07-23 06:32:58
tx_2024-01_40862,Device fingerprint inconsistent.,2025-10-26 04:10:26
tx_2024-01_84040,Multiple failed attempts before success.,2025-06-23 01:21:47
tx_2024-01_62514,Merchant previously linked to fraud ring.,2025-08-10 14:10:38
tx_2024-01_107794,Merchant previously linked to fraud ring.,2025-07-07 00:17:38
tx_2024-01_128468,Merchant previously linked to fraud ring.,2025-10-13 12:50:08
tx_2024-01_6267,Device fingerprint inconsistent.,2025-05-15 21:02:35
tx_2024-01_78268,Merchant previously linked to fraud ring.,2025-10-08 15:05:54
tx_2024-01_91427,Multiple failed attempts before success.,2025-02-03 20:13:48
tx_2024-01_6469,Device fingerprint inconsistent.,2025-07-09 18:35:52
tx_2024-01_1836,Cardholder reported unauthorized transaction.,2025-07-25 18:11:25
tx_2024-01_74054,Cardholder reported unauthorized transaction.,2025-12-18 18:16:15
tx_2024-01_126097,Cardholder reported unauthorized transaction.,2025-04-04 07:56:46
tx_2024-01_109538,Multiple failed attempts before success.,2025-11-14 08:32:29
tx_2024-01_103502,Multiple failed attempts before success.,2025-07-24 14:21:23
tx_2024-01_80127,Cardholder reported unauthorized transaction.,2025-08-12 19:06:55
tx_2024-01_3961,Multiple failed attempts before success.,2025-09-24 09:35:49
tx_2024-01_41533,Cardholder reported unauthorized transaction.,2025-03-14 05:09:14
tx_2024-01_139074,Device fingerprint inconsistent.,2025-03-10 06:16:53
tx_2024-01_90507,Multiple failed attempts before success.,2025-06-23 08:36:41
tx_2024-01_108730,Device fingerprint inconsistent.,2025-05-31 02:45:50
tx_2024-01_77108,Device fingerprint inconsistent.,2025-10-20 17:54:10
tx_2024-01_10791,Merchant previously linked to fraud ring.,2025-03-16 08:14:49
tx_2024-01_87875,Cardholder reported unauthorized transaction.,2025-01-15 01:07:20
tx_2024-01_102236,Merchant previously linked to fraud ring.,2025-04-02 02:27:36
tx_2024-01_40566,Merchant previously linked to fraud ring.,2025-09-02 05:02:53
tx_2024-01_35300,Cardholder reported unauthorized transaction.,2025-04-13 02:23:30
tx_2024-01_76651,Cardholder reported unauthorized transaction.,2025-11-22 03:30:57
tx_2024-01_118042,Merchant previously linked to fraud ring.,2025-03-03 07:47:51
tx_2024-01_1488,Cardholder reported unauthorized transaction.,2025-02-01 07:54:03
tx_2024-01_119244,Merchant previously linked to fraud ring.,2025-09-03 02:57:43
tx_2024-01_23756,Cardholder reported unauthorized transaction.,2025-04-25 01:40:56
tx_2024-01_129429,Device fingerprint inconsistent.,2025-10-23 23:20:20
tx_2024-01_134277,Merchant previously linked to fraud ring.,2025-02-13 05:40:31
tx_2024-01_139717,Merchant previously linked to fraud ring.,2025-02-19 00:01:35
tx_2024-01_33636,Multiple failed attempts before success.,2025-06-16 16:45:10
tx_2024-01_25940,Merchant previously linked to fraud ring.,2025-10-16 05:16:44
tx_2024-01_24157,Cardholder reported unauthorized transaction.,2025-12-10 21:25:05
tx_2024-01_53019,Cardholder reported unauthorized transaction.,2025-10-05 07:45:07
tx_2024-01_23623,Device fingerprint inconsistent.,2025-03-25 15:32:09
tx_2024-01_84325,Device fingerprint inconsistent.,2025-01-19 02:56:43
tx_2024-01_139842,Device fingerprint inconsistent.,2025-11-14 00:30:50
tx_2024-01_51014,Device fingerprint inconsistent.,2025-02-01 12:00:12
tx_2024-01_115307,Merchant previously linked to fraud ring.,2025-12-08 05:26:50
tx_2024-01_18201,Cardholder reported unauthorized transaction.,2025-10-23 02:04:18
tx_2024-01_90411,Cardholder reported unauthorized transaction.,2025-07-30 04:30:40
tx_2024-01_18822,Cardholder reported unauthorized transaction.,2025-08-06 10:02:43
tx_2024-01_68404,Device fingerprint inconsistent.,2025-05-25 19:54:28
tx_2024-01_51466,Cardholder reported unauthorized transaction.,2025-03-07 08:45:41
tx_2024-01_80097,Multiple failed attempts before success.,2025-05-10 16:09:02
tx_2024-01_26328,Multiple failed attempts before success.,2025-02-02 22:44:50
tx_2024-01_87406,Multiple failed attempts before success.,2025-03-13 09:05:02
tx_2024-01_6708,Cardholder reported unauthorized transaction.,2025-05-14 16:53:54
tx_2024-01_36822,Cardholder reported unauthorized transaction.,2025-10-19 00:37:03
tx_2024-01_133908,Merchant previously linked to fraud ring.,2025-10-27 06:22:43
tx_2024-01_68255,Cardholder reported unauthorized transaction.,2025-06-04 19:14:15
tx_2024-01_109650,Device fingerprint inconsistent.,2025-06-08 22:49:58
tx_2024-01_72486,Merchant previously linked to fraud ring.,2025-06-25 00:22:05
tx_2024-01_60263,Cardholder reported unauthorized transaction.,2025-11-18 13:23:38
tx_2024-01_124351,Device fingerprint inconsistent.,2025-07-14 15:16:22
tx_2024-01_107059,Multiple failed attempts before success.,2025-10-08 05:16:15
tx_2024-01_82706,Multiple failed attempts before success.,2025-07-07 14:41:27
tx_2024-01_129527,Merchant previously linked to fraud ring.,2025-10-29 09:53:17
tx_2024-01_6658,Device fingerprint inconsistent.,2025-12-10 07:59:01
tx_2024-01_95582,Device fingerprint inconsistent.,2025-04-08 17:31:50
tx_2024-01_118670,Cardholder reported unauthorized transaction.,2025-10-28 01:35:05
tx_2024-01_103436,Device fingerprint inconsistent.,2025-12-01 04:51:16
tx_2024-01_10461,Cardholder reported unauthorized transaction.,2025-07-17 20:19:59
tx_2024-01_120338,Cardholder reported unauthorized transaction.,2025-08-05 22:00:30
tx_2024-01_11018,Multiple failed attempts before success.,2025-05-08 15:42:03
tx_2024-01_136450,Merchant previously linked to fraud ring.,2025-01-06 17:22:43
tx_2024-01_129320,Device fingerprint inconsistent.,2025-06-02 02:39:02
tx_2024-01_69303,Device fingerprint inconsistent.,2025-02-26 17:36:06
tx_2024-01_139188,Multiple failed attempts before success.,2025-01-23 17:40:55
tx_2024-01_1112,Cardholder reported unauthorized transaction.,2025-07-04 21:11:41
tx_2024-01_48521,Multiple failed attempts before success.,2025-11-22 19:39:22
tx_2024-01_78500,Merchant previously linked to fraud ring.,2025-10-27 11:40:11
tx_2024-01_86853,Cardholder reported unauthorized transaction.,2025-05-02 00:22:30
tx_2024-01_61632,Multiple failed attempts before success.,2025-08-21 21:43:01
tx_2024-01_19709,Multiple failed attempts before success.,2025-04-12 15:42:43
tx_2024-01_3779,Cardholder reported unauthorized transaction.,2025-07-21 03:07:05
tx_2024-01_140160,Merchant previously linked to fraud ring.,2025-12-04 12:48:59
tx_2024-01_18532,Cardholder reported unauthorized transaction.,2025-05-12 16:41:01
tx_2024-01_129803,Merchant previously linked to fraud ring.,2025-04-15 04:41:16
tx_2024-01_32281,Cardholder reported unauthorized transaction.,2025-07-18 22:23:37
tx_2024-01_38934,Multiple failed attempts before success.,2025-04-07 15:11:46
tx_2024-01_132318,Device fingerprint inconsistent.,2025-03-18 01:36:01
tx_2024-01_136342,Device fingerprint inconsistent.,2025-05-25 16:02:28
tx_2024-01_69571,Device fingerprint inconsistent.,2025-01-14 04:41:07
tx_2024-01_141541,Device fingerprint inconsistent.,2025-06-01 00:10:04
tx_2024-01_36223,Multiple failed attempts before success.,2025-05-16 09:06:57
tx_2024-01_119744,Multiple failed attempts before success.,2025-09-26 20:29:09
tx_2024-01_92106,Cardholder reported unauthorized transaction.,2025-01-24 00:56:37
tx_2024-01_13477,Cardholder reported unauthorized transaction.,2025-02-15 02:10:20
tx_2024-01_60989,Multiple failed attempts before success.,2025-04-07 22:34:01
tx_2024-01_124182,Multiple failed attempts before success.,2025-02-19 08:33:10
tx_2024-01_84758,Merchant previously linked to fraud ring.,2025-03-09 05:49:21
tx_2024-01_33782,Multiple failed attempts before success.,2025-03-14 02:43:39
tx_2024-01_102379,Cardholder reported unauthorized transaction.,2025-09-22 20:24:22
tx_2024-01_138277,Cardholder reported unauthorized transaction.,2025-07-15 09:22:31
tx_2024-01_66892,Cardholder reported unauthorized transaction.,2025-12-17 04:02:28
tx_2024-01_26978,Merchant previously linked to fraud ring.,2025-06-28 09:45:43
tx_2024-01_61458,Device fingerprint inconsistent.,2025-05-15 09:15:09
tx_2024-01_123801,Cardholder reported unauthorized transaction.,2025-07-12 00:22:53
tx_2024-01_4323,Cardholder reported unauthorized transaction.,2025-09-16 10:35:25
tx_2024-01_29080,Multiple failed attempts before success.,2025-06-07 01:42:00
tx_2024-01_71342,Cardholder reported unauthorized transaction.,2025-09-30 13:47:53
tx_2024-01_32688,Device fingerprint inconsistent.,2025-01-10 08:30:46
tx_2024-01_14262,Multiple failed attempts before success.,2025-09-09 15:53:34
tx_2024-01_122974,Merchant previously linked to fraud ring.,2025-04-02 20:34:03
tx_2024-01_24966,Device fingerprint inconsistent.,2025-11-27 13:02:00
tx_2024-01_14942,Device fingerprint inconsistent.,2025-04-25 11:00:49
tx_2024-01_135722,Cardholder reported unauthorized transaction.,2025-01-06 12:06:37
tx_2024-01_110664,Device fingerprint inconsistent.,2025-02-21 02:17:17
tx_2024-01_43998,Device fingerprint inconsistent.,2025-09-19 21:17:33
tx_2024-01_106851,Merchant previously linked to fraud ring.,2025-12-02 21:16:50
tx_2024-01_66222,Merchant previously linked to fraud ring.,2025-09-20 16:24:42
tx_2024-01_118549,Merchant previously linked to fraud ring.,2025-09-06 22:03:04
tx_2024-01_87054,Device fingerprint inconsistent.,2025-11-03 18:55:54
tx_2024-01_19527,Device fingerprint inconsistent.,2025-11-15 17:46:17
tx_2024-01_63569,Multiple failed attempts before success.,2025-05-20 19:18:23
tx_2024-01_90242,Merchant previously linked to fraud ring.,2025-05-07 16:58:09
tx_2024-01_83153,Device fingerprint inconsistent.,2025-02-28 01:06:30
tx_2024-01_66279,Cardholder reported unauthorized transaction.,2025-05-23 00:07:08
tx_2024-01_95888,Merchant previously linked to fraud ring.,2025-03-21 13:52:29
tx_2024-01_63053,Merchant previously linked to fraud ring.,2025-11-18 12:40:40
tx_2024-01_43678,Cardholder reported unauthorized transaction.,2025-01-27 20:44:40
tx_2024-01_59844,Device fingerprint inconsistent.,2025-10-04 02:14:26
tx_2024-01_107285,Merchant previously linked to fraud ring.,2025-05-14 17:26:58
tx_2024-01_36973,Merchant previously linked to fraud ring.,2025-08-28 22:13:13
tx_2024-01_36352,Merchant previously linked to fraud ring.,2025-08-30 16:08:05
tx_2024-01_119648,Cardholder reported unauthorized transaction.,2025-10-25 21:20:53
tx_2024-01_25344,Merchant previously linked to fraud ring.,2025-06-25 03:44:14
tx_2024-01_107071,Device fingerprint inconsistent.,2025-08-31 16:52:21
tx_2024-01_52222,Device fingerprint inconsistent.,2025-11-14 01:57:55
tx_2024-01_23599,Multiple failed attempts before success.,2025-07-26 03:18:43
tx_2024-01_98324,Cardholder reported unauthorized transaction.,2025-10-31 14:54:12
tx_2024-01_95244,Multiple failed attempts before success.,2025-09-23 23:55:30
tx_2024-01_48465,Merchant previously linked to fraud ring.,2025-07-31 14:07:38
tx_2024-01_147671,Cardholder reported unauthorized transaction.,2025-06-02 08:39:01
tx_2024-01_123410,Cardholder reported unauthorized transaction.,2025-08-15 13:11:30
tx_2024-01_78225,Device fingerprint inconsistent.,2025-10-05 06:40:03
tx_2024-01_147682,Device fingerprint inconsistent.,2025-05-29 11:40:07
tx_2024-01_69096,Device fingerprint inconsistent.,2025-09-29 07:15:49
tx_2024-01_814,Cardholder reported unauthorized transaction.,2025-12-11 15:32:57
tx_2024-01_14775,Merchant previously linked to fraud ring.,2025-07-20 00:25:37
tx_2024-01_117350,Multiple failed attempts before success.,2025-02-27 01:28:29
tx_2024-01_64942,Cardholder reported unauthorized transaction.,2025-05-20 06:44:25
tx_2024-01_11707,Device fingerprint inconsistent.,2025-06-04 01:13:37
tx_2024-01_14069,Multiple failed attempts before success.,2025-06-30 01:48:34
tx_2024-01_125655,Cardholder reported unauthorized transaction.,2025-01-26 10:10:16
tx_2024-01_35297,Multiple failed attempts before success.,2025-06-10 17:06:15
tx_2024-01_24162,Multiple failed attempts before success.,2025-10-29 20:53:41
tx_2024-01_131110,Device fingerprint inconsistent.,2025-06-12 18:41:13
tx_2024-01_30524,Cardholder reported unauthorized transaction.,2025-06-13 14:23:31
tx_2024-01_13921,Multiple failed attempts before success.,2025-10-24 23:56:58
tx_2024-01_124992,Merchant previously linked to fraud ring.,2025-08-29 03:57:47
tx_2024-01_40927,Multiple failed attempts before success.,2025-01-28 18:59:28
tx_2024-01_86824,Multiple failed attempts before success.,2025-06-02 13:23:20
tx_2024-01_146578,Cardholder reported unauthorized transaction.,2025-07-22 11:48:19
tx_2024-01_61268,Merchant previously linked to fraud ring.,2025-03-29 02:40:00
tx_2024-01_69089,Cardholder reported unauthorized transaction.,2025-11-05 17:26:46
tx_2024-01_66619,Device fingerprint inconsistent.,2025-02-25 02:26:30
tx_2024-01_10723,Multiple failed attempts before success.,2025-03-28 11:40:22
tx_2024-01_50932,Device fingerprint inconsistent.,2025-10-30 06:32:33
tx_2024-01_64138,Multiple failed attempts before success.,2025-01-04 21:33:18
tx_2024-01_54159,Cardholder reported unauthorized transaction.,2025-12-02 13:59:47
tx_2024-01_3553,Multiple failed attempts before success.,2025-01-21 14:53:13
tx_2024-01_63152,Multiple failed attempts before success.,2025-09-12 04:41:40
tx_2024-01_98019,Cardholder reported unauthorized transaction.,2025-09-02 22:45:04
tx_2024-01_43300,Device fingerprint inconsistent.,2025-06-03 18:09:27
tx_2024-01_132016,Multiple failed attempts before success.,2025-12-11 12:20:33
tx_2024-01_118060,Device fingerprint inconsistent.,2025-05-31 18:40:55
tx_2024-01_100961,Merchant previously linked to fraud ring.,2025-03-05 08:54:35
tx_2024-01_143284,Device fingerprint inconsistent.,2025-09-02 13:31:47
tx_2024-01_136966,Device fingerprint inconsistent.,2025-12-05 12:51:52
tx_2024-01_143670,Cardholder reported unauthorized transaction.,2025-05-04 10:27:13
tx_2024-01_145193,Device fingerprint inconsistent.,2025-10-05 09:35:59
tx_2024-01_47553,Multiple failed attempts before success.,2025-01-20 12:53:36
tx_2024-01_63755,Device fingerprint inconsistent.,2025-12-19 02:59:47
tx_2024-01_141258,Device fingerprint inconsistent.,2025-04-19 00:00:39
tx_2024-01_120134,Device fingerprint inconsistent.,2025-04-29 06:30:37
tx_2024-01_73819,Device fingerprint inconsistent.,2025-09-03 05:06:59
tx_2024-01_25546,Merchant previously linked to fraud ring.,2025-12-05 21:00:48
tx_2024-01_29270,Device fingerprint inconsistent.,2025-08-18 13:24:17
tx_2024-01_10197,Multiple failed attempts before success.,2025-09-18 04:21:33
tx_2024-01_137190,Merchant previously linked to fraud ring.,2025-02-27 19:56:36
tx_2024-01_59631,Multiple failed attempts before success.,2025-02-03 16:18:46
tx_2024-01_65310,Cardholder reported unauthorized transaction.,2025-04-20 15:50:05
tx_2024-01_34784,Device fingerprint inconsistent.,2025-08-20 18:59:10
tx_2024-01_59017,Merchant previously linked to fraud ring.,2025-09-30 08:01:31
tx_2024-01_70083,Cardholder reported unauthorized transaction.,2025-05-18 15:33:36
tx_2024-01_26730,Device fingerprint inconsistent.,2025-01-29 20:24:15
tx_2024-01_21918,Device fingerprint inconsistent.,2025-09-09 21:57:38
tx_2024-01_5401,Multiple failed attempts before success.,2025-09-24 14:40:22
tx_2024-01_130774,Multiple failed attempts before success.,2025-07-16 12:16:21
tx_2024-01_56269,Merchant previously linked to fraud ring.,2025-08-10 19:44:45
tx_2024-01_144102,Device fingerprint inconsistent.,2025-01-09 13:53:29
tx_2024-01_59982,Merchant previously linked to fraud ring.,2025-12-17 23:19:43
tx_2024-01_50959,Device fingerprint inconsistent.,2025-04-25 11:07:19
tx_2024-01_110722,Merchant previously linked to fraud ring.,2025-06-06 20:56:32
tx_2024-01_42860,Merchant previously linked to fraud ring.,2025-09-17 15:45:45
tx_2024-01_125773,Cardholder reported unauthorized transaction.,2025-02-09 02:41:21
tx_2024-01_45533,Cardholder reported unauthorized transaction.,2025-05-14 19:22:16
tx_2024-01_86145,Merchant previously linked to fraud ring.,2025-12-19 01:40:06
tx_2024-01_119924,Cardholder reported unauthorized transaction.,2025-04-07 02:25:41
tx_2024-01_139460,Cardholder reported unauthorized transaction.,2025-05-21 20:57:10
tx_2024-01_79592,Cardholder reported unauthorized transaction.,2025-03-08 10:15:47
tx_2024-01_111686,Merchant previously linked to fraud ring.,2025-03-14 06:26:03
tx_2024-01_71330,Cardholder reported unauthorized transaction.,2025-11-03 03:33:03
tx_2024-01_145287,Device fingerprint inconsistent.,2025-02-24 22:10:53
tx_2024-01_89997,Cardholder reported unauthorized transaction.,2025-09-18 01:04:47
tx_2024-01_39134,Multiple failed attempts before success.,2025-12-03 22:37:15
tx_2024-01_131819,Device fingerprint inconsistent.,2025-09-10 18:13:09
tx_2024-01_1957,Cardholder reported unauthorized transaction.,2025-11-09 14:42:25
tx_2024-01_111094,Multiple failed attempts before success.,2025-03-15 02:57:53
tx_2024-01_51629,Cardholder reported unauthorized transaction.,2025-12-16 12:04:10
tx_2024-01_899,Device fingerprint inconsistent.,2025-11-24 13:32:27
tx_2024-01_134734,Merchant previously linked to fraud ring.,2025-03-08 19:40:12
tx_2024-01_54939,Device fingerprint inconsistent.,2025-09-26 08:33:00
tx_2024-01_136204,Device fingerprint inconsistent.,2025-06-17 09:04:06
tx_2024-01_129377,Merchant previously linked to fraud ring.,2025-04-08 18:21:17
tx_2024-01_71315,Cardholder reported unauthorized transaction.,2025-08-29 08:42:20
tx_2024-01_128685,Cardholder reported unauthorized transaction.,2025-06-20 16:37:38
tx_2024-01_50521,Cardholder reported unauthorized transaction.,2025-02-02 08:09:39
tx_2024-01_45684,Multiple failed attempts before success.,2025-03-26 12:49:35
tx_2024-01_127538,Multiple failed attempts before success.,2025-06-11 04:53:14
tx_2024-01_104487,Multiple failed attempts before success.,2025-06-01 20:27:20
tx_2024-01_42412,Cardholder reported unauthorized transaction.,2025-03-14 14:01:00
tx_2024-01_73353,Device fingerprint inconsistent.,2025-11-24 01:22:22
tx_2024-01_137468,Merchant previously linked to fraud ring.,2025-08-09 11:16:53
tx_2024-01_73136,Multiple failed attempts before success.,2025-10-28 03:00:14
tx_2024-01_61081,Cardholder reported unauthorized transaction.,2025-08-24 14:21:13
tx_2024-01_123677,Multiple failed attempts before success.,2025-08-12 13:39:53
tx_2024-01_26356,Multiple failed attempts before success.,2025-01-25 04:56:10
tx_2024-01_97090,Device fingerprint inconsistent.,2025-08-22 09:10:35
tx_2024-01_33410,Cardholder reported unauthorized transaction.,2025-08-24 14:22:43
tx_2024-01_30921,Cardholder reported unauthorized transaction.,2025-08-11 14:32:10
tx_2024-01_23811,Device fingerprint inconsistent.,2025-12-06 20:56:59
tx_2024-01_16716,Multiple failed attempts before success.,2025-05-16 09:11:34
tx_2024-01_140067,Merchant previously linked to fraud ring.,2025-09-15 17:06:59
tx_2024-01_137075,Device fingerprint inconsistent.,2025-05-07 09:13:55
tx_2024-01_104995,Merchant previously linked to fraud ring.,2025-10-20 21:20:07
tx_2024-01_148624,Device fingerprint inconsistent.,2025-09-08 15:20:41
tx_2024-01_135202,Multiple failed attempts before success.,2025-10-05 17:12:44
tx_2024-01_144016,Merchant previously linked to fraud ring.,2025-10-02 17:17:57
tx_2024-01_91462,Merchant previously linked to fraud ring.,2025-08-21 02:08:27
tx_2024-01_105531,Device fingerprint inconsistent.,2025-01-22 13:38:00
tx_2024-01_76591,Multiple failed attempts before success.,2025-09-07 14:37:48
tx_2024-01_131179,Cardholder reported unauthorized transaction.,2025-08-20 14:58:13
tx_2024-01_121057,Multiple failed attempts before success.,2025-08-19 21:02:47
tx_2024-01_146042,Device fingerprint inconsistent.,2025-11-10 04:42:54
tx_2024-01_145444,Cardholder reported unauthorized transaction.,2025-01-20 00:37:29
tx_2024-01_129428,Multiple failed attempts before success.,2025-01-30 06:08:40
tx_2024-01_72244,Multiple failed attempts before success.,2025-01-23 22:31:50
tx_2024-01_140137,Merchant previously linked to fraud ring.,2025-08-06 18:43:40
tx_2024-01_59132,Device fingerprint inconsistent.,2025-02-04 04:27:57
tx_2024-01_80671,Device fingerprint inconsistent.,2025-04-23 04:38:12
tx_2024-01_28513,Multiple failed attempts before success.,2025-08-12 17:44:37
tx_2024-01_131466,Merchant previously linked to fraud ring.,2025-12-01 00:19:31
tx_2024-01_139553,Multiple failed attempts before success.,2025-08-13 18:20:46
tx_2024-01_119033,Merchant previously linked to fraud ring.,2025-03-27 18:46:35
tx_2024-01_31409,Device fingerprint inconsistent.,2025-10-29 05:21:43
tx_2024-01_47768,Device fingerprint inconsistent.,2025-06-16 16:37:15
tx_2024-01_100167,Multiple failed attempts before success.,2025-09-04 11:35:08
tx_2024-01_98006,Merchant previously linked to fraud ring.,2025-10-06 11:25:37
tx_2024-01_64593,Cardholder reported unauthorized transaction.,2025-01-27 02:05:17
tx_2024-01_72593,Cardholder reported unauthorized transaction.,2025-11-12 14:44:23
tx_2024-01_51491,Merchant previously linked to fraud ring.,2025-10-17 04:17:37
tx_2024-01_82237,Cardholder reported unauthorized transaction.,2025-07-06 06:35:53
tx_2024-01_77489,Multiple failed attempts before success.,2025-01-08 22:35:07
tx_2024-01_126276,Merchant previously linked to fraud ring.,2025-10-13 03:54:02
tx_2024-01_78803,Cardholder reported unauthorized transaction.,2025-12-09 10:27:01
tx_2024-01_10660,Multiple failed attempts before success.,2025-02-06 01:36:16
tx_2024-01_39560,Cardholder reported unauthorized transaction.,2025-06-07 09:30:06
tx_2024-01_144314,Device fingerprint inconsistent.,2025-02-09 11:46:31
tx_2024-01_70917,Multiple failed attempts before success.,2025-01-15 11:34:30
tx_2024-01_123091,Merchant previously linked to fraud ring.,2025-07-29 14:08:09
tx_2024-01_65008,Cardholder reported unauthorized transaction.,2025-01-28 12:56:29
tx_2024-01_94898,Multiple failed attempts before success.,2025-09-26 09:42:26
tx_2024-01_121424,Merchant previously linked to fraud ring.,2025-04-13 23:49:38
tx_2024-01_77145,Device fingerprint inconsistent.,2025-08-30 07:32:12
tx_2024-01_88183,Multiple failed attempts before success.,2025-06-10 07:14:57
tx_2024-01_125583,Merchant previously linked to fraud ring.,2025-12-11 02:28:55
tx_2024-01_33801,Merchant previously linked to fraud ring.,2025-01-01 23:00:04
tx_2024-01_35813,Multiple failed attempts before success.,2025-03-03 06:32:23
tx_2024-01_26451,Device fingerprint inconsistent.,2025-10-07 12:15:13
tx_2024-01_58166,Device fingerprint inconsistent.,2025-07-11 19:50:07
tx_2024-01_6570,Merchant previously linked to fraud ring.,2025-09-09 02:04:18
tx_2024-01_62092,Multiple failed attempts before success.,2025-07-13 23:10:38
tx_2024-01_93133,Device fingerprint inconsistent.,2025-04-18 08:15:51
tx_2024-01_74937,Merchant previously linked to fraud ring.,2025-11-22 16:27:37
tx_2024-01_47088,Device fingerprint inconsistent.,2025-02-07 12:20:28
tx_2024-01_78544,Cardholder reported unauthorized transaction.,2025-09-13 00:09:29
tx_2024-01_118057,Cardholder reported unauthorized transaction.,2025-01-10 22:09:58
tx_2024-01_109501,Device fingerprint inconsistent.,2025-11-12 14:20:51
tx_2024-01_25032,Multiple failed attempts before success.,2025-10-17 20:43:17
tx_2024-01_104333,Merchant previously linked to fraud ring.,2025-08-22 00:18:22
tx_2024-01_79791,Merchant previously linked to fraud ring.,2025-10-23 08:32:52
tx_2024-01_48746,Cardholder reported unauthorized transaction.,2025-04-04 22:26:24
tx_2024-01_61903,Device fingerprint inconsistent.,2025-08-19 22:55:33
tx_2024-01_87271,Merchant previously linked to fraud ring.,2025-04-29 03:04:21
tx_2024-01_146341,Cardholder reported unauthorized transaction.,2025-08-21 18:41:30
tx_2024-01_140515,Merchant previously linked to fraud ring.,2025-10-31 01:55:16
tx_2024-01_98535,Merchant previously linked to fraud ring.,2025-02-06 22:45:48
tx_2024-01_92804,Merchant previously linked to fraud ring.,2025-10-25 21:18:43
tx_2024-01_133963,Device fingerprint inconsistent.,2025-11-06 06:36:56
tx_2024-01_71587,Cardholder reported unauthorized transaction.,2025-03-19 13:50:09
tx_2024-01_71405,Cardholder reported unauthorized transaction.,2025-12-04 11:51:29
tx_2024-01_44247,Cardholder reported unauthorized transaction.,2025-10-24 11:48:21
tx_2024-01_89166,Merchant previously linked to fraud ring.,2025-09-12 18:24:20
tx_2024-01_141745,Multiple failed attempts before success.,2025-07-08 11:29:55
tx_2024-01_102537,Device fingerprint inconsistent.,2025-01-05 14:16:28
tx_2024-01_72998,Device fingerprint inconsistent.,2025-08-25 19:00:41
tx_2024-01_130166,Device fingerprint inconsistent.,2025-11-12 16:01:19
tx_2024-01_102764,Merchant previously linked to fraud ring.,2025-03-22 05:17:00
tx_2024-01_34143,Multiple failed attempts before success.,2025-10-02 01:05:42
tx_2024-01_42832,Cardholder reported unauthorized transaction.,2025-05-09 13:21:51
tx_2024-01_15909,Merchant previously linked to fraud ring.,2025-05-27 07:13:53
tx_2024-01_147954,Merchant previously linked to fraud ring.,2025-09-30 23:32:14
tx_2024-01_142436,Merchant previously linked to fraud ring.,2025-05-17 00:47:24
tx_2024-01_78515,Multiple failed attempts before success.,2025-02-24 13:58:29
tx_2024-01_123095,Multiple failed attempts before success.,2025-05-01 15:35:44
tx_2024-01_12365,Cardholder reported unauthorized transaction.,2025-03-17 22:18:53
tx_2024-01_52014,Cardholder reported unauthorized transaction.,2025-07-25 13:03:35
tx_2024-01_149358,Multiple failed attempts before success.,2025-09-17 08:25:47
tx_2024-01_131656,Merchant previously linked to fraud ring.,2025-12-13 22:08:57
tx_2024-01_11079,Cardholder reported unauthorized transaction.,2025-02-24 06:30:12
tx_2024-01_28077,Device fingerprint inconsistent.,2025-02-08 17:24:32
tx_2024-01_106660,Multiple failed attempts before success.,2025-01-30 17:43:47
tx_2024-01_58032,Device fingerprint inconsistent.,2025-03-21 16:57:35
tx_2024-01_70183,Multiple failed attempts before success.,2025-06-10 10:44:47
tx_2024-01_46850,Merchant previously linked to fraud ring.,2025-02-13 02:35:33
tx_2024-01_70775,Device fingerprint inconsistent.,2025-07-22 12:23:13
tx_2024-01_35702,Cardholder reported unauthorized transaction.,2025-12-09 09:14:41
tx_2024-01_6394,Cardholder reported unauthorized transaction.,2025-06-30 20:49:48
tx_2024-01_132331,Multiple failed attempts before success.,2025-10-19 00:18:34
tx_2024-01_45614,Device fingerprint inconsistent.,2025-04-01 15:52:43
tx_2024-01_104788,Device fingerprint inconsistent.,2025-09-06 07:30:04
tx_2024-01_24490,Multiple failed attempts before success.,2025-02-10 20:54:14
tx_2024-01_56700,Multiple failed attempts before success.,2025-08-29 12:20:12
tx_2024-01_133708,Multiple failed attempts before success.,2025-01-10 10:59:26
tx_2024-01_69639,Cardholder reported unauthorized transaction.,2025-01-10 00:39:08
tx_2024-01_61020,Device fingerprint inconsistent.,2025-12-13 04:57:01
tx_2024-01_134015,Cardholder reported unauthorized transaction.,2025-06-02 06:56:37
tx_2024-01_104063,Device fingerprint inconsistent.,2025-08-10 02:41:28
tx_2024-01_67951,Merchant previously linked to fraud ring.,2025-05-25 13:42:22
tx_2024-01_136125,Device fingerprint inconsistent.,2025-10-10 13:01:48
tx_2024-01_21183,Merchant previously linked to fraud ring.,2025-08-19 05:48:58
tx_2024-01_59696,Multiple failed attempts before success.,2025-07-23 10:38:43
tx_2024-01_39009,Cardholder reported unauthorized transaction.,2025-04-30 10:36:30
tx_2024-01_37941,Device fingerprint inconsistent.,2025-07-20 19:04:45
tx_2024-01_80407,Device fingerprint inconsistent.,2025-02-15 00:10:52
tx_2024-01_6509,Merchant previously linked to fraud ring.,2025-10-05 16:09:39
tx_2024-01_108486,Device fingerprint inconsistent.,2025-02-17 20:23:50
tx_2024-01_92977,Multiple failed attempts before success.,2025-11-01 14:53:42
tx_2024-01_27692,Multiple failed attempts before success.,2025-04-20 07:39:03
tx_2024-01_136788,Device fingerprint inconsistent.,2025-12-17 17:01:50
tx_2024-01_128665,Cardholder reported unauthorized transaction.,2025-08-11 00:02:52
tx_2024-01_48597,Multiple failed attempts before success.,2025-01-30 17:22:05
tx_2024-01_108512,Merchant previously linked to fraud ring.,2025-08-02 02:28:21
tx_2024-01_47039,Cardholder reported unauthorized transaction.,2025-09-15 17:51:36
tx_2024-01_144189,Device fingerprint inconsistent.,2025-01-22 11:43:16
tx_2024-01_94184,Multiple failed attempts before success.,2025-04-27 20:27:22
tx_2024-01_123783,Cardholder reported unauthorized transaction.,2025-02-21 01:22:23
tx_2024-01_26618,Cardholder reported unauthorized transaction.,2025-05-18 14:59:12
tx_2024-01_98318,Device fingerprint inconsistent.,2025-05-16 02:01:45
tx_2024-01_142957,Merchant previously linked to fraud ring.,2025-08-06 11:04:28
tx_2024-01_119803,Device fingerprint inconsistent.,2025-08-17 06:11:39
tx_2024-01_21084,Device fingerprint inconsistent.,2025-09-07 22:24:57
tx_2024-01_60016,Merchant previously linked to fraud ring.,2025-08-17 23:15:55
tx_2024-01_93044,Device fingerprint inconsistent.,2025-11-08 13:17:31
tx_2024-01_110669,Cardholder reported unauthorized transaction.,2025-03-13 02:21:19
tx_2024-01_124,Device fingerprint inconsistent.,2025-02-10 11:37:13
tx_2024-01_103287,Merchant previously linked to fraud ring.,2025-06-30 03:09:32
tx_2024-01_44261,Device fingerprint inconsistent.,2025-05-17 10:31:16
tx_2024-01_62437,Merchant previously linked to fraud ring.,2025-02-15 13:06:25
tx_2024-01_33035,Merchant previously linked to fraud ring.,2025-01-02 11:31:55
tx_2024-01_100271,Merchant previously linked to fraud ring.,2025-07-04 05:59:47
tx_2024-01_70448,Merchant previously linked to fraud ring.,2025-10-11 14:21:46
tx_2024-01_149359,Merchant previously linked to fraud ring.,2025-08-17 06:43:39
tx_2024-01_67471,Device fingerprint inconsistent.,2025-03-10 15:41:08
tx_2024-01_43781,Merchant previously linked to fraud ring.,2025-05-18 13:05:47
tx_2024-01_64440,Merchant previously linked to fraud ring.,2025-08-31 21:40:23
tx_2024-01_39264,Merchant previously linked to fraud ring.,2025-11-18 06:20:56
tx_2024-01_53214,Multiple failed attempts before success.,2025-08-25 13:40:55
tx_2024-01_24979,Cardholder reported unauthorized transaction.,2025-05-04 06:40:09
tx_2024-01_75336,Cardholder reported unauthorized transaction.,2025-01-02 13:10:09
tx_2024-01_123959,Multiple failed attempts before success.,2025-04-28 17:54:50
tx_2024-01_94818,Multiple failed attempts before success.,2025-12-12 04:36:03
tx_2024-01_58751,Multiple failed attempts before success.,2025-04-04 00:10:15
tx_2024-01_79830,Merchant previously linked to fraud ring.,2025-09-04 10:19:15
tx_2024-01_76968,Device fingerprint inconsistent.,2025-11-03 15:02:05
tx_2024-01_138827,Merchant previously linked to fraud ring.,2025-10-26 08:28:13
tx_2024-01_45,Device fingerprint inconsistent.,2025-10-31 22:23:22
tx_2024-01_123798,Device fingerprint inconsistent.,2025-02-19 18:27:02
tx_2024-01_119145,Multiple failed attempts before success.,2025-10-24 05:03:49
tx_2024-01_130099,Device fingerprint inconsistent.,2025-11-26 05:03:29
