device_id,os,browser,is_emulator
d_000000,Windows,Chrome,1
d_000001,Android,Chrome,0
d_000002,Android,Safari,0
d_000003,Android,Safari,0
d_000004,iOS,Safari,1
d_000005,iOS,Edge,0
d_000006,Windows,Edge,0
d_000007,Android,Safari,1
d_000008,Linux,Firefox,0
d_000009,Linux,Firefox,0
d_000010,Windows,Firefox,0
d_000011,Linux,Firefox,1
d_000012,iOS,Edge,0
d_000013,Windows,Edge,0
d_000014,Linux,Chrome,1
d_000015,Windows,Chrome,0
d_000016,Windows,Chrome,0
d_000017,iOS,Safari,0
d_000018,Android,Firefox,0
d_000019,Android,Chrome,0
d_000020,Windows,Safari,1
d_000021,Windows,Firefox,0
d_000022,iOS,Firefox,0
d_000023,Android,Edge,0
d_000024,Android,Firefox,0
d_000025,iOS,Edge,1
d_000026,Windows,Chrome,0
d_000027,Android,Chrome,1
d_000028,Windows,Edge,0
d_000029,Android,Safari,1
d_000030,Linux,Chrome,0
d_000031,Android,Firefox,0
d_000032,Windows,Safari,0
d_000033,Android,Edge,0
d_000034,Android,Safari,1
d_000035,Windows,Edge,1
d_000036,iOS,Firefox,0
d_000037,Linux,Chrome,0
d_000038,Windows,Chrome,1
d_000039,Linux,Safari,1
d_000040,Linux,Safari,0
d_000041,Linux,Safari,1
d_000042,iOS,Chrome,0
d_000043,Linux,Firefox,0
d_000044,Android,Edge,0
d_000045,Windows,Firefox,1
d_000046,Windows,Firefox,0
d_000047,Windows,Safari,0
d_000048,Linux,Safari,0
d_000049,Android,Safari,1
d_000050,Windows,Safari,0
d_000051,Android,Chrome,0
d_000052,iOS,Firefox,0
d_000053,Windows,Chrome,0
d_000054,Linux,Edge,0
d_000055,Windows,Safari,0
d_000056,iOS,Firefox,0
d_000057,iOS,Chrome,1
d_000058,Android,Firefox,1
d_000059,Android,Firefox,0
d_000060,Windows,Chrome,0
d_000061,Android,Chrome,1
d_000062,Windows,Firefox,1
d_000063,Android,Firefox,0
d_000064,iOS,Edge,1
d_000065,Windows,Edge,0
d_000066,iOS,Safari,0
d_000067,Android,Chrome,1
d_000068,Windows,Firefox,0
d_000069,Linux,Safari,1
d_000070,Windows,Firefox,0
d_000071,Windows,Safari,0
d_000072,Android,Firefox,0
d_000073,Android,Firefox,1
d_000074,iOS,Firefox,0
d_000075,iOS,Chrome,1
d_000076,iOS,Edge,1
d_000077,iOS,Edge,0
d_000078,Windows,Edge,0
d_000079,iOS,Safari,0
d_000080,iOS,Firefox,0
d_000081,Linux,Safari,0
d_000082,Windows,Chrome,0
d_000083,iOS,Firefox,0
d_000084,Android,Firefox,0
d_000085,Linux,Firefox,1
d_000086,Windows,Safari,1
d_000087,Android,Safari,0
d_000088,Android,Firefox,0
d_000089,iOS,Safari,0
d_000090,Windows,Chrome,0
d_000091,iOS,Edge,1
d_000092,iOS,Edge,0
d_000093,Linux,Safari,1
d_000094,iOS,Safari,0
d_000095,Linux,Chrome,0
d_000096,Linux,Safari,0
d_000097,iOS,Chrome,0
d_000098,Linux,Edge,0
d_000099,Linux,Safari,0
d_000100,Linux,Chrome,1
d_000101,Windows,Edge,1
d_000102,Android,Edge,0
d_000103,Android,Safari,1
d_000104,Android,Edge,1
d_000105,iOS,Firefox,0
d_000106,Linux,Firefox,1
d_000107,Linux,Safari,0
d_000108,Windows,Chrome,1
d_000109,Linux,Edge,0
d_000110,Android,Safari,0
d_000111,Linux,Edge,0
d_000112,Linux,Chrome,0
d_000113,Linux,Safari,0
d_000114,Android,Firefox,1
d_000115,iOS,Chrome,0
d_000116,Android,Edge,0
d_000117,Android,Edge,0
d_000118,Linux,Edge,0
d_000119,iOS,Firefox,0
d_000120,iOS,Safari,0
d_000121,Android,Edge,0
d_000122,Windows,Edge,0
d_000123,iOS,Chrome,0
d_000124,iOS,Chrome,0
d_000125,Android,Edge,0
d_000126,Linux,Chrome,1
d_000127,iOS,Safari,1
d_000128,Linux,Edge,1
d_000129,Android,Chrome,1
d_000130,Windows,Safari,0
d_000131,iOS,Safari,0
d_000132,Windows,Chrome,0
d_000133,Android,Firefox,0
d_000134,Android,Chrome,0
d_000135,Linux,Safari,0
d_000136,Windows,Safari,0
d_000137,Windows,Chrome,1
d_000138,Windows,Firefox,0
d_000139,Linux,Chrome,0
d_000140,Android,Firefox,1
d_000141,iOS,Chrome,1
d_000142,Windows,Edge,0
d_000143,iOS,Chrome,0
d_000144,Android,Edge,0
d_000145,Linux,Firefox,0
d_000146,Windows,Safari,0
d_000147,Linux,Edge,1
d_000148,iOS,Firefox,0
d_000149,Android,Chrome,0
d_000150,Linux,Chrome,0
d_000151,Linux,Edge,0
d_000152,Windows,Firefox,0
d_000153,Android,Safari,0
d_000154,Windows,Chrome,0
d_000155,Windows,Firefox,0
d_000156,Android,Firefox,0
d_000157,Linux,Chrome,0
d_000158,iOS,Firefox,0
d_000159,Linux,Edge,0
d_000160,iOS,Edge,0
d_000161,Linux,Firefox,0
d_000162,Linux,Chrome,1
d_000163,Windows,Chrome,0
d_000164,Windows,Firefox,0
d_000165,iOS,Firefox,0
d_000166,Windows,Edge,0
d_000167,Linux,Safari,0
d_000168,Windows,Firefox,0
d_000169,Windows,Edge,0
d_000170,Linux,Safari,0
d_000171,Linux,Firefox,0
d_000172,Windows,Safari,0
d_000173,Windows,Chrome,0
d_000174,Android,Edge,0
d_000175,Linux,Safari,0
d_000176,Windows,Edge,0
d_000177,Windows,Safari,0
d_000178,iOS,Safari,0
d_000179,Linux,Edge,0
d_000180,Android,Firefox,0
d_000181,Android,Firefox,0
d_000182,Android,Chrome,1
d_000183,Android,Firefox,0
d_000184,Windows,Safari,0
d_000185,Windows,Firefox,0
d_000186,Linux,Chrome,0
d_000187,iOS,Safari,0
d_000188,Android,Chrome,0
d_000189,iOS,Firefox,0
d_000190,Windows,Safari,0
d_000191,iOS,Safari,0
d_000192,Windows,Firefox,0
d_000193,Android,Safari,1
d_000194,Linux,Chrome,0
d_000195,Linux,Chrome,0
d_000196,Linux,Edge,0
d_000197,Linux,Firefox,0
d_000198,Windows,Safari,0
d_000199,Linux,Safari,0
d_000200,Linux,Chrome,0
d_000201,Windows,Edge,1
d_000202,iOS,Safari,1
d_000203,Windows,Firefox,0
d_000204,iOS,Firefox,1
d_000205,Linux,Edge,0
d_000206,Android,Edge,0
d_000207,Windows,Edge,0
d_000208,iOS,Firefox,1
d_000209,iOS,Chrome,0
d_000210,Android,Firefox,1
d_000211,Windows,Edge,0
d_000212,Linux,Safari,1
d_000213,iOS,Edge,0
d_000214,Android,Firefox,1
d_000215,Linux,Edge,0
d_000216,iOS,Safari,0
d_000217,Linux,Chrome,0
d_000218,Windows,Chrome,1
d_000219,iOS,Firefox,1
d_000220,Android,Chrome,1
d_000221,Windows,Edge,1
d_000222,Android,Safari,0
d_000223,Android,Safari,0
d_000224,Linux,Firefox,0
d_000225,Linux,Safari,1
d_000226,Windows,Firefox,0
d_000227,Linux,Firefox,0
d_000228,Android,Edge,0
d_000229,Windows,Chrome,0
d_000230,Android,Chrome,0
d_000231,Android,Firefox,0
d_000232,iOS,Edge,0
d_000233,Windows,Edge,1
d_000234,Linux,Edge,1
d_000235,iOS,Edge,0
d_000236,iOS,Edge,0
d_000237,Linux,Safari,0
d_000238,iOS,Safari,0
d_000239,Android,Chrome,0
d_000240,Linux,Edge,0
d_000241,Android,Safari,0
d_000242,Linux,Edge,1
d_000243,Linux,Edge,0
d_000244,Linux,Firefox,1
d_000245,iOS,Edge,0
d_000246,Linux,Safari,0
d_000247,Linux,Firefox,0
d_000248,Android,Edge,0
d_000249,Android,Edge,0
d_000250,iOS,Firefox,0
d_000251,Android,Chrome,1
d_000252,Linux,Chrome,0
d_000253,Android,Firefox,0
d_000254,Linux,Edge,0
d_000255,Windows,Edge,1
d_000256,Windows,Firefox,0
d_000257,Android,Firefox,0
d_000258,Android,Edge,0
d_000259,Android,Firefox,0
d_000260,Windows,Edge,0
d_000261,iOS,Chrome,0
d_000262,Windows,Safari,0
d_000263,Windows,Firefox,0
d_000264,Android,Safari,0
d_000265,Linux,Firefox,0
d_000266,Windows,Safari,0
d_000267,iOS,Chrome,1
d_000268,Android,Safari,0
d_000269,Linux,Edge,0
d_000270,iOS,Edge,1
d_000271,iOS,Firefox,0
d_000272,Windows,Chrome,0
d_000273,iOS,Edge,0
d_000274,Linux,Firefox,1
d_000275,iOS,Edge,1
d_000276,Linux,Firefox,1
d_000277,Linux,Chrome,0
d_000278,Linux,Edge,0
d_000279,Android,Chrome,0
d_000280,Linux,Firefox,0
d_000281,Windows,Firefox,0
d_000282,Windows,Edge,0
d_000283,iOS,Safari,1
d_000284,iOS,Firefox,0
d_000285,Android,Chrome,0
d_000286,Linux,Chrome,0
d_000287,Linux,Firefox,0
d_000288,Windows,Firefox,0
d_000289,Android,Chrome,0
d_000290,Android,Safari,0
d_000291,Android,Chrome,0
d_000292,Linux,Safari,0
d_000293,iOS,Firefox,0
d_000294,Linux,Chrome,0
d_000295,Windows,Edge,1
d_000296,Windows,Safari,0
d_000297,Windows,Chrome,0
d_000298,Linux,Firefox,1
d_000299,Windows,Firefox,0
d_000300,Linux,Chrome,0
d_000301,iOS,Edge,1
d_000302,Linux,Chrome,0
d_000303,Linux,Safari,0
d_000304,Linux,Firefox,0
d_000305,Android,Chrome,0
d_000306,Windows,Edge,0
d_000307,Linux,Safari,0
d_000308,Android,Edge,0
d_000309,iOS,Firefox,0
d_000310,Android,Edge,1
d_000311,Linux,Edge,1
d_000312,iOS,Chrome,0
d_000313,Linux,Chrome,1
d_000314,Windows,Firefox,0
d_000315,Android,Chrome,1
d_000316,Windows,Chrome,0
d_000317,Windows,Safari,1
d_000318,Android,Edge,0
d_000319,Windows,Edge,0
d_000320,Windows,Edge,0
d_000321,Linux,Safari,0
d_000322,Android,Safari,0
d_000323,iOS,Edge,0
d_000324,Android,Firefox,1
d_000325,Linux,Chrome,1
d_000326,Windows,Chrome,0
d_000327,Android,Edge,0
d_000328,iOS,Edge,0
d_000329,iOS,Chrome,0
d_000330,iOS,Edge,0
d_000331,Linux,Chrome,0
d_000332,iOS,Chrome,0
d_000333,Android,Firefox,0
d_000334,Linux,Safari,0
d_000335,Android,Chrome,0
d_000336,iOS,Chrome,1
d_000337,Linux,Firefox,0
d_000338,Windows,Chrome,1
d_000339,Windows,Safari,0
d_000340,iOS,Firefox,0
d_000341,Android,Firefox,0
d_000342,Linux,Safari,0
d_000343,iOS,Edge,0
d_000344,Android,Safari,0
d_000345,Linux,Safari,0
d_000346,Linux,Chrome,0
d_000347,Android,Safari,0
d_000348,Windows,Edge,0
d_000349,iOS,Safari,1
d_000350,Windows,Edge,0
d_000351,iOS,Safari,1
d_000352,iOS,Edge,0
d_000353,Windows,Firefox,0
d_000354,Android,Safari,1
d_000355,Android,Chrome,0
d_000356,iOS,Edge,0
d_000357,Windows,Chrome,0
d_000358,Android,Safari,0
d_000359,Linux,Safari,1
d_000360,Android,Chrome,0
d_000361,Windows,Safari,0
d_000362,Windows,Firefox,1
d_000363,Android,Chrome,1
d_000364,iOS,Safari,0
d_000365,Linux,Chrome,0
d_000366,iOS,Edge,0
d_000367,Linux,Safari,0
d_000368,iOS,Chrome,0
d_000369,iOS,Chrome,0
d_000370,Linux,Safari,0
d_000371,iOS,Chrome,1
d_000372,Linux,Chrome,1
d_000373,iOS,Safari,1
d_000374,iOS,Edge,1
d_000375,iOS,Edge,0
d_000376,Windows,Firefox,0
d_000377,Windows,Safari,0
d_000378,Android,Firefox,0
d_000379,Android,Edge,0
d_000380,Linux,Safari,1
d_000381,iOS,Firefox,0
d_000382,iOS,Safari,0
d_000383,Linux,Edge,0
d_000384,Linux,Edge,0
d_000385,Android,Edge,0
d_000386,iOS,Firefox,0
d_000387,iOS,Safari,1
d_000388,Linux,Chrome,0
d_000389,Linux,Chrome,0
d_000390,Linux,Edge,1
d_000391,Linux,Edge,0
d_000392,Android,Chrome,0
d_000393,iOS,Safari,1
d_000394,Windows,Safari,0
d_000395,Android,Edge,0
d_000396,iOS,Edge,0
d_000397,Linux,Edge,0
d_000398,Linux,Safari,0
d_000399,Linux,Chrome,0
d_000400,Linux,Firefox,0
d_000401,Windows,Edge,0
d_000402,iOS,Chrome,0
d_000403,Android,Firefox,0
d_000404,Android,Edge,0
d_000405,Linux,Chrome,0
d_000406,Windows,Safari,0
d_000407,iOS,Safari,0
d_000408,iOS,Chrome,0
d_000409,iOS,Safari,1
d_000410,Windows,Firefox,0
d_000411,Windows,Chrome,1
d_000412,Windows,Firefox,0
d_000413,Linux,Chrome,1
d_000414,Windows,Edge,1
d_000415,Android,Safari,0
d_000416,Android,Chrome,1
d_000417,iOS,Firefox,1
d_000418,Android,Safari,0
d_000419,Android,Safari,0
d_000420,iOS,Safari,1
d_000421,Windows,Edge,0
d_000422,Linux,Firefox,0
d_000423,Linux,Chrome,1
d_000424,iOS,Chrome,0
d_000425,iOS,Firefox,0
d_000426,Windows,Firefox,1
d_000427,Linux,Edge,1
d_000428,iOS,Firefox,0
d_000429,Windows,Safari,0
d_000430,Windows,Firefox,1
d_000431,iOS,Firefox,0
d_000432,Linux,Safari,0
d_000433,Windows,Safari,0
d_000434,iOS,Safari,0
d_000435,Android,Chrome,0
d_000436,iOS,Edge,0
d_000437,Windows,Safari,0
d_000438,Android,Firefox,0
d_000439,iOS,Firefox,0
d_000440,iOS,Firefox,1
d_000441,Android,Edge,0
d_000442,iOS,Edge,1
d_000443,iOS,Chrome,0
d_000444,Windows,Edge,0
d_000445,iOS,Edge,0
d_000446,Android,Edge,0
d_000447,iOS,Chrome,0
d_000448,Android,Edge,0
d_000449,Linux,Firefox,0
d_000450,Windows,Chrome,0
d_000451,iOS,Firefox,0
d_000452,Android,Chrome,0
d_000453,Android,Edge,1
d_000454,Linux,Firefox,0
d_000455,Windows,Edge,0
d_000456,Linux,Firefox,0
d_000457,Windows,Chrome,1
d_000458,Windows,Firefox,0
d_000459,Linux,Chrome,0
d_000460,Linux,Edge,0
d_000461,Windows,Safari,1
d_000462,Linux,Safari,1
d_000463,iOS,Safari,0
d_000464,Linux,Firefox,0
d_000465,Linux,Chrome,0
d_000466,Linux,Firefox,0
d_000467,iOS,Edge,1
d_000468,iOS,Safari,0
d_000469,Windows,Edge,1
d_000470,Windows,Firefox,0
d_000471,Linux,Safari,1
d_000472,Android,Safari,0
d_000473,Windows,Edge,0
d_000474,Windows,Edge,0
d_000475,Linux,Safari,0
d_000476,Android,Firefox,0
d_000477,Android,Firefox,1
d_000478,Linux,Firefox,1
d_000479,Android,Firefox,1
d_000480,Windows,Safari,0
d_000481,iOS,Firefox,0
d_000482,iOS,Firefox,1
d_000483,Android,Firefox,0
d_000484,Linux,Firefox,0
d_000485,Windows,Firefox,0
d_000486,iOS,Safari,0
d_000487,iOS,Firefox,0
d_000488,Windows,Firefox,0
d_000489,Android,Firefox,0
d_000490,Android,Safari,0
d_000491,Windows,Edge,0
d_000492,Windows,Safari,1
d_000493,iOS,Safari,0
d_000494,iOS,Chrome,0
d_000495,Linux,Chrome,1
d_000496,iOS,Chrome,0
d_000497,Windows,Firefox,1
d_000498,iOS,Edge,0
d_000499,iOS,Firefox,0
d_000500,Android,Safari,0
d_000501,iOS,Safari,0
d_000502,iOS,Safari,0
d_000503,Android,Edge,0
d_000504,Android,Chrome,0
d_000505,Linux,Chrome,1
d_000506,Android,Chrome,0
d_000507,Linux,Chrome,0
d_000508,Android,Chrome,0
d_000509,Android,Chrome,0
d_000510,iOS,Safari,0
d_000511,Windows,Chrome,0
d_000512,iOS,Firefox,0
d_000513,Windows,Safari,0
d_000514,Android,Chrome,0
d_000515,iOS,Safari,0
d_000516,iOS,Chrome,0
d_000517,iOS,Edge,0
d_000518,iOS,Edge,0
d_000519,iOS,Firefox,0
d_000520,Linux,Safari,1
d_000521,Linux,Chrome,0
d_000522,Android,Edge,0
d_000523,iOS,Edge,0
d_000524,Windows,Chrome,0
d_000525,Windows,Edge,0
d_000526,Linux,Firefox,0
d_000527,Windows,Edge,1
d_000528,Linux,Firefox,0
d_000529,iOS,Chrome,1
d_000530,Windows,Safari,1
d_000531,Linux,Chrome,0
d_000532,Linux,Chrome,1
d_000533,iOS,Edge,0
d_000534,Android,Safari,1
d_000535,Windows,Safari,0
d_000536,iOS,Edge,0
d_000537,iOS,Edge,0
d_000538,Windows,Firefox,1
d_000539,Windows,Edge,1
d_000540,Linux,Firefox,1
d_000541,Linux,Chrome,0
d_000542,Windows,Edge,0
d_000543,iOS,Safari,1
d_000544,Android,Chrome,0
d_000545,Linux,Chrome,0
d_000546,Linux,Firefox,0
d_000547,Windows,Chrome,0
d_000548,Linux,Edge,0
d_000549,Windows,Edge,0
d_000550,Windows,Firefox,1
d_000551,Android,Edge,0
d_000552,Linux,Edge,0
d_000553,Linux,Edge,0
d_000554,Android,Chrome,1
d_000555,Windows,Safari,0
d_000556,Linux,Safari,1
d_000557,Linux,Edge,0
d_000558,Linux,Edge,0
d_000559,iOS,Chrome,1
d_000560,Windows,Edge,1
d_000561,Windows,Firefox,1
d_000562,Android,Chrome,0
d_000563,iOS,Firefox,0
d_000564,Android,Firefox,0
d_000565,Android,Edge,1
d_000566,Windows,Edge,0
d_000567,Android,Safari,0
d_000568,iOS,Firefox,0
d_000569,Android,Firefox,0
d_000570,Windows,Safari,0
d_000571,Windows,Chrome,0
d_000572,Linux,Edge,1
d_000573,Android,Edge,0
d_000574,Windows,Edge,0
d_000575,Windows,Chrome,1
d_000576,Android,Safari,1
d_000577,Linux,Firefox,0
d_000578,Windows,Firefox,0
d_000579,iOS,Edge,1
d_000580,iOS,Firefox,0
d_000581,Android,Firefox,0
d_000582,iOS,Chrome,1
d_000583,Windows,Firefox,0
d_000584,Linux,Edge,0
d_000585,Windows,Chrome,0
d_000586,Windows,Edge,0
d_000587,iOS,Edge,0
d_000588,Windows,Edge,1
d_000589,Android,Safari,0
d_000590,iOS,Edge,1
d_000591,Linux,Chrome,0
d_000592,Windows,Edge,0
d_000593,iOS,Safari,0
d_000594,Linux,Edge,0
d_000595,Android,Safari,0
d_000596,Windows,Firefox,1
d_000597,Windows,Safari,0
d_000598,iOS,Chrome,1
d_000599,iOS,Chrome,0
d_000600,Windows,Edge,0
d_000601,Linux,Edge,1
d_000602,iOS,Safari,0
d_000603,iOS,Chrome,0
d_000604,Windows,Safari,0
d_000605,Linux,Chrome,0
d_000606,Android,Firefox,0
d_000607,Android,Edge,0
d_000608,Android,Edge,0
d_000609,iOS,Chrome,0
d_000610,Windows,Edge,0
d_000611,iOS,Chrome,0
d_000612,Windows,Edge,0
d_000613,Linux,Safari,0
d_000614,Android,Safari,0
d_000615,Windows,Edge,0
d_000616,Windows,Chrome,1
d_000617,Windows,Chrome,1
d_000618,Linux,Edge,0
d_000619,Windows,Safari,0
d_000620,Linux,Firefox,0
d_000621,Android,Chrome,0
d_000622,iOS,Firefox,0
d_000623,Windows,Firefox,1
d_000624,iOS,Edge,0
d_000625,Android,Edge,1
d_000626,Windows,Chrome,0
d_000627,Windows,Safari,0
d_000628,Linux,Firefox,0
d_000629,Android,Firefox,1
d_000630,Linux,Edge,0
d_000631,Windows,Edge,1
d_000632,iOS,Firefox,0
d_000633,Windows,Edge,0
d_000634,Linux,Chrome,0
d_000635,iOS,Edge,0
d_000636,Android,Edge,0
d_000637,Windows,Firefox,0
d_000638,Android,Safari,0
d_000639,iOS,Edge,0
d_000640,Linux,Edge,0
d_000641,Windows,Safari,0
d_000642,Windows,Safari,0
d_000643,Linux,Firefox,0
d_000644,Linux,Edge,0
d_000645,Android,Chrome,0
d_000646,Android,Edge,0
d_000647,Windows,Safari,0
d_000648,Linux,Edge,0
d_000649,iOS,Chrome,0
d_000650,iOS,Chrome,0
d_000651,Linux,Edge,0
d_000652,Android,Safari,1
d_000653,iOS,Firefox,0
d_000654,Linux,Edge,0
d_000655,Linux,Safari,0
d_000656,Windows,Safari,0
d_000657,iOS,Edge,1
d_000658,Android,Firefox,0
d_000659,iOS,Edge,0
d_000660,Windows,Edge,0
d_000661,Android,Edge,0
d_000662,Windows,Edge,0
d_000663,Linux,Edge,0
d_000664,Android,Chrome,0
d_000665,Android,Firefox,0
d_000666,Linux,Firefox,0
d_000667,Android,Firefox,0
d_000668,Windows,Edge,1
d_000669,iOS,Chrome,0
d_000670,Windows,Safari,0
d_000671,Windows,Edge,1
d_000672,Android,Firefox,0
d_000673,iOS,Firefox,1
d_000674,Windows,Chrome,0
d_000675,Linux,Firefox,0
d_000676,Linux,Firefox,0
d_000677,Windows,Firefox,0
d_000678,iOS,Firefox,1
d_000679,iOS,Edge,1
d_000680,iOS,Safari,0
d_000681,iOS,Safari,0
d_000682,Linux,Firefox,0
d_000683,Linux,Edge,0
d_000684,Linux,Chrome,0
d_000685,Windows,Edge,1
d_000686,Linux,Chrome,1
d_000687,Android,Firefox,0
d_000688,iOS,Firefox,0
d_000689,iOS,Firefox,0
d_000690,Android,Safari,0
d_000691,Android,Safari,1
d_000692,Android,Firefox,1
d_000693,Windows,Chrome,0
d_000694,Windows,Chrome,1
d_000695,iOS,Chrome,0
d_000696,Linux,Edge,0
d_000697,Windows,Chrome,1
d_000698,Android,Edge,0
d_000699,iOS,Safari,0
d_000700,Windows,Firefox,0
d_000701,Android,Edge,0
d_000702,Linux,Firefox,0
d_000703,iOS,Edge,0
d_000704,Android,Safari,0
d_000705,Linux,Edge,0
d_000706,iOS,Chrome,0
d_000707,Linux,Edge,0
d_000708,iOS,Firefox,0
d_000709,Windows,Safari,0
d_000710,Linux,Edge,1
d_000711,Windows,Edge,1
d_000712,Linux,Firefox,0
d_000713,Linux,Edge,0
d_000714,Android,Firefox,0
d_000715,iOS,Safari,1
d_000716,Android,Firefox,1
d_000717,Linux,Chrome,1
d_000718,Windows,Safari,1
d_000719,Windows,Safari,0
d_000720,Windows,Chrome,1
d_000721,Android,Chrome,0
d_000722,Linux,Chrome,1
d_000723,Windows,Firefox,1
d_000724,Android,Chrome,0
d_000725,Linux,Safari,0
d_000726,Linux,Chrome,0
d_000727,Linux,Firefox,0
d_000728,Linux,Edge,0
d_000729,Windows,Safari,0
d_000730,iOS,Chrome,0
d_000731,Android,Edge,0
d_000732,Android,Edge,0
d_000733,Android,Safari,0
d_000734,Linux,Edge,1
d_000735,Windows,Firefox,1
d_000736,Windows,Chrome,1
d_000737,iOS,Chrome,0
d_000738,Android,Chrome,0
d_000739,Android,Safari,0
d_000740,iOS,Safari,1
d_000741,iOS,Chrome,1
d_000742,Linux,Safari,0
d_000743,Linux,Chrome,1
d_000744,iOS,Safari,0
d_000745,Linux,Edge,1
d_000746,Linux,Safari,0
d_000747,Windows,Edge,0
d_000748,Windows,Chrome,0
d_000749,Linux,Edge,0
d_000750,Windows,Chrome,1
d_000751,Linux,Edge,1
d_000752,iOS,Chrome,1
d_000753,Linux,Firefox,0
d_000754,Windows,Edge,0
d_000755,Android,Edge,1
d_000756,Linux,Edge,0
d_000757,iOS,Firefox,0
d_000758,Linux,Firefox,0
d_000759,iOS,Safari,1
d_000760,Linux,Safari,0
d_000761,Linux,Edge,0
d_000762,Linux,Safari,0
d_000763,Windows,Chrome,0
d_000764,iOS,Safari,1
d_000765,iOS,Edge,0
d_000766,Linux,Edge,0
d_000767,iOS,Safari,0
d_000768,Android,Firefox,0
d_000769,Windows,Safari,0
d_000770,Android,Chrome,0
d_000771,Linux,Chrome,0
d_000772,Android,Safari,0
d_000773,Windows,Firefox,1
d_000774,Android,Firefox,0
d_000775,Android,Chrome,0
d_000776,Linux,Chrome,1
d_000777,Android,Chrome,0
d_000778,iOS,Chrome,0
d_000779,Windows,Safari,0
d_000780,Linux,Edge,0
d_000781,iOS,Firefox,0
d_000782,iOS,Chrome,0
d_000783,Linux,Edge,0
d_000784,iOS,Edge,0
d_000785,Windows,Safari,0
d_000786,Windows,Firefox,0
d_000787,Windows,Safari,1
d_000788,Linux,Safari,0
d_000789,Linux,Edge,0
d_000790,Linux,Firefox,1
d_000791,Linux,Safari,0
d_000792,Android,Chrome,0
d_000793,Windows,Edge,0
d_000794,Linux,Chrome,0
d_000795,Android,Safari,1
d_000796,Windows,Edge,0
d_000797,Windows,Firefox,1
d_000798,Android,Firefox,0
d_000799,Linux,Edge,0
d_000800,Linux,Firefox,0
d_000801,iOS,Firefox,1
d_000802,Android,Firefox,0
d_000803,iOS,Firefox,1
d_000804,Android,Firefox,0
d_000805,iOS,Chrome,0
d_000806,Windows,Safari,0
d_000807,Linux,Chrome,0
d_000808,Windows,Firefox,0
d_000809,Android,Chrome,0
d_000810,Linux,Firefox,0
d_000811,Linux,Firefox,0
d_000812,iOS,Firefox,0
d_000813,Windows,Safari,0
d_000814,iOS,Chrome,1
d_000815,iOS,Firefox,0
d_000816,Android,Safari,1
d_000817,Linux,Chrome,1
d_000818,Android,Edge,0
d_000819,Linux,Safari,0
d_000820,Android,Firefox,1
d_000821,Linux,Firefox,1
d_000822,Linux,Edge,1
d_000823,Linux,Safari,1
d_000824,iOS,Edge,0
d_000825,iOS,Chrome,1
d_000826,Linux,Edge,0
d_000827,iOS,Firefox,0
d_000828,Linux,Chrome,0
d_000829,Windows,Firefox,0
d_000830,iOS,Chrome,0
d_000831,Windows,Firefox,0
d_000832,Windows,Edge,0
d_000833,iOS,Safari,0
d_000834,Android,Firefox,1
d_000835,iOS,Safari,0
d_000836,Android,Chrome,1
d_000837,Android,Chrome,0
d_000838,Linux,Firefox,1
d_000839,Windows,Edge,1
d_000840,iOS,Safari,1
d_000841,Linux,Edge,1
d_000842,Windows,Chrome,0
d_000843,Linux,Safari,1
d_000844,Windows,Chrome,1
d_000845,Windows,Chrome,1
d_000846,Android,Firefox,0
d_000847,Android,Safari,0
d_000848,iOS,Edge,0
d_000849,Android,Safari,0
d_000850,Windows,Safari,0
d_000851,Linux,Chrome,0
d_000852,Linux,Chrome,0
d_000853,Android,Firefox,1
d_000854,iOS,Edge,1
d_000855,Windows,Edge,0
d_000856,Android,Chrome,0
d_000857,iOS,Firefox,0
d_000858,iOS,Firefox,0
d_000859,iOS,Firefox,0
d_000860,iOS,Chrome,1
d_000861,iOS,Chrome,0
d_000862,Windows,Edge,0
d_000863,Windows,Safari,0
d_000864,Windows,Firefox,1
d_000865,Android,Chrome,1
d_000866,iOS,Safari,0
d_000867,Linux,Chrome,1
d_000868,Android,Firefox,0
d_000869,Linux,Chrome,1
d_000870,Android,Edge,1
d_000871,Android,Firefox,0
d_000872,iOS,Safari,0
d_000873,Linux,Edge,0
d_000874,iOS,Safari,0
d_000875,iOS,Safari,0
d_000876,Linux,Chrome,1
d_000877,Linux,Firefox,0
d_000878,Android,Chrome,0
d_000879,Windows,Firefox,1
d_000880,Windows,Safari,1
d_000881,Android,Safari,0
d_000882,Windows,Chrome,0
d_000883,Android,Safari,1
d_000884,Linux,Safari,0
d_000885,Windows,Firefox,0
d_000886,Windows,Safari,1
d_000887,Windows,Safari,0
d_000888,Windows,Chrome,1
d_000889,Android,Edge,0
d_000890,Android,Safari,0
d_000891,Linux,Edge,1
d_000892,Android,Chrome,0
d_000893,Android,Firefox,1
d_000894,Windows,Edge,1
d_000895,Android,Chrome,0
d_000896,Windows,Safari,1
d_000897,Android,Safari,1
d_000898,Windows,Firefox,0
d_000899,Android,Firefox,0
d_000900,iOS,Edge,0
d_000901,Android,Firefox,0
d_000902,iOS,Chrome,1
d_000903,Linux,Chrome,0
d_000904,Linux,Safari,0
d_000905,iOS,Chrome,0
d_000906,Android,Safari,0
d_000907,iOS,Firefox,0
d_000908,Android,Firefox,0
d_000909,Android,Edge,1
d_000910,Windows,Edge,0
d_000911,Windows,Chrome,1
d_000912,Linux,Firefox,1
d_000913,iOS,Chrome,0
d_000914,Linux,Edge,0
d_000915,Android,Edge,0
d_000916,Windows,Chrome,0
d_000917,iOS,Edge,0
d_000918,iOS,Safari,0
d_000919,Windows,Firefox,0
d_000920,Android,Chrome,0
d_000921,Linux,Chrome,1
d_000922,Windows,Safari,0
d_000923,Linux,Safari,0
d_000924,Android,Firefox,0
d_000925,Android,Edge,0
d_000926,Linux,Chrome,0
d_000927,Android,Chrome,0
d_000928,Windows,Chrome,1
d_000929,Android,Edge,0
d_000930,Windows,Edge,0
d_000931,Android,Chrome,0
d_000932,Windows,Edge,0
d_000933,Android,Edge,1
d_000934,Android,Edge,0
d_000935,Linux,Edge,1
d_000936,Windows,Chrome,0
d_000937,Windows,Safari,1
d_000938,Android,Chrome,0
d_000939,iOS,Safari,0
d_000940,Windows,Edge,0
d_000941,Linux,Safari,1
d_000942,iOS,Chrome,0
d_000943,iOS,Firefox,0
d_000944,Windows,Firefox,1
d_000945,iOS,Edge,0
d_000946,Windows,Firefox,0
d_000947,Android,Safari,0
d_000948,iOS,Chrome,0
d_000949,Windows,Safari,1
d_000950,iOS,Chrome,0
d_000951,iOS,Edge,0
d_000952,Windows,Firefox,1
d_000953,Linux,Firefox,0
d_000954,Android,Edge,0
d_000955,Linux,Safari,0
d_000956,iOS,Safari,0
d_000957,iOS,Safari,1
d_000958,Windows,Edge,1
d_000959,Linux,Safari,0
d_000960,Windows,Chrome,0
d_000961,Windows,Chrome,0
d_000962,iOS,Firefox,0
d_000963,iOS,Firefox,1
d_000964,Android,Safari,0
d_000965,Windows,Safari,0
d_000966,Windows,Safari,0
d_000967,iOS,Safari,0
d_000968,Android,Safari,0
d_000969,Android,Chrome,0
d_000970,Linux,Chrome,0
d_000971,iOS,Firefox,0
d_000972,iOS,Firefox,1
d_000973,iOS,Edge,0
d_000974,Android,Safari,0
d_000975,iOS,Safari,0
d_000976,Windows,Firefox,1
d_000977,iOS,Chrome,1
d_000978,Windows,Safari,0
d_000979,iOS,Chrome,0
d_000980,iOS,Edge,0
d_000981,Android,Edge,0
d_000982,iOS,Edge,0
d_000983,Linux,Edge,0
d_000984,Windows,Firefox,0
d_000985,Linux,Edge,1
d_000986,Linux,Chrome,0
d_000987,iOS,Safari,0
d_000988,iOS,Edge,1
d_000989,Windows,Edge,0
d_000990,iOS,Firefox,1
d_000991,Android,Safari,0
d_000992,Windows,Edge,0
d_000993,iOS,Chrome,0
d_000994,Windows,Edge,1
d_000995,Linux,Edge,1
d_000996,Windows,Edge,1
d_000997,Windows,Edge,0
d_000998,iOS,Edge,0
d_000999,Windows,Chrome,0
d_001000,Android,Firefox,0
d_001001,Windows,Safari,0
d_001002,Android,Chrome,0
d_001003,Android,Safari,0
d_001004,iOS,Firefox,0
d_001005,Windows,Firefox,0
d_001006,iOS,Firefox,0
d_001007,Windows,Firefox,0
d_001008,Linux,Edge,0
d_001009,Linux,Safari,0
d_001010,iOS,Safari,1
d_001011,Linux,Safari,0
d_001012,Linux,Firefox,1
d_001013,Windows,Safari,0
d_001014,Linux,Safari,1
d_001015,Linux,Chrome,1
d_001016,iOS,Safari,0
d_001017,Android,Edge,0
d_001018,Windows,Safari,0
d_001019,Linux,Edge,1
d_001020,Windows,Chrome,0
d_001021,iOS,Safari,0
d_001022,Linux,Edge,0
d_001023,Linux,Chrome,0
d_001024,iOS,Edge,1
d_001025,Windows,Edge,0
d_001026,Android,Safari,0
d_001027,iOS,Chrome,0
d_001028,Android,Safari,1
d_001029,Android,Edge,0
d_001030,iOS,Safari,0
d_001031,Android,Edge,0
d_001032,Windows,Chrome,0
d_001033,Windows,Edge,0
d_001034,iOS,Chrome,1
d_001035,Linux,Edge,0
d_001036,Linux,Safari,0
d_001037,iOS,Firefox,0
d_001038,Linux,Safari,1
d_001039,iOS,Edge,0
d_001040,iOS,Chrome,0
d_001041,Linux,Chrome,0
d_001042,iOS,Firefox,1
d_001043,Linux,Edge,1
d_001044,Android,Firefox,0
d_001045,Windows,Firefox,1
d_001046,iOS,Edge,1
d_001047,iOS,Edge,0
d_001048,Linux,Safari,1
d_001049,Linux,Chrome,0
d_001050,iOS,Firefox,0
d_001051,Android,Safari,0
d_001052,Linux,Chrome,1
d_001053,Android,Chrome,0
d_001054,Linux,Edge,0
d_001055,Windows,Safari,0
d_001056,Linux,Chrome,0
d_001057,Linux,Edge,0
d_001058,Linux,Safari,0
d_001059,Android,Chrome,1
d_001060,Android,Safari,0
d_001061,Linux,Edge,0
d_001062,Android,Chrome,1
d_001063,Linux,Safari,0
d_001064,Windows,Safari,1
d_001065,Android,Chrome,0
d_001066,Windows,Chrome,0
d_001067,iOS,Chrome,1
d_001068,Windows,Safari,0
d_001069,Windows,Safari,1
d_001070,Android,Safari,0
d_001071,Android,Chrome,1
d_001072,Windows,Edge,1
d_001073,Android,Chrome,0
d_001074,iOS,Safari,1
d_001075,iOS,Safari,0
d_001076,Android,Edge,0
d_001077,Android,Firefox,0
d_001078,Android,Safari,0
d_001079,iOS,Safari,0
d_001080,Linux,Chrome,0
d_001081,Windows,Safari,0
d_001082,Linux,Edge,0
d_001083,iOS,Safari,0
d_001084,Windows,Firefox,0
d_001085,Android,Edge,0
d_001086,Android,Edge,0
d_001087,Linux,Safari,0
d_001088,Windows,Firefox,0
d_001089,Android,Safari,0
d_001090,Windows,Edge,1
d_001091,iOS,Firefox,0
d_001092,Windows,Edge,0
d_001093,Windows,Safari,0
d_001094,Linux,Chrome,0
d_001095,Android,Edge,0
d_001096,iOS,Chrome,1
d_001097,Android,Chrome,0
d_001098,iOS,Edge,0
d_001099,Android,Chrome,0
d_001100,Windows,Edge,0
d_001101,iOS,Safari,0
d_001102,iOS,Chrome,1
d_001103,Linux,Firefox,0
d_001104,Windows,Firefox,0
d_001105,Linux,Firefox,0
d_001106,iOS,Firefox,0
d_001107,iOS,Safari,0
d_001108,iOS,Safari,0
d_001109,Windows,Safari,1
d_001110,Android,Chrome,1
d_001111,Android,Safari,1
d_001112,iOS,Safari,0
d_001113,Android,Safari,0
d_001114,iOS,Chrome,0
d_001115,Linux,Firefox,1
d_001116,iOS,Safari,0
d_001117,iOS,Safari,1
d_001118,Windows,Edge,0
d_001119,Windows,Edge,0
d_001120,Windows,Edge,0
d_001121,iOS,Edge,1
d_001122,Linux,Edge,1
d_001123,Linux,Chrome,0
d_001124,Linux,Chrome,1
d_001125,iOS,Safari,0
d_001126,Linux,Edge,0
d_001127,Linux,Firefox,0
d_001128,Linux,Chrome,1
d_001129,iOS,Edge,0
d_001130,iOS,Safari,0
d_001131,Android,Firefox,0
d_001132,Linux,Edge,1
d_001133,Windows,Edge,1
d_001134,Windows,Chrome,1
d_001135,Android,Chrome,1
d_001136,iOS,Safari,1
d_001137,Windows,Firefox,1
d_001138,Windows,Chrome,1
d_001139,Linux,Safari,1
d_001140,Linux,Chrome,0
d_001141,Android,Safari,0
d_001142,Linux,Safari,0
d_001143,iOS,Safari,0
d_001144,Android,Chrome,0
d_001145,Linux,Chrome,1
d_001146,Linux,Safari,0
d_001147,Windows,Firefox,1
d_001148,Windows,Edge,1
d_001149,Android,Firefox,0
d_001150,Windows,Safari,0
d_001151,Windows,Chrome,1
d_001152,Linux,Chrome,0
d_001153,Android,Edge,0
d_001154,Windows,Edge,1
d_001155,iOS,Firefox,0
d_001156,iOS,Safari,0
d_001157,iOS,Chrome,1
d_001158,iOS,Safari,1
d_001159,Android,Safari,0
d_001160,Windows,Edge,0
d_001161,Android,Safari,1
d_001162,Windows,Chrome,0
d_001163,Android,Firefox,1
d_001164,Windows,Chrome,0
d_001165,Linux,Edge,0
d_001166,Android,Chrome,0
d_001167,Android,Chrome,0
d_001168,iOS,Chrome,0
d_001169,Windows,Edge,1
d_001170,Windows,Edge,1
d_001171,Windows,Firefox,0
d_001172,iOS,Firefox,0
d_001173,Linux,Chrome,1
d_001174,Windows,Chrome,0
d_001175,Linux,Edge,0
d_001176,Android,Chrome,0
d_001177,iOS,Firefox,0
d_001178,Linux,Edge,1
d_001179,Android,Firefox,0
d_001180,Windows,Chrome,0
d_001181,Linux,Safari,0
d_001182,Linux,Chrome,1
d_001183,Linux,Edge,0
d_001184,Linux,Firefox,0
d_001185,iOS,Chrome,0
d_001186,Linux,Chrome,0
d_001187,Linux,Safari,0
d_001188,Android,Edge,1
d_001189,iOS,Safari,0
d_001190,Android,Chrome,0
d_001191,Android,Safari,1
d_001192,Linux,Firefox,0
d_001193,Windows,Edge,0
d_001194,iOS,Edge,0
d_001195,Windows,Safari,0
d_001196,Windows,Edge,0
d_001197,Linux,Safari,1
d_001198,Windows,Chrome,0
d_001199,Android,Chrome,0
d_001200,Windows,Safari,0
d_001201,Windows,Safari,0
d_001202,Linux,Chrome,0
d_001203,Android,Safari,0
d_001204,Linux,Firefox,1
d_001205,iOS,Safari,0
d_001206,Linux,Chrome,0
d_001207,Windows,Safari,1
d_001208,iOS,Edge,0
d_001209,iOS,Firefox,1
d_001210,Android,Firefox,0
d_001211,Android,Firefox,0
d_001212,iOS,Edge,1
d_001213,Linux,Chrome,0
d_001214,iOS,Safari,0
d_001215,Android,Safari,0
d_001216,Linux,Firefox,1
d_001217,Android,Edge,0
d_001218,Linux,Edge,0
d_001219,Linux,Edge,0
d_001220,Windows,Firefox,0
d_001221,Linux,Chrome,0
d_001222,Windows,Chrome,0
d_001223,Linux,Safari,0
d_001224,Linux,Edge,0
d_001225,iOS,Safari,0
d_001226,iOS,Chrome,0
d_001227,Android,Safari,0
d_001228,Linux,Safari,1
d_001229,Android,Firefox,0
d_001230,iOS,Chrome,1
d_001231,Windows,Edge,0
d_001232,Linux,Safari,0
d_001233,Android,Safari,0
d_001234,Linux,Firefox,1
d_001235,Linux,Chrome,0
d_001236,Linux,Firefox,1
d_001237,Windows,Chrome,1
d_001238,Android,Chrome,0
d_001239,Linux,Safari,0
d_001240,Linux,Firefox,0
d_001241,iOS,Edge,0
d_001242,Linux,Firefox,1
d_001243,Android,Firefox,0
d_001244,iOS,Edge,0
d_001245,Linux,Edge,0
d_001246,Android,Safari,0
d_001247,iOS,Safari,0
d_001248,Linux,Firefox,0
d_001249,Android,Safari,0
d_001250,iOS,Chrome,0
d_001251,Android,Chrome,0
d_001252,Windows,Firefox,0
d_001253,Linux,Chrome,0
d_001254,Windows,Chrome,0
d_001255,Linux,Safari,0
d_001256,Windows,Firefox,1
d_001257,Android,Chrome,0
d_001258,Android,Safari,0
d_001259,Windows,Safari,0
d_001260,iOS,Firefox,0
d_001261,iOS,Edge,0
d_001262,Windows,Firefox,0
d_001263,iOS,Edge,1
d_001264,Android,Firefox,1
d_001265,iOS,Safari,1
d_001266,Windows,Safari,0
d_001267,iOS,Edge,0
d_001268,Windows,Edge,0
d_001269,Android,Safari,1
d_001270,Windows,Chrome,0
d_001271,Linux,Chrome,0
d_001272,Android,Firefox,0
d_001273,Windows,Safari,0
d_001274,Windows,Chrome,0
d_001275,Linux,Safari,0
d_001276,Android,Chrome,1
d_001277,Windows,Edge,0
d_001278,Windows,Firefox,0
d_001279,Android,Chrome,0
d_001280,Windows,Edge,0
d_001281,Windows,Edge,0
d_001282,iOS,Firefox,1
d_001283,iOS,Safari,0
d_001284,Linux,Firefox,0
d_001285,Windows,Safari,0
d_001286,Linux,Safari,1
d_001287,Windows,Edge,1
d_001288,Windows,Edge,0
d_001289,Windows,Chrome,0
d_001290,Linux,Firefox,0
d_001291,Android,Chrome,0
d_001292,Android,Safari,0
d_001293,Android,Firefox,0
d_001294,Android,Edge,1
d_001295,Linux,Edge,0
d_001296,Linux,Chrome,0
d_001297,Android,Edge,0
d_001298,iOS,Chrome,0
d_001299,iOS,Safari,1
d_001300,Android,Firefox,0
d_001301,Windows,Chrome,0
d_001302,Linux,Edge,1
d_001303,Windows,Chrome,0
d_001304,iOS,Chrome,0
d_001305,Windows,Edge,0
d_001306,Windows,Safari,0
d_001307,Linux,Safari,0
d_001308,Android,Edge,0
d_001309,Android,Firefox,1
d_001310,Linux,Firefox,0
d_001311,Windows,Chrome,0
d_001312,Windows,Safari,0
d_001313,Windows,Chrome,1
d_001314,Linux,Edge,0
d_001315,Android,Safari,0
d_001316,Android,Edge,1
d_001317,iOS,Firefox,0
d_001318,Linux,Edge,0
d_001319,Windows,Firefox,0
d_001320,iOS,Firefox,1
d_001321,Linux,Edge,0
d_001322,iOS,Firefox,0
d_001323,Android,Firefox,1
d_001324,Android,Safari,0
d_001325,Android,Safari,0
d_001326,Linux,Firefox,1
d_001327,iOS,Safari,0
d_001328,Windows,Chrome,1
d_001329,Linux,Edge,1
d_001330,Windows,Edge,0
d_001331,iOS,Chrome,1
d_001332,Android,Safari,0
d_001333,Windows,Chrome,0
d_001334,Android,Firefox,0
d_001335,Android,Edge,1
d_001336,Windows,Firefox,1
d_001337,Android,Edge,1
d_001338,iOS,Safari,0
d_001339,Windows,Chrome,0
d_001340,iOS,Edge,0
d_001341,Linux,Chrome,0
d_001342,iOS,Safari,0
d_001343,Android,Safari,0
d_001344,Android,Firefox,1
d_001345,iOS,Edge,0
d_001346,iOS,Chrome,0
d_001347,Linux,Edge,0
d_001348,iOS,Safari,0
d_001349,Linux,Edge,0
d_001350,Linux,Chrome,0
d_001351,Android,Firefox,0
d_001352,Windows,Firefox,0
d_001353,iOS,Firefox,1
d_001354,iOS,Chrome,0
d_001355,Android,Firefox,0
d_001356,Windows,Edge,0
d_001357,Android,Edge,0
d_001358,Windows,Edge,0
d_001359,Windows,Firefox,0
d_001360,Android,Chrome,0
d_001361,Windows,Firefox,0
d_001362,Windows,Safari,0
d_001363,iOS,Edge,0
d_001364,Android,Safari,0
d_001365,Android,Safari,0
d_001366,Linux,Chrome,0
d_001367,Windows,Firefox,0
d_001368,iOS,Safari,1
d_001369,iOS,Safari,0
d_001370,Windows,Firefox,1
d_001371,Linux,Chrome,0
d_001372,Android,Edge,1
d_001373,Android,Safari,1
d_001374,iOS,Firefox,0
d_001375,Android,Safari,0
d_001376,Linux,Chrome,1
d_001377,Linux,Edge,0
d_001378,Linux,Firefox,1
d_001379,iOS,Chrome,0
d_001380,iOS,Chrome,0
d_001381,Windows,Firefox,1
d_001382,Windows,Firefox,0
d_001383,iOS,Safari,0
d_001384,iOS,Firefox,0
d_001385,iOS,Firefox,0
d_001386,Windows,Chrome,0
d_001387,iOS,Chrome,0
d_001388,Windows,Firefox,0
d_001389,Android,Firefox,0
d_001390,Linux,Firefox,0
d_001391,Android,Chrome,0
d_001392,iOS,Firefox,0
d_001393,Windows,Chrome,0
d_001394,Linux,Firefox,0
d_001395,Linux,Safari,0
d_001396,Windows,Safari,0
d_001397,iOS,Edge,1
d_001398,Linux,Firefox,0
d_001399,Linux,Chrome,0
d_001400,iOS,Edge,1
d_001401,iOS,Safari,0
d_001402,iOS,Firefox,1
d_001403,Windows,Safari,0
d_001404,Linux,Safari,0
d_001405,iOS,Chrome,0
d_001406,iOS,Edge,1
d_001407,Android,Safari,1
d_001408,Android,Edge,0
d_001409,Android,Chrome,1
d_001410,Android,Safari,0
d_001411,Android,Firefox,0
d_001412,Android,Chrome,0
d_001413,Windows,Chrome,0
d_001414,iOS,Edge,0
d_001415,iOS,Firefox,1
d_001416,Linux,Safari,0
d_001417,Android,Firefox,0
d_001418,Android,Chrome,0
d_001419,Windows,Chrome,0
d_001420,iOS,Chrome,1
d_001421,Android,Safari,0
d_001422,Linux,Safari,1
d_001423,Windows,Safari,0
d_001424,Android,Edge,1
d_001425,Android,Safari,0
d_001426,Windows,Firefox,0
d_001427,Windows,Chrome,0
d_001428,Android,Chrome,0
d_001429,iOS,Edge,0
d_001430,iOS,Edge,0
d_001431,Windows,Firefox,0
d_001432,Android,Firefox,0
d_001433,Windows,Firefox,1
d_001434,Android,Safari,0
d_001435,Windows,Safari,0
d_001436,Linux,Edge,1
d_001437,Android,Edge,0
d_001438,iOS,Chrome,0
d_001439,iOS,Safari,0
d_001440,Windows,Firefox,1
d_001441,Linux,Edge,1
d_001442,Windows,Safari,1
d_001443,Linux,Edge,0
d_001444,Linux,Safari,1
d_001445,Android,Edge,1
d_001446,Android,Safari,0
d_001447,Android,Safari,0
d_001448,Windows,Edge,0
d_001449,Android,Chrome,0
d_001450,Windows,Safari,0
d_001451,Linux,Safari,0
d_001452,iOS,Safari,1
d_001453,Android,Safari,0
d_001454,iOS,Edge,0
d_001455,Linux,Firefox,0
d_001456,Android,Chrome,0
d_001457,iOS,Chrome,1
d_001458,Windows,Safari,0
d_001459,iOS,Chrome,0
d_001460,Linux,Safari,0
d_001461,Linux,Safari,0
d_001462,Linux,Edge,0
d_001463,Linux,Chrome,0
d_001464,Android,Safari,0
d_001465,Android,Safari,0
d_001466,Android,Edge,0
d_001467,Linux,Firefox,1
d_001468,iOS,Edge,0
d_001469,Windows,Chrome,0
d_001470,iOS,Safari,1
d_001471,Android,Safari,1
d_001472,iOS,Chrome,1
d_001473,Linux,Firefox,1
d_001474,Linux,Safari,1
d_001475,Windows,Edge,0
d_001476,Windows,Chrome,0
d_001477,Android,Firefox,0
d_001478,Android,Safari,0
d_001479,iOS,Chrome,0
d_001480,iOS,Chrome,0
d_001481,iOS,Safari,0
d_001482,iOS,Firefox,0
d_001483,Android,Edge,0
d_001484,Android,Firefox,0
d_001485,Windows,Chrome,0
d_001486,Windows,Edge,0
d_001487,Windows,Edge,0
d_001488,iOS,Chrome,0
d_001489,Linux,Chrome,0
d_001490,Android,Edge,0
d_001491,Android,Firefox,1
d_001492,iOS,Edge,0
d_001493,Android,Safari,0
d_001494,iOS,Safari,0
d_001495,Linux,Safari,0
d_001496,Windows,Firefox,0
d_001497,Android,Edge,1
d_001498,iOS,Chrome,0
d_001499,Linux,Chrome,0
d_001500,iOS,Firefox,0
d_001501,Linux,Chrome,0
d_001502,Windows,Safari,1
d_001503,iOS,Chrome,0
d_001504,Windows,Firefox,0
d_001505,Android,Safari,0
d_001506,Windows,Edge,1
d_001507,Linux,Safari,0
d_001508,Linux,Chrome,0
d_001509,Windows,Edge,0
d_001510,iOS,Edge,1
d_001511,Windows,Firefox,0
d_001512,Linux,Edge,0
d_001513,Android,Chrome,0
d_001514,Android,Safari,0
d_001515,Windows,Edge,0
d_001516,Linux,Chrome,0
d_001517,Linux,Edge,0
d_001518,Windows,Edge,0
d_001519,Linux,Chrome,1
d_001520,iOS,Chrome,0
d_001521,Linux,Safari,1
d_001522,Windows,Chrome,1
d_001523,Windows,Edge,0
d_001524,Linux,Chrome,0
d_001525,Linux,Chrome,0
d_001526,Linux,Safari,0
d_001527,Windows,Chrome,0
d_001528,Android,Firefox,1
d_001529,Linux,Safari,1
d_001530,iOS,Chrome,0
d_001531,Windows,Firefox,1
d_001532,Android,Safari,0
d_001533,Windows,Edge,0
d_001534,Windows,Edge,0
d_001535,iOS,Firefox,1
d_001536,Android,Chrome,0
d_001537,Windows,Firefox,1
d_001538,iOS,Firefox,0
d_001539,Linux,Edge,1
d_001540,Linux,Firefox,0
d_001541,Android,Safari,1
d_001542,iOS,Firefox,0
d_001543,Android,Safari,0
d_001544,iOS,Edge,1
d_001545,Android,Edge,0
d_001546,Android,Edge,0
d_001547,Linux,Chrome,0
d_001548,iOS,Safari,0
d_001549,iOS,Edge,1
d_001550,Windows,Safari,0
d_001551,Android,Firefox,0
d_001552,Android,Firefox,0
d_001553,Android,Edge,0
d_001554,Linux,Edge,1
d_001555,Windows,Edge,0
d_001556,Android,Safari,0
d_001557,Linux,Firefox,1
d_001558,iOS,Edge,0
d_001559,Windows,Edge,1
d_001560,Android,Chrome,0
d_001561,Android,Chrome,0
d_001562,Android,Edge,1
d_001563,Linux,Chrome,0
d_001564,Linux,Safari,0
d_001565,Linux,Edge,0
d_001566,iOS,Edge,0
d_001567,Windows,Edge,0
d_001568,Linux,Chrome,1
d_001569,iOS,Firefox,0
d_001570,Windows,Firefox,0
d_001571,iOS,Chrome,1
d_001572,Android,Chrome,1
d_001573,iOS,Firefox,0
d_001574,Windows,Safari,0
d_001575,iOS,Edge,1
d_001576,Linux,Chrome,0
d_001577,iOS,Edge,1
d_001578,Linux,Firefox,0
d_001579,Linux,Safari,0
d_001580,iOS,Chrome,0
d_001581,Windows,Safari,1
d_001582,iOS,Chrome,0
d_001583,Android,Edge,0
d_001584,iOS,Chrome,0
d_001585,Linux,Chrome,0
d_001586,Linux,Firefox,0
d_001587,iOS,Safari,0
d_001588,iOS,Safari,0
d_001589,Windows,Chrome,1
d_001590,Android,Safari,0
d_001591,Android,Chrome,0
d_001592,Android,Chrome,1
d_001593,Windows,Firefox,0
d_001594,Android,Chrome,0
d_001595,Windows,Safari,1
d_001596,Android,Edge,1
d_001597,Linux,Chrome,0
d_001598,Android,Safari,1
d_001599,Linux,Firefox,1
d_001600,iOS,Safari,1
d_001601,Android,Safari,0
d_001602,Android,Firefox,0
d_001603,Linux,Chrome,0
d_001604,Windows,Chrome,0
d_001605,Android,Chrome,0
d_001606,iOS,Firefox,0
d_001607,iOS,Chrome,0
d_001608,iOS,Safari,0
d_001609,iOS,Firefox,0
d_001610,Linux,Safari,0
d_001611,Windows,Firefox,0
d_001612,Linux,Edge,1
d_001613,iOS,Firefox,1
d_001614,iOS,Firefox,0
d_001615,Android,Firefox,1
d_001616,iOS,Edge,0
d_001617,Linux,Edge,1
d_001618,Windows,Chrome,0
d_001619,Linux,Safari,1
d_001620,Windows,Chrome,0
d_001621,iOS,Chrome,1
d_001622,Linux,Firefox,0
d_001623,Linux,Chrome,0
d_001624,iOS,Firefox,0
d_001625,iOS,Firefox,1
d_001626,Android,Safari,0
d_001627,Windows,Safari,0
d_001628,Android,Chrome,0
d_001629,Android,Firefox,0
d_001630,Linux,Firefox,0
d_001631,Android,Edge,0
d_001632,iOS,Safari,0
d_001633,Windows,Chrome,0
d_001634,Linux,Firefox,1
d_001635,iOS,Safari,0
d_001636,Linux,Edge,0
d_001637,Windows,Edge,0
d_001638,Android,Edge,0
d_001639,Windows,Edge,0
d_001640,Android,Firefox,0
d_001641,Android,Edge,0
d_001642,iOS,Edge,0
d_001643,Android,Firefox,0
d_001644,Android,Edge,0
d_001645,Linux,Firefox,0
d_001646,Windows,Firefox,0
d_001647,Android,Firefox,1
d_001648,Android,Edge,1
d_001649,Linux,Edge,0
d_001650,Windows,Chrome,0
d_001651,iOS,Chrome,0
d_001652,iOS,Chrome,0
d_001653,Linux,Safari,0
d_001654,Android,Safari,0
d_001655,Android,Chrome,0
d_001656,Android,Chrome,0
d_001657,Windows,Chrome,0
d_001658,Windows,Edge,0
d_001659,iOS,Safari,0
d_001660,Android,Safari,1
d_001661,iOS,Edge,0
d_001662,Android,Safari,1
d_001663,Linux,Firefox,1
d_001664,Linux,Safari,0
d_001665,Windows,Firefox,0
d_001666,Windows,Safari,0
d_001667,Android,Chrome,0
d_001668,Android,Safari,1
d_001669,iOS,Edge,0
d_001670,iOS,Edge,1
d_001671,Windows,Safari,0
d_001672,Windows,Edge,0
d_001673,Android,Safari,0
d_001674,Windows,Edge,0
d_001675,iOS,Edge,1
d_001676,Android,Firefox,0
d_001677,iOS,Firefox,1
d_001678,iOS,Edge,0
d_001679,Android,Safari,0
d_001680,Linux,Safari,0
d_001681,Android,Edge,0
d_001682,Windows,Firefox,1
d_001683,Android,Firefox,0
d_001684,iOS,Safari,1
d_001685,Linux,Firefox,1
d_001686,Linux,Firefox,0
d_001687,Android,Chrome,0
d_001688,Linux,Safari,1
d_001689,iOS,Edge,0
d_001690,Windows,Edge,0
d_001691,Android,Chrome,1
d_001692,Android,Safari,0
d_001693,Android,Chrome,0
d_001694,iOS,Chrome,0
d_001695,Windows,Safari,0
d_001696,Linux,Edge,1
d_001697,iOS,Firefox,0
d_001698,iOS,Safari,1
d_001699,Windows,Firefox,0
d_001700,Android,Chrome,0
d_001701,Linux,Firefox,0
d_001702,iOS,Firefox,0
d_001703,iOS,Safari,0
d_001704,Linux,Safari,0
d_001705,Linux,Edge,0
d_001706,Android,Safari,0
d_001707,Android,Safari,0
d_001708,Windows,Edge,0
d_001709,Linux,Safari,0
d_001710,Android,Chrome,1
d_001711,Windows,Safari,0
d_001712,iOS,Chrome,0
d_001713,Windows,Firefox,0
d_001714,Linux,Firefox,1
d_001715,Linux,Firefox,0
d_001716,Linux,Chrome,0
d_001717,Windows,Firefox,0
d_001718,Android,Firefox,1
d_001719,iOS,Edge,0
d_001720,iOS,Firefox,0
d_001721,Android,Safari,1
d_001722,Windows,Safari,1
d_001723,iOS,Edge,0
d_001724,Windows,Edge,0
d_001725,Windows,Firefox,0
d_001726,Linux,Edge,0
d_001727,Windows,Safari,0
d_001728,Windows,Chrome,0
d_001729,Linux,Firefox,1
d_001730,Android,Chrome,0
d_001731,iOS,Edge,1
d_001732,Windows,Safari,0
d_001733,Linux,Firefox,0
d_001734,Windows,Chrome,0
d_001735,Android,Safari,1
d_001736,Android,Chrome,0
d_001737,Windows,Chrome,1
d_001738,Windows,Chrome,1
d_001739,Windows,Safari,0
d_001740,Windows,Safari,0
d_001741,Windows,Safari,0
d_001742,Linux,Chrome,0
d_001743,iOS,Chrome,0
d_001744,Windows,Safari,1
d_001745,Linux,Edge,1
d_001746,Windows,Firefox,0
d_001747,iOS,Edge,0
d_001748,iOS,Safari,0
d_001749,iOS,Edge,0
d_001750,Windows,Firefox,0
d_001751,Windows,Edge,0
d_001752,Linux,Edge,0
d_001753,iOS,Edge,0
d_001754,Windows,Edge,0
d_001755,Linux,Edge,0
d_001756,Linux,Edge,1
d_001757,Android,Edge,0
d_001758,iOS,Firefox,0
d_001759,Windows,Safari,0
d_001760,Android,Edge,0
d_001761,Linux,Chrome,0
d_001762,Linux,Chrome,1
d_001763,Android,Firefox,0
d_001764,Windows,Chrome,0
d_001765,Linux,Firefox,0
d_001766,Android,Chrome,0
d_001767,iOS,Edge,0
d_001768,iOS,Safari,0
d_001769,Windows,Chrome,0
d_001770,iOS,Chrome,1
d_001771,Android,Safari,0
d_001772,Android,Safari,0
d_001773,Android,Edge,0
d_001774,Linux,Edge,0
d_001775,Android,Firefox,0
d_001776,Linux,Safari,1
d_001777,Windows,Edge,0
d_001778,Linux,Safari,0
d_001779,iOS,Safari,0
d_001780,iOS,Safari,0
d_001781,Linux,Firefox,1
d_001782,Android,Edge,0
d_001783,Windows,Edge,0
d_001784,Android,Edge,1
d_001785,Linux,Safari,1
d_001786,Windows,Edge,0
d_001787,Linux,Chrome,0
d_001788,Android,Edge,0
d_001789,Windows,Safari,0
d_001790,Linux,Firefox,1
d_001791,iOS,Firefox,0
d_001792,Windows,Edge,0
d_001793,iOS,Safari,0
d_001794,Windows,Edge,0
d_001795,Windows,Firefox,0
d_001796,Android,Edge,1
d_001797,Linux,Safari,1
d_001798,iOS,Firefox,0
d_001799,Linux,Chrome,0
d_001800,Android,Safari,0
d_001801,Android,Chrome,0
d_001802,Linux,Firefox,1
d_001803,iOS,Chrome,0
d_001804,Linux,Edge,0
d_001805,Android,Firefox,0
d_001806,Android,Chrome,0
d_001807,Windows,Chrome,1
d_001808,Windows,Chrome,0
d_001809,Linux,Safari,1
d_001810,iOS,Firefox,0
d_001811,Linux,Firefox,1
d_001812,iOS,Safari,0
d_001813,iOS,Chrome,1
d_001814,Android,Safari,0
d_001815,iOS,Chrome,0
d_001816,Linux,Chrome,0
d_001817,iOS,Edge,0
d_001818,iOS,Edge,0
d_001819,Windows,Safari,0
d_001820,Linux,Edge,0
d_001821,Android,Chrome,1
d_001822,Windows,Chrome,0
d_001823,Linux,Safari,0
d_001824,Windows,Chrome,0
d_001825,Windows,Firefox,0
d_001826,Windows,Chrome,1
d_001827,Windows,Chrome,0
d_001828,Windows,Edge,0
d_001829,Android,Edge,0
d_001830,Android,Chrome,0
d_001831,Linux,Firefox,0
d_001832,Windows,Chrome,0
d_001833,iOS,Firefox,0
d_001834,iOS,Edge,0
d_001835,Android,Firefox,0
d_001836,Linux,Chrome,0
d_001837,iOS,Firefox,1
d_001838,Android,Chrome,0
d_001839,iOS,Firefox,1
d_001840,Linux,Firefox,1
d_001841,Android,Chrome,0
d_001842,iOS,Edge,0
d_001843,Linux,Chrome,0
d_001844,Linux,Safari,1
d_001845,Linux,Safari,1
d_001846,Linux,Chrome,0
d_001847,Windows,Safari,0
d_001848,Linux,Chrome,0
d_001849,iOS,Chrome,0
d_001850,iOS,Edge,0
d_001851,Android,Safari,0
d_001852,Android,Chrome,0
d_001853,Linux,Safari,0
d_001854,Android,Firefox,0
d_001855,iOS,Firefox,0
d_001856,Linux,Edge,0
d_001857,Android,Chrome,0
d_001858,iOS,Edge,0
d_001859,iOS,Edge,0
d_001860,Windows,Firefox,0
d_001861,Windows,Firefox,0
d_001862,Android,Firefox,0
d_001863,Linux,Firefox,1
d_001864,iOS,Safari,0
d_001865,Windows,Safari,0
d_001866,Windows,Safari,0
d_001867,iOS,Edge,0
d_001868,Android,Chrome,1
d_001869,Android,Firefox,1
d_001870,Linux,Firefox,0
d_001871,Android,Firefox,0
d_001872,Linux,Chrome,1
d_001873,Linux,Edge,1
d_001874,iOS,Safari,0
d_001875,iOS,Edge,1
d_001876,Windows,Chrome,0
d_001877,Android,Firefox,0
d_001878,iOS,Chrome,0
d_001879,Linux,Edge,0
d_001880,Android,Edge,0
d_001881,Linux,Edge,0
d_001882,iOS,Edge,0
d_001883,iOS,Safari,1
d_001884,Windows,Firefox,0
d_001885,iOS,Firefox,0
d_001886,Linux,Chrome,0
d_001887,Windows,Firefox,0
d_001888,Android,Chrome,0
d_001889,Windows,Firefox,0
d_001890,Linux,Edge,0
d_001891,Linux,Chrome,0
d_001892,Android,Firefox,1
d_001893,iOS,Edge,1
d_001894,Android,Firefox,0
d_001895,Android,Edge,0
d_001896,Windows,Firefox,0
d_001897,Linux,Safari,0
d_001898,iOS,Safari,0
d_001899,iOS,Chrome,0
d_001900,iOS,Edge,0
d_001901,Android,Safari,0
d_001902,Windows,Firefox,0
d_001903,Windows,Chrome,0
d_001904,Windows,Chrome,0
d_001905,Linux,Chrome,0
d_001906,iOS,Safari,0
d_001907,Windows,Edge,0
d_001908,Linux,Firefox,0
d_001909,Android,Firefox,0
d_001910,Windows,Edge,0
d_001911,Linux,Firefox,0
d_001912,iOS,Firefox,0
d_001913,Windows,Safari,0
d_001914,Android,Safari,0
d_001915,Windows,Safari,0
d_001916,Android,Safari,1
d_001917,Android,Chrome,1
d_001918,Linux,Chrome,0
d_001919,Linux,Edge,0
d_001920,Windows,Safari,0
d_001921,iOS,Firefox,0
d_001922,Windows,Safari,0
d_001923,Windows,Chrome,1
d_001924,Linux,Edge,0
d_001925,Android,Firefox,0
d_001926,Windows,Edge,0
d_001927,Linux,Edge,0
d_001928,iOS,Safari,0
d_001929,iOS,Firefox,1
d_001930,Windows,Firefox,0
d_001931,Android,Edge,0
d_001932,iOS,Edge,1
d_001933,iOS,Edge,0
d_001934,iOS,Chrome,0
d_001935,Windows,Edge,1
d_001936,iOS,Chrome,0
d_001937,Android,Safari,1
d_001938,iOS,Edge,0
d_001939,Windows,Safari,1
d_001940,iOS,Firefox,1
d_001941,Windows,Firefox,0
d_001942,Android,Chrome,0
d_001943,Linux,Edge,0
d_001944,Linux,Firefox,1
d_001945,iOS,Safari,1
d_001946,iOS,Chrome,0
d_001947,Linux,Edge,0
d_001948,Linux,Safari,0
d_001949,Android,Safari,0
d_001950,Linux,Firefox,0
d_001951,Linux,Firefox,0
d_001952,Linux,Firefox,0
d_001953,iOS,Chrome,0
d_001954,Linux,Firefox,0
d_001955,Android,Firefox,0
d_001956,iOS,Chrome,0
d_001957,Windows,Edge,0
d_001958,iOS,Safari,1
d_001959,Windows,Chrome,0
d_001960,Windows,Safari,0
d_001961,iOS,Safari,0
d_001962,Android,Safari,0
d_001963,Linux,Chrome,0
d_001964,iOS,Firefox,0
d_001965,Linux,Safari,1
d_001966,Windows,Chrome,1
d_001967,Linux,Edge,0
d_001968,Windows,Chrome,1
d_001969,Windows,Chrome,0
d_001970,Android,Safari,0
d_001971,Windows,Safari,0
d_001972,Windows,Edge,0
d_001973,Windows,Chrome,0
d_001974,Android,Firefox,1
d_001975,Android,Chrome,0
d_001976,iOS,Edge,0
d_001977,iOS,Firefox,0
d_001978,iOS,Edge,1
d_001979,Linux,Firefox,0
d_001980,iOS,Chrome,0
d_001981,Android,Edge,0
d_001982,Linux,Safari,0
d_001983,Android,Edge,0
d_001984,Linux,Safari,0
d_001985,Linux,Safari,0
d_001986,iOS,Firefox,0
d_001987,Linux,Edge,1
d_001988,Linux,Firefox,0
d_001989,iOS,Chrome,0
d_001990,Linux,Edge,0
d_001991,iOS,Edge,0
d_001992,iOS,Edge,0
d_001993,Android,Firefox,0
d_001994,iOS,Edge,1
d_001995,Linux,Safari,1
d_001996,Windows,Firefox,0
d_001997,Linux,Chrome,0
d_001998,Windows,Firefox,0
d_001999,Linux,Edge,1
d_002000,Linux,Firefox,1
d_002001,Windows,Edge,0
d_002002,Windows,Chrome,0
d_002003,Linux,Edge,0
d_002004,iOS,Safari,0
d_002005,Windows,Safari,0
d_002006,Android,Edge,0
d_002007,Windows,Firefox,0
d_002008,Android,Safari,0
d_002009,iOS,Safari,0
d_002010,iOS,Firefox,1
d_002011,Windows,Firefox,0
d_002012,iOS,Safari,1
d_002013,Android,Chrome,0
d_002014,Linux,Edge,0
d_002015,iOS,Firefox,0
d_002016,Android,Safari,0
d_002017,Android,Firefox,0
d_002018,Linux,Edge,0
d_002019,Windows,Chrome,0
d_002020,Android,Edge,0
d_002021,Android,Safari,0
d_002022,Linux,Safari,0
d_002023,Windows,Edge,0
d_002024,Windows,Firefox,0
d_002025,iOS,Chrome,1
d_002026,Linux,Edge,0
d_002027,Linux,Chrome,0
d_002028,Linux,Firefox,0
d_002029,Windows,Safari,1
d_002030,Android,Edge,1
d_002031,Windows,Chrome,1
d_002032,iOS,Chrome,1
d_002033,iOS,Edge,1
d_002034,Linux,Chrome,0
d_002035,Windows,Safari,0
d_002036,Android,Safari,0
d_002037,Linux,Safari,0
d_002038,iOS,Edge,0
d_002039,iOS,Chrome,1
d_002040,Windows,Edge,1
d_002041,Windows,Safari,0
d_002042,Windows,Edge,0
d_002043,Windows,Safari,0
d_002044,Linux,Firefox,1
d_002045,Windows,Edge,0
d_002046,Android,Chrome,1
d_002047,Android,Edge,1
d_002048,Android,Safari,0
d_002049,iOS,Safari,0
d_002050,Android,Chrome,1
d_002051,Linux,Safari,1
d_002052,iOS,Edge,1
d_002053,Android,Firefox,1
d_002054,Linux,Firefox,0
d_002055,Windows,Firefox,0
d_002056,iOS,Firefox,0
d_002057,Windows,Firefox,0
d_002058,Linux,Safari,1
d_002059,iOS,Safari,0
d_002060,Android,Firefox,1
d_002061,iOS,Safari,1
d_002062,Android,Chrome,1
d_002063,iOS,Safari,0
d_002064,Linux,Firefox,0
d_002065,Android,Edge,0
d_002066,Android,Firefox,0
d_002067,Windows,Chrome,0
d_002068,Windows,Firefox,0
d_002069,Windows,Firefox,1
d_002070,Windows,Safari,1
d_002071,iOS,Chrome,0
d_002072,Windows,Safari,0
d_002073,Android,Safari,0
d_002074,Windows,Firefox,1
d_002075,iOS,Safari,1
d_002076,iOS,Safari,0
d_002077,iOS,Safari,0
d_002078,Linux,Chrome,0
d_002079,Android,Chrome,0
d_002080,Linux,Edge,0
d_002081,Windows,Firefox,1
d_002082,iOS,Edge,0
d_002083,Linux,Edge,1
d_002084,Windows,Firefox,0
d_002085,iOS,Safari,0
d_002086,iOS,Edge,0
d_002087,Linux,Firefox,1
d_002088,Linux,Firefox,0
d_002089,Android,Firefox,0
d_002090,Windows,Edge,1
d_002091,iOS,Edge,0
d_002092,iOS,Chrome,0
d_002093,Linux,Firefox,0
d_002094,Android,Firefox,0
d_002095,Android,Firefox,0
d_002096,Android,Firefox,0
d_002097,Windows,Edge,0
d_002098,Android,Firefox,1
d_002099,Android,Chrome,0
d_002100,Linux,Edge,1
d_002101,Linux,Chrome,0
d_002102,Windows,Chrome,0
d_002103,iOS,Safari,0
d_002104,Linux,Chrome,0
d_002105,Linux,Chrome,0
d_002106,Android,Firefox,0
d_002107,Android,Firefox,0
d_002108,iOS,Firefox,0
d_002109,Linux,Edge,0
d_002110,Android,Safari,0
d_002111,Windows,Chrome,0
d_002112,Linux,Chrome,0
d_002113,iOS,Edge,0
d_002114,Android,Firefox,0
d_002115,Windows,Chrome,0
d_002116,Linux,Chrome,0
d_002117,Android,Chrome,1
d_002118,iOS,Chrome,0
d_002119,Windows,Chrome,0
d_002120,Android,Safari,0
d_002121,Linux,Chrome,0
d_002122,Windows,Safari,0
d_002123,Windows,Chrome,0
d_002124,Windows,Safari,1
d_002125,iOS,Firefox,0
d_002126,iOS,Safari,1
d_002127,iOS,Safari,0
d_002128,Windows,Edge,0
d_002129,Android,Edge,0
d_002130,Windows,Firefox,0
d_002131,iOS,Chrome,1
d_002132,iOS,Safari,1
d_002133,Windows,Firefox,1
d_002134,Windows,Firefox,0
d_002135,iOS,Firefox,0
d_002136,Linux,Firefox,0
d_002137,Android,Safari,0
d_002138,iOS,Edge,1
d_002139,Windows,Edge,0
d_002140,Windows,Chrome,0
d_002141,Android,Safari,0
d_002142,Linux,Firefox,1
d_002143,Android,Safari,0
d_002144,Windows,Safari,0
d_002145,iOS,Chrome,1
d_002146,Linux,Edge,1
d_002147,Linux,Safari,1
d_002148,Windows,Firefox,0
d_002149,Linux,Firefox,1
d_002150,iOS,Chrome,0
d_002151,Linux,Firefox,1
d_002152,Android,Safari,1
d_002153,Windows,Safari,0
d_002154,iOS,Firefox,0
d_002155,Android,Firefox,0
d_002156,Windows,Edge,0
d_002157,iOS,Edge,1
d_002158,iOS,Safari,0
d_002159,Windows,Firefox,0
d_002160,iOS,Safari,0
d_002161,Linux,Chrome,0
d_002162,iOS,Firefox,0
d_002163,Linux,Safari,0
d_002164,Android,Edge,0
d_002165,iOS,Edge,1
d_002166,Linux,Safari,1
d_002167,Linux,Safari,0
d_002168,iOS,Edge,0
d_002169,Windows,Edge,0
d_002170,Android,Firefox,1
d_002171,Android,Safari,1
d_002172,iOS,Firefox,0
d_002173,Windows,Chrome,0
d_002174,Android,Safari,1
d_002175,Linux,Safari,0
d_002176,iOS,Firefox,0
d_002177,Android,Firefox,1
d_002178,iOS,Edge,1
d_002179,Windows,Firefox,0
d_002180,Linux,Chrome,1
d_002181,Linux,Safari,0
d_002182,Linux,Chrome,0
d_002183,Android,Firefox,1
d_002184,Linux,Chrome,0
d_002185,Windows,Safari,0
d_002186,Linux,Chrome,1
d_002187,Linux,Edge,1
d_002188,Windows,Edge,0
d_002189,Android,Edge,0
d_002190,Linux,Firefox,0
d_002191,Android,Safari,0
d_002192,Linux,Chrome,1
d_002193,Android,Firefox,0
d_002194,iOS,Edge,0
d_002195,Android,Edge,1
d_002196,Android,Chrome,0
d_002197,Linux,Firefox,1
d_002198,Windows,Firefox,0
d_002199,Windows,Firefox,1
d_002200,Windows,Safari,0
d_002201,Windows,Edge,0
d_002202,Linux,Firefox,0
d_002203,Android,Chrome,0
d_002204,Android,Edge,0
d_002205,iOS,Chrome,0
d_002206,iOS,Safari,0
d_002207,Linux,Firefox,1
d_002208,Linux,Safari,0
d_002209,Android,Chrome,1
d_002210,Windows,Chrome,0
d_002211,Android,Edge,0
d_002212,Windows,Firefox,0
d_002213,Linux,Chrome,1
d_002214,Windows,Chrome,0
d_002215,Android,Safari,1
d_002216,Windows,Safari,0
d_002217,Windows,Edge,0
d_002218,Linux,Firefox,0
d_002219,Windows,Chrome,0
d_002220,iOS,Firefox,1
d_002221,Android,Edge,0
d_002222,Android,Edge,0
d_002223,Windows,Firefox,0
d_002224,Windows,Chrome,1
d_002225,iOS,Chrome,0
d_002226,iOS,Chrome,0
d_002227,Linux,Edge,0
d_002228,Linux,Edge,0
d_002229,Windows,Firefox,0
d_002230,Windows,Edge,0
d_002231,Linux,Edge,0
d_002232,iOS,Edge,0
d_002233,Linux,Chrome,0
d_002234,Linux,Firefox,0
d_002235,iOS,Firefox,0
d_002236,Windows,Firefox,0
d_002237,Linux,Chrome,1
d_002238,iOS,Firefox,0
d_002239,Linux,Chrome,1
d_002240,Linux,Safari,0
d_002241,iOS,Edge,1
d_002242,Android,Edge,0
d_002243,iOS,Chrome,0
d_002244,iOS,Safari,0
d_002245,Linux,Firefox,1
d_002246,Linux,Firefox,0
d_002247,Windows,Chrome,0
d_002248,Linux,Safari,0
d_002249,Linux,Edge,1
d_002250,Linux,Safari,0
d_002251,Linux,Firefox,0
d_002252,Windows,Edge,0
d_002253,Android,Edge,0
d_002254,Linux,Edge,1
d_002255,Android,Safari,0
d_002256,Android,Edge,0
d_002257,Windows,Safari,0
d_002258,Linux,Chrome,0
d_002259,Android,Edge,0
d_002260,iOS,Edge,0
d_002261,iOS,Safari,0
d_002262,iOS,Firefox,1
d_002263,Windows,Chrome,0
d_002264,iOS,Edge,0
d_002265,iOS,Edge,1
d_002266,iOS,Edge,0
d_002267,Windows,Safari,0
d_002268,Linux,Chrome,0
d_002269,Android,Edge,0
d_002270,Linux,Chrome,1
d_002271,Windows,Chrome,1
d_002272,Linux,Edge,0
d_002273,Windows,Edge,0
d_002274,Windows,Edge,0
d_002275,Linux,Chrome,1
d_002276,iOS,Firefox,0
d_002277,iOS,Firefox,0
d_002278,Windows,Safari,1
d_002279,Linux,Safari,0
d_002280,Android,Firefox,0
d_002281,Linux,Edge,0
d_002282,Windows,Firefox,0
d_002283,Linux,Firefox,0
d_002284,Windows,Firefox,1
d_002285,iOS,Safari,0
d_002286,Android,Safari,0
d_002287,Windows,Firefox,0
d_002288,iOS,Firefox,0
d_002289,Linux,Firefox,1
d_002290,iOS,Safari,0
d_002291,Linux,Firefox,0
d_002292,Android,Safari,0
d_002293,iOS,Chrome,0
d_002294,Windows,Edge,0
d_002295,iOS,Firefox,1
d_002296,Windows,Firefox,0
d_002297,Linux,Safari,1
d_002298,iOS,Edge,1
d_002299,Android,Chrome,1
d_002300,iOS,Firefox,0
d_002301,iOS,Safari,0
d_002302,Android,Safari,0
d_002303,Linux,Edge,0
d_002304,iOS,Safari,0
d_002305,Android,Edge,0
d_002306,Windows,Chrome,0
d_002307,Android,Chrome,0
d_002308,iOS,Safari,1
d_002309,iOS,Safari,0
d_002310,Linux,Safari,0
d_002311,Windows,Firefox,0
d_002312,iOS,Chrome,0
d_002313,Windows,Chrome,0
d_002314,iOS,Safari,0
d_002315,Linux,Chrome,1
d_002316,Windows,Chrome,0
d_002317,Linux,Chrome,0
d_002318,Android,Edge,1
d_002319,Android,Safari,0
d_002320,Windows,Chrome,1
d_002321,Android,Edge,1
d_002322,Linux,Chrome,0
d_002323,Linux,Firefox,0
d_002324,iOS,Firefox,1
d_002325,Windows,Firefox,1
d_002326,iOS,Firefox,0
d_002327,Windows,Edge,0
d_002328,iOS,Edge,0
d_002329,Windows,Edge,0
d_002330,iOS,Safari,1
d_002331,Linux,Firefox,0
d_002332,Linux,Firefox,0
d_002333,iOS,Chrome,0
d_002334,iOS,Firefox,0
d_002335,Windows,Edge,0
d_002336,Windows,Safari,0
d_002337,Windows,Safari,0
d_002338,Linux,Safari,0
d_002339,iOS,Firefox,0
d_002340,Linux,Firefox,1
d_002341,Windows,Edge,0
d_002342,Windows,Safari,0
d_002343,Windows,Firefox,0
d_002344,Linux,Firefox,0
d_002345,Linux,Edge,1
d_002346,Linux,Chrome,0
d_002347,Windows,Safari,1
d_002348,Windows,Chrome,1
d_002349,iOS,Firefox,0
d_002350,Windows,Chrome,0
d_002351,Linux,Edge,0
d_002352,iOS,Safari,0
d_002353,Windows,Chrome,1
d_002354,iOS,Safari,0
d_002355,Linux,Edge,0
d_002356,Linux,Edge,0
d_002357,Windows,Edge,0
d_002358,Android,Chrome,0
d_002359,Windows,Firefox,0
d_002360,Windows,Chrome,1
d_002361,iOS,Chrome,1
d_002362,Linux,Safari,0
d_002363,Windows,Safari,0
d_002364,Linux,Safari,0
d_002365,Windows,Firefox,0
d_002366,iOS,Chrome,0
d_002367,Windows,Edge,0
d_002368,iOS,Firefox,0
d_002369,iOS,Edge,1
d_002370,Windows,Safari,0
d_002371,Windows,Chrome,0
d_002372,Android,Edge,0
d_002373,Linux,Edge,1
d_002374,Android,Firefox,0
d_002375,Linux,Chrome,0
d_002376,Linux,Firefox,0
d_002377,Android,Chrome,0
d_002378,Android,Safari,0
d_002379,Linux,Safari,0
d_002380,Linux,Firefox,0
d_002381,Linux,Safari,1
d_002382,Android,Safari,0
d_002383,Linux,Edge,0
d_002384,Linux,Firefox,0
d_002385,Linux,Chrome,0
d_002386,iOS,Firefox,0
d_002387,iOS,Firefox,1
d_002388,Windows,Edge,0
d_002389,Windows,Safari,0
d_002390,iOS,Safari,0
d_002391,iOS,Chrome,0
d_002392,Android,Safari,0
d_002393,Android,Firefox,0
d_002394,iOS,Safari,0
d_002395,Windows,Safari,0
d_002396,Windows,Safari,1
d_002397,Windows,Chrome,0
d_002398,Linux,Chrome,0
d_002399,Android,Edge,1
d_002400,Linux,Chrome,0
d_002401,Linux,Edge,1
d_002402,iOS,Edge,0
d_002403,Android,Safari,0
d_002404,iOS,Safari,0
d_002405,Linux,Firefox,0
d_002406,Linux,Safari,0
d_002407,Android,Firefox,0
d_002408,Windows,Chrome,1
d_002409,Android,Chrome,1
d_002410,Linux,Edge,1
d_002411,Windows,Firefox,0
d_002412,Android,Edge,0
d_002413,iOS,Chrome,0
d_002414,Linux,Chrome,1
d_002415,Windows,Chrome,0
d_002416,iOS,Safari,0
d_002417,iOS,Safari,0
d_002418,Linux,Chrome,0
d_002419,iOS,Firefox,0
d_002420,Linux,Safari,0
d_002421,iOS,Safari,1
d_002422,iOS,Firefox,0
d_002423,iOS,Chrome,0
d_002424,iOS,Firefox,1
d_002425,Windows,Firefox,1
d_002426,Android,Chrome,0
d_002427,Android,Edge,0
d_002428,iOS,Edge,0
d_002429,Linux,Safari,0
d_002430,Android,Chrome,0
d_002431,iOS,Chrome,0
d_002432,Android,Chrome,1
d_002433,Linux,Edge,1
d_002434,iOS,Chrome,1
d_002435,Linux,Edge,0
d_002436,iOS,Firefox,0
d_002437,Android,Edge,0
d_002438,iOS,Safari,1
d_002439,iOS,Safari,0
d_002440,Android,Chrome,0
d_002441,Windows,Chrome,1
d_002442,iOS,Firefox,0
d_002443,Windows,Firefox,0
d_002444,Windows,Safari,1
d_002445,Linux,Firefox,0
d_002446,Android,Edge,0
d_002447,iOS,Safari,0
d_002448,iOS,Chrome,0
d_002449,iOS,Edge,0
d_002450,Android,Edge,0
d_002451,Windows,Safari,1
d_002452,Linux,Safari,1
d_002453,Windows,Edge,1
d_002454,Windows,Firefox,0
d_002455,iOS,Firefox,0
d_002456,Linux,Edge,0
d_002457,Windows,Firefox,0
d_002458,Windows,Edge,0
d_002459,iOS,Chrome,0
d_002460,Linux,Chrome,0
d_002461,Windows,Safari,0
d_002462,Windows,Edge,0
d_002463,Android,Safari,1
d_002464,iOS,Safari,1
d_002465,Android,Safari,0
d_002466,iOS,Chrome,0
d_002467,iOS,Safari,0
d_002468,iOS,Chrome,0
d_002469,iOS,Safari,0
d_002470,iOS,Firefox,1
d_002471,Linux,Firefox,0
d_002472,Linux,Edge,1
d_002473,Windows,Safari,1
d_002474,Android,Chrome,0
d_002475,Windows,Safari,0
d_002476,Android,Edge,0
d_002477,iOS,Edge,0
d_002478,iOS,Edge,0
d_002479,Linux,Edge,0
d_002480,iOS,Firefox,0
d_002481,iOS,Firefox,0
d_002482,Linux,Chrome,0
d_002483,iOS,Edge,0
d_002484,Windows,Firefox,0
d_002485,Android,Firefox,0
d_002486,Linux,Safari,0
d_002487,Windows,Chrome,1
d_002488,iOS,Chrome,1
d_002489,Windows,Chrome,0
d_002490,Windows,Chrome,1
d_002491,Linux,Safari,1
d_002492,Windows,Safari,1
d_002493,Android,Firefox,0
d_002494,Linux,Edge,0
d_002495,Android,Chrome,1
d_002496,Windows,Firefox,0
d_002497,Linux,Firefox,0
d_002498,Android,Chrome,0
d_002499,Linux,Safari,0
d_002500,iOS,Edge,1
d_002501,Android,Edge,0
d_002502,Linux,Chrome,1
d_002503,Android,Chrome,0
d_002504,iOS,Firefox,0
d_002505,Linux,Chrome,1
d_002506,Linux,Edge,0
d_002507,Linux,Edge,0
d_002508,iOS,Safari,0
d_002509,Windows,Chrome,0
d_002510,Linux,Chrome,0
d_002511,Windows,Firefox,1
d_002512,Windows,Safari,0
d_002513,Linux,Chrome,0
d_002514,Linux,Firefox,0
d_002515,iOS,Firefox,0
d_002516,Windows,Safari,1
d_002517,Android,Firefox,1
d_002518,iOS,Firefox,0
d_002519,Android,Chrome,0
d_002520,Windows,Edge,1
d_002521,Linux,Safari,0
d_002522,Linux,Firefox,0
d_002523,Linux,Firefox,0
d_002524,iOS,Firefox,0
d_002525,Android,Safari,0
d_002526,Windows,Safari,0
d_002527,Android,Safari,1
d_002528,Android,Edge,0
d_002529,iOS,Firefox,0
d_002530,Linux,Safari,0
d_002531,Android,Firefox,1
d_002532,Windows,Safari,0
d_002533,Android,Safari,1
d_002534,Windows,Chrome,0
d_002535,iOS,Safari,1
d_002536,iOS,Edge,0
d_002537,iOS,Chrome,0
d_002538,iOS,Chrome,0
d_002539,Linux,Edge,1
d_002540,Linux,Safari,0
d_002541,Linux,Firefox,1
d_002542,Windows,Edge,0
d_002543,Windows,Safari,0
d_002544,Windows,Chrome,0
d_002545,Windows,Safari,0
d_002546,Android,Edge,0
d_002547,Android,Safari,0
d_002548,iOS,Edge,0
d_002549,Android,Edge,0
d_002550,Linux,Edge,1
d_002551,iOS,Chrome,0
d_002552,Android,Firefox,1
d_002553,iOS,Chrome,1
d_002554,Android,Firefox,0
d_002555,Android,Edge,0
d_002556,iOS,Edge,1
d_002557,Linux,Firefox,0
d_002558,Windows,Safari,0
d_002559,iOS,Firefox,1
d_002560,Android,Firefox,0
d_002561,Android,Chrome,0
d_002562,iOS,Safari,1
d_002563,iOS,Safari,0
d_002564,Linux,Chrome,0
d_002565,Android,Chrome,0
d_002566,Linux,Edge,1
d_002567,Linux,Safari,1
d_002568,iOS,Chrome,0
d_002569,Windows,Safari,0
d_002570,Windows,Edge,1
d_002571,iOS,Firefox,0
d_002572,iOS,Safari,1
d_002573,Android,Firefox,0
d_002574,Android,Firefox,1
d_002575,Android,Chrome,0
d_002576,Android,Safari,0
d_002577,Android,Chrome,0
d_002578,Linux,Firefox,0
d_002579,Windows,Chrome,0
d_002580,iOS,Edge,0
d_002581,iOS,Firefox,0
d_002582,iOS,Firefox,0
d_002583,Linux,Safari,0
d_002584,Linux,Chrome,0
d_002585,Android,Firefox,0
d_002586,Android,Firefox,0
d_002587,iOS,Chrome,0
d_002588,iOS,Safari,1
d_002589,Linux,Edge,0
d_002590,Android,Chrome,1
d_002591,iOS,Firefox,0
d_002592,iOS,Edge,0
d_002593,Linux,Chrome,0
d_002594,Android,Edge,0
d_002595,Android,Firefox,0
d_002596,iOS,Firefox,1
d_002597,iOS,Edge,0
d_002598,Windows,Edge,0
d_002599,Linux,Edge,1
d_002600,Linux,Chrome,0
d_002601,Android,Firefox,1
d_002602,Linux,Firefox,1
d_002603,Windows,Chrome,1
d_002604,iOS,Chrome,0
d_002605,iOS,Firefox,0
d_002606,Android,Chrome,0
d_002607,Linux,Safari,0
d_002608,Android,Edge,0
d_002609,Windows,Chrome,0
d_002610,Android,Edge,0
d_002611,iOS,Firefox,0
d_002612,iOS,Edge,0
d_002613,Android,Chrome,0
d_002614,iOS,Chrome,1
d_002615,Android,Safari,0
d_002616,iOS,Edge,0
d_002617,Windows,Edge,0
d_002618,iOS,Safari,0
d_002619,Windows,Edge,0
d_002620,iOS,Firefox,0
d_002621,Android,Edge,1
d_002622,Linux,Firefox,1
d_002623,Linux,Firefox,0
d_002624,Linux,Chrome,0
d_002625,iOS,Safari,1
d_002626,Android,Chrome,0
d_002627,Linux,Chrome,0
d_002628,Windows,Safari,0
d_002629,Linux,Firefox,0
d_002630,Windows,Firefox,0
d_002631,Android,Edge,0
d_002632,Android,Edge,0
d_002633,iOS,Chrome,0
d_002634,Linux,Chrome,1
d_002635,iOS,Chrome,0
d_002636,iOS,Chrome,1
d_002637,iOS,Edge,0
d_002638,Linux,Safari,0
d_002639,Android,Safari,1
d_002640,Windows,Chrome,0
d_002641,iOS,Firefox,0
d_002642,iOS,Firefox,0
d_002643,iOS,Chrome,1
d_002644,Linux,Safari,1
d_002645,Android,Safari,0
d_002646,iOS,Firefox,0
d_002647,Android,Edge,1
d_002648,iOS,Firefox,0
d_002649,iOS,Firefox,0
d_002650,Android,Chrome,0
d_002651,Android,Safari,1
d_002652,Windows,Chrome,0
d_002653,Android,Safari,0
d_002654,Linux,Chrome,0
d_002655,Linux,Chrome,0
d_002656,Android,Chrome,0
d_002657,Linux,Edge,0
d_002658,Linux,Edge,0
d_002659,Linux,Firefox,0
d_002660,Linux,Edge,0
d_002661,Linux,Firefox,0
d_002662,iOS,Firefox,0
d_002663,Linux,Firefox,0
d_002664,Windows,Chrome,0
d_002665,Windows,Safari,1
d_002666,Linux,Edge,0
d_002667,Linux,Safari,0
d_002668,iOS,Edge,0
d_002669,Linux,Edge,1
d_002670,Linux,Edge,1
d_002671,Windows,Firefox,1
d_002672,Linux,Safari,0
d_002673,iOS,Safari,0
d_002674,iOS,Firefox,0
d_002675,Linux,Firefox,1
d_002676,iOS,Edge,0
d_002677,Linux,Chrome,0
d_002678,Windows,Edge,1
d_002679,iOS,Safari,0
d_002680,iOS,Edge,0
d_002681,iOS,Edge,1
d_002682,iOS,Edge,0
d_002683,Windows,Safari,0
d_002684,iOS,Safari,1
d_002685,Windows,Edge,1
d_002686,iOS,Edge,0
d_002687,Android,Chrome,0
d_002688,Android,Chrome,0
d_002689,Android,Firefox,0
d_002690,Windows,Firefox,0
d_002691,iOS,Safari,0
d_002692,Android,Firefox,0
d_002693,Linux,Edge,0
d_002694,iOS,Firefox,0
d_002695,Android,Safari,0
d_002696,iOS,Edge,0
d_002697,Linux,Safari,0
d_002698,Windows,Safari,1
d_002699,iOS,Edge,0
d_002700,Android,Safari,0
d_002701,Linux,Edge,1
d_002702,iOS,Chrome,1
d_002703,Linux,Safari,0
d_002704,Android,Edge,1
d_002705,Windows,Chrome,0
d_002706,Android,Safari,0
d_002707,Windows,Edge,0
d_002708,Android,Safari,0
d_002709,Windows,Chrome,0
d_002710,Linux,Chrome,0
d_002711,iOS,Firefox,1
d_002712,iOS,Firefox,0
d_002713,Linux,Firefox,0
d_002714,Android,Safari,0
d_002715,Windows,Edge,0
d_002716,Windows,Chrome,1
d_002717,Linux,Chrome,0
d_002718,Android,Safari,0
d_002719,Android,Firefox,0
d_002720,iOS,Edge,1
d_002721,Linux,Chrome,1
d_002722,Linux,Firefox,0
d_002723,Linux,Edge,0
d_002724,iOS,Firefox,0
d_002725,iOS,Edge,0
d_002726,Windows,Chrome,0
d_002727,Android,Firefox,1
d_002728,Android,Safari,0
d_002729,iOS,Chrome,0
d_002730,Windows,Chrome,0
d_002731,iOS,Chrome,0
d_002732,Android,Chrome,0
d_002733,Android,Safari,0
d_002734,Windows,Chrome,1
d_002735,Android,Safari,0
d_002736,Android,Safari,0
d_002737,Android,Chrome,0
d_002738,iOS,Safari,1
d_002739,Android,Edge,0
d_002740,iOS,Edge,0
d_002741,Linux,Safari,0
d_002742,Windows,Chrome,1
d_002743,iOS,Chrome,1
d_002744,iOS,Safari,0
d_002745,iOS,Safari,0
d_002746,Android,Safari,0
d_002747,Windows,Safari,0
d_002748,Linux,Firefox,0
d_002749,Windows,Safari,1
d_002750,Windows,Firefox,1
d_002751,Android,Firefox,0
d_002752,iOS,Chrome,0
d_002753,Android,Edge,0
d_002754,Android,Edge,0
d_002755,Linux,Chrome,0
d_002756,Windows,Firefox,0
d_002757,Windows,Firefox,0
d_002758,Windows,Edge,1
d_002759,Linux,Firefox,0
d_002760,Windows,Safari,1
d_002761,iOS,Chrome,0
d_002762,Linux,Edge,0
d_002763,Windows,Edge,1
d_002764,Linux,Edge,1
d_002765,iOS,Edge,0
d_002766,Android,Safari,1
d_002767,Linux,Safari,0
d_002768,Windows,Chrome,1
d_002769,iOS,Safari,1
d_002770,iOS,Chrome,0
d_002771,Linux,Edge,0
d_002772,Windows,Firefox,0
d_002773,Android,Edge,0
d_002774,iOS,Firefox,1
d_002775,iOS,Safari,0
d_002776,Linux,Edge,1
d_002777,iOS,Edge,1
d_002778,Windows,Chrome,0
d_002779,Windows,Edge,0
d_002780,iOS,Safari,0
d_002781,iOS,Edge,1
d_002782,Android,Firefox,1
d_002783,Windows,Firefox,0
d_002784,Android,Safari,1
d_002785,Windows,Firefox,0
d_002786,Windows,Edge,0
d_002787,Android,Edge,0
d_002788,Linux,Safari,0
d_002789,Windows,Safari,0
d_002790,Linux,Firefox,0
d_002791,Windows,Safari,0
d_002792,Windows,Safari,0
d_002793,iOS,Edge,0
d_002794,Android,Firefox,1
d_002795,Linux,Safari,0
d_002796,Android,Edge,0
d_002797,Windows,Chrome,1
d_002798,Linux,Safari,1
d_002799,iOS,Firefox,0
d_002800,Linux,Safari,0
d_002801,Android,Firefox,0
d_002802,Linux,Safari,0
d_002803,Windows,Edge,0
d_002804,iOS,Safari,0
d_002805,Windows,Chrome,0
d_002806,Windows,Safari,0
d_002807,Linux,Chrome,1
d_002808,Windows,Safari,0
d_002809,Windows,Chrome,0
d_002810,Linux,Chrome,0
d_002811,Linux,Safari,0
d_002812,Linux,Safari,1
d_002813,Windows,Chrome,1
d_002814,Linux,Firefox,0
d_002815,Linux,Firefox,0
d_002816,iOS,Firefox,0
d_002817,Android,Chrome,0
d_002818,Linux,Firefox,0
d_002819,Windows,Edge,0
d_002820,Linux,Firefox,0
d_002821,iOS,Firefox,1
d_002822,Windows,Firefox,0
d_002823,Android,Safari,0
d_002824,Android,Chrome,1
d_002825,iOS,Chrome,0
d_002826,iOS,Chrome,0
d_002827,Windows,Firefox,0
d_002828,Linux,Firefox,0
d_002829,Linux,Edge,0
d_002830,Linux,Edge,0
d_002831,Android,Safari,0
d_002832,iOS,Chrome,1
d_002833,iOS,Safari,0
d_002834,Android,Chrome,0
d_002835,Linux,Chrome,0
d_002836,iOS,Safari,0
d_002837,iOS,Firefox,0
d_002838,Linux,Edge,0
d_002839,Windows,Edge,0
d_002840,Linux,Chrome,0
d_002841,iOS,Chrome,0
d_002842,iOS,Edge,0
d_002843,Windows,Chrome,0
d_002844,iOS,Edge,0
d_002845,iOS,Chrome,0
d_002846,Windows,Firefox,0
d_002847,iOS,Safari,1
d_002848,Windows,Safari,0
d_002849,Windows,Edge,0
d_002850,Windows,Edge,0
d_002851,Linux,Edge,0
d_002852,iOS,Chrome,0
d_002853,Linux,Chrome,0
d_002854,iOS,Firefox,0
d_002855,Windows,Firefox,0
d_002856,Android,Safari,1
d_002857,iOS,Chrome,0
d_002858,Android,Safari,0
d_002859,Windows,Safari,0
d_002860,Linux,Firefox,1
d_002861,Linux,Safari,1
d_002862,Linux,Firefox,1
d_002863,Android,Chrome,0
d_002864,Android,Chrome,0
d_002865,Windows,Chrome,0
d_002866,Linux,Edge,0
d_002867,Android,Chrome,0
d_002868,iOS,Safari,0
d_002869,Windows,Chrome,1
d_002870,Linux,Chrome,0
d_002871,Android,Chrome,0
d_002872,iOS,Firefox,0
d_002873,iOS,Chrome,1
d_002874,Linux,Safari,0
d_002875,Android,Chrome,0
d_002876,Linux,Firefox,0
d_002877,Android,Edge,0
d_002878,iOS,Safari,0
d_002879,Linux,Edge,0
d_002880,Android,Edge,0
d_002881,Linux,Edge,1
d_002882,Android,Chrome,0
d_002883,Windows,Firefox,0
d_002884,iOS,Firefox,1
d_002885,Windows,Safari,0
d_002886,Linux,Chrome,0
d_002887,Linux,Edge,0
d_002888,Android,Firefox,0
d_002889,Android,Firefox,0
d_002890,Linux,Safari,1
d_002891,Windows,Safari,0
d_002892,Windows,Edge,0
d_002893,Linux,Firefox,0
d_002894,Windows,Firefox,1
d_002895,Linux,Edge,0
d_002896,Linux,Chrome,0
d_002897,iOS,Firefox,0
d_002898,Linux,Edge,0
d_002899,Android,Firefox,0
d_002900,Windows,Safari,0
d_002901,iOS,Edge,0
d_002902,Linux,Chrome,0
d_002903,Android,Chrome,0
d_002904,iOS,Safari,0
d_002905,Linux,Chrome,0
d_002906,Windows,Edge,0
d_002907,iOS,Firefox,1
d_002908,Android,Safari,1
d_002909,iOS,Safari,1
d_002910,Android,Edge,0
d_002911,Android,Firefox,0
d_002912,Linux,Firefox,0
d_002913,Android,Safari,0
d_002914,Android,Chrome,0
d_002915,Android,Safari,0
d_002916,Android,Chrome,0
d_002917,Linux,Chrome,0
d_002918,Windows,Edge,1
d_002919,Windows,Firefox,0
d_002920,Windows,Safari,1
d_002921,Linux,Edge,0
d_002922,Linux,Chrome,0
d_002923,Windows,Firefox,1
d_002924,Windows,Edge,0
d_002925,Android,Edge,1
d_002926,Linux,Chrome,0
d_002927,Android,Edge,1
d_002928,Linux,Firefox,0
d_002929,Android,Safari,0
d_002930,Linux,Edge,0
d_002931,iOS,Edge,0
d_002932,Windows,Firefox,0
d_002933,iOS,Edge,1
d_002934,Android,Safari,0
d_002935,Linux,Chrome,0
d_002936,Linux,Firefox,0
d_002937,Android,Firefox,1
d_002938,Linux,Safari,0
d_002939,Windows,Safari,1
d_002940,Windows,Firefox,0
d_002941,Android,Safari,1
d_002942,iOS,Edge,0
d_002943,iOS,Chrome,1
d_002944,iOS,Edge,1
d_002945,Windows,Safari,0
d_002946,Windows,Edge,0
d_002947,Linux,Chrome,0
d_002948,iOS,Safari,0
d_002949,Android,Edge,0
d_002950,Windows,Edge,1
d_002951,Windows,Chrome,0
d_002952,Linux,Chrome,1
d_002953,Linux,Edge,0
d_002954,Android,Chrome,0
d_002955,Windows,Edge,0
d_002956,iOS,Safari,1
d_002957,Android,Safari,0
d_002958,iOS,Safari,0
d_002959,Windows,Firefox,1
d_002960,Android,Safari,1
d_002961,Android,Chrome,1
d_002962,iOS,Safari,0
d_002963,iOS,Edge,0
d_002964,Windows,Chrome,0
d_002965,Android,Firefox,0
d_002966,Windows,Safari,0
d_002967,iOS,Edge,0
d_002968,iOS,Edge,0
d_002969,Linux,Safari,1
d_002970,iOS,Edge,0
d_002971,iOS,Safari,0
d_002972,Android,Edge,0
d_002973,iOS,Safari,0
d_002974,Windows,Safari,1
d_002975,Linux,Chrome,0
d_002976,Android,Firefox,1
d_002977,Android,Safari,1
d_002978,Linux,Edge,0
d_002979,iOS,Edge,0
d_002980,iOS,Safari,1
d_002981,Linux,Chrome,0
d_002982,Android,Edge,1
d_002983,Android,Safari,0
d_002984,Windows,Firefox,0
d_002985,Windows,Edge,1
d_002986,Windows,Firefox,0
d_002987,Linux,Edge,0
d_002988,iOS,Edge,1
d_002989,Android,Edge,0
d_002990,Android,Firefox,0
d_002991,Windows,Firefox,0
d_002992,Windows,Firefox,0
d_002993,iOS,Firefox,0
d_002994,iOS,Firefox,0
d_002995,Windows,Firefox,1
d_002996,iOS,Safari,1
d_002997,iOS,Firefox,0
d_002998,iOS,Edge,0
d_002999,Android,Firefox,0
d_003000,iOS,Firefox,0
d_003001,Linux,Firefox,0
d_003002,Linux,Edge,0
d_003003,Linux,Firefox,0
d_003004,Windows,Chrome,0
d_003005,Android,Edge,0
d_003006,Android,Chrome,1
d_003007,Windows,Edge,0
d_003008,Windows,Edge,1
d_003009,Windows,Chrome,0
d_003010,Linux,Chrome,1
d_003011,Linux,Edge,1
d_003012,Android,Safari,0
d_003013,Android,Firefox,0
d_003014,Android,Chrome,0
d_003015,Android,Firefox,0
d_003016,Android,Edge,0
d_003017,Android,Chrome,0
d_003018,Android,Firefox,0
d_003019,Windows,Edge,0
d_003020,iOS,Safari,0
d_003021,Windows,Safari,0
d_003022,Android,Firefox,0
d_003023,iOS,Edge,0
d_003024,Android,Safari,0
d_003025,Windows,Edge,0
d_003026,Android,Safari,0
d_003027,iOS,Safari,1
d_003028,iOS,Safari,1
d_003029,Windows,Chrome,0
d_003030,iOS,Firefox,0
d_003031,Linux,Edge,1
d_003032,iOS,Chrome,0
d_003033,Linux,Edge,0
d_003034,iOS,Edge,1
d_003035,Android,Firefox,1
d_003036,Linux,Edge,0
d_003037,Windows,Chrome,0
d_003038,Linux,Edge,1
d_003039,Windows,Safari,0
d_003040,Linux,Safari,0
d_003041,iOS,Safari,1
d_003042,Windows,Edge,0
d_003043,iOS,Firefox,0
d_003044,Linux,Edge,0
d_003045,iOS,Chrome,0
d_003046,Android,Edge,1
d_003047,Windows,Edge,0
d_003048,Linux,Edge,0
d_003049,Linux,Chrome,1
d_003050,Windows,Firefox,1
d_003051,Windows,Firefox,0
d_003052,Linux,Safari,0
d_003053,iOS,Safari,0
d_003054,Linux,Firefox,0
d_003055,iOS,Chrome,0
d_003056,Android,Chrome,0
d_003057,Android,Firefox,0
d_003058,iOS,Firefox,1
d_003059,Linux,Firefox,0
d_003060,iOS,Edge,0
d_003061,iOS,Chrome,0
d_003062,Android,Chrome,0
d_003063,Windows,Edge,0
d_003064,iOS,Safari,1
d_003065,iOS,Chrome,0
d_003066,Android,Firefox,0
d_003067,Android,Edge,0
d_003068,iOS,Safari,0
d_003069,iOS,Chrome,0
d_003070,iOS,Firefox,0
d_003071,Android,Edge,0
d_003072,iOS,Chrome,0
d_003073,iOS,Safari,1
d_003074,Windows,Firefox,0
d_003075,iOS,Edge,1
d_003076,Android,Safari,0
d_003077,Android,Chrome,0
d_003078,iOS,Chrome,1
d_003079,Linux,Edge,0
d_003080,Linux,Edge,1
d_003081,Linux,Firefox,0
d_003082,iOS,Edge,1
d_003083,Android,Safari,0
d_003084,Windows,Firefox,0
d_003085,Linux,Edge,0
d_003086,Windows,Firefox,1
d_003087,Windows,Edge,0
d_003088,Android,Safari,0
d_003089,iOS,Edge,1
d_003090,Windows,Edge,0
d_003091,iOS,Chrome,0
d_003092,Linux,Firefox,0
d_003093,Linux,Edge,1
d_003094,Windows,Safari,1
d_003095,iOS,Edge,1
d_003096,iOS,Safari,0
d_003097,Windows,Firefox,0
d_003098,Windows,Edge,0
d_003099,Linux,Chrome,1
d_003100,Windows,Edge,0
d_003101,Linux,Chrome,0
d_003102,Windows,Safari,0
d_003103,iOS,Chrome,0
d_003104,iOS,Firefox,0
d_003105,Android,Safari,0
d_003106,Android,Edge,0
d_003107,Windows,Edge,1
d_003108,Windows,Firefox,0
d_003109,Android,Chrome,0
d_003110,Linux,Edge,1
d_003111,Android,Safari,0
d_003112,Windows,Edge,1
d_003113,iOS,Safari,0
d_003114,Android,Edge,0
d_003115,Linux,Safari,0
d_003116,Android,Firefox,0
d_003117,iOS,Safari,0
d_003118,iOS,Edge,1
d_003119,Linux,Firefox,0
d_003120,Android,Chrome,0
d_003121,Android,Firefox,0
d_003122,Android,Safari,1
d_003123,iOS,Edge,1
d_003124,Android,Edge,0
d_003125,Windows,Edge,0
d_003126,Windows,Firefox,0
d_003127,Windows,Safari,0
d_003128,Android,Edge,0
d_003129,Windows,Firefox,1
d_003130,Linux,Edge,0
d_003131,Windows,Firefox,0
d_003132,iOS,Safari,0
d_003133,iOS,Edge,0
d_003134,Android,Firefox,0
d_003135,Linux,Edge,1
d_003136,Windows,Chrome,0
d_003137,iOS,Edge,0
d_003138,Windows,Chrome,0
d_003139,Linux,Edge,1
d_003140,Linux,Edge,0
d_003141,Windows,Firefox,0
d_003142,Windows,Safari,0
d_003143,Linux,Edge,1
d_003144,Linux,Edge,0
d_003145,Windows,Safari,0
d_003146,Windows,Safari,0
d_003147,Linux,Chrome,0
d_003148,Android,Chrome,0
d_003149,iOS,Edge,0
d_003150,Android,Safari,1
d_003151,Android,Edge,0
d_003152,Android,Safari,0
d_003153,Windows,Firefox,0
d_003154,Android,Safari,0
d_003155,Windows,Chrome,0
d_003156,Android,Chrome,0
d_003157,iOS,Safari,0
d_003158,Linux,Chrome,1
d_003159,Windows,Chrome,0
d_003160,iOS,Chrome,0
d_003161,Windows,Safari,1
d_003162,Linux,Safari,0
d_003163,Android,Edge,0
d_003164,iOS,Edge,0
d_003165,Windows,Firefox,1
d_003166,Linux,Edge,0
d_003167,Windows,Firefox,0
d_003168,iOS,Edge,0
d_003169,iOS,Chrome,0
d_003170,Android,Chrome,0
d_003171,Android,Edge,0
d_003172,iOS,Chrome,0
d_003173,Windows,Firefox,0
d_003174,Linux,Edge,0
d_003175,Android,Firefox,1
d_003176,Linux,Chrome,0
d_003177,iOS,Edge,0
d_003178,Windows,Chrome,0
d_003179,Android,Firefox,0
d_003180,iOS,Edge,1
d_003181,Linux,Firefox,1
d_003182,iOS,Firefox,1
d_003183,Windows,Safari,1
d_003184,iOS,Firefox,0
d_003185,Android,Edge,1
d_003186,iOS,Chrome,0
d_003187,iOS,Edge,0
d_003188,iOS,Safari,0
d_003189,Android,Chrome,1
d_003190,Windows,Firefox,0
d_003191,Android,Chrome,0
d_003192,iOS,Safari,1
d_003193,Windows,Firefox,0
d_003194,iOS,Edge,1
d_003195,Linux,Firefox,0
d_003196,Android,Firefox,1
d_003197,Android,Edge,0
d_003198,Linux,Edge,0
d_003199,iOS,Firefox,1
d_003200,Linux,Firefox,0
d_003201,Android,Safari,0
d_003202,Linux,Firefox,0
d_003203,iOS,Chrome,0
d_003204,Linux,Safari,0
d_003205,Android,Edge,1
d_003206,Android,Firefox,0
d_003207,Android,Firefox,1
d_003208,Linux,Safari,0
d_003209,Android,Safari,0
d_003210,Windows,Safari,1
d_003211,Android,Edge,0
d_003212,Windows,Safari,0
d_003213,Android,Chrome,1
d_003214,Windows,Safari,0
d_003215,Windows,Edge,0
d_003216,Linux,Safari,0
d_003217,Windows,Chrome,0
d_003218,Windows,Chrome,0
d_003219,iOS,Chrome,0
d_003220,iOS,Chrome,0
d_003221,iOS,Chrome,0
d_003222,Windows,Chrome,1
d_003223,Android,Edge,1
d_003224,Android,Firefox,0
d_003225,Windows,Safari,0
d_003226,iOS,Firefox,1
d_003227,Android,Chrome,0
d_003228,iOS,Firefox,0
d_003229,iOS,Edge,0
d_003230,Android,Firefox,0
d_003231,Linux,Chrome,1
d_003232,iOS,Safari,1
d_003233,Linux,Chrome,0
d_003234,Linux,Edge,0
d_003235,Windows,Firefox,1
d_003236,Android,Chrome,0
d_003237,iOS,Chrome,1
d_003238,Android,Firefox,0
d_003239,Linux,Chrome,0
d_003240,Linux,Chrome,0
d_003241,Android,Chrome,0
d_003242,Linux,Edge,0
d_003243,Android,Chrome,0
d_003244,iOS,Firefox,0
d_003245,Windows,Chrome,1
d_003246,Android,Firefox,0
d_003247,Windows,Edge,0
d_003248,Windows,Firefox,0
d_003249,Android,Firefox,1
d_003250,Linux,Firefox,0
d_003251,Linux,Chrome,0
d_003252,Windows,Firefox,0
d_003253,Android,Safari,0
d_003254,Windows,Chrome,0
d_003255,Windows,Firefox,0
d_003256,Android,Safari,0
d_003257,Android,Safari,0
d_003258,Windows,Firefox,0
d_003259,Windows,Firefox,0
d_003260,Linux,Chrome,0
d_003261,Linux,Chrome,0
d_003262,Windows,Chrome,0
d_003263,Android,Chrome,0
d_003264,Android,Edge,0
d_003265,Linux,Firefox,0
d_003266,Android,Firefox,1
d_003267,iOS,Chrome,0
d_003268,iOS,Safari,0
d_003269,Android,Edge,0
d_003270,iOS,Safari,0
d_003271,Linux,Chrome,0
d_003272,iOS,Edge,0
d_003273,Android,Edge,0
d_003274,Linux,Safari,0
d_003275,Windows,Safari,0
d_003276,Linux,Firefox,1
d_003277,iOS,Chrome,0
d_003278,Windows,Edge,1
d_003279,Android,Edge,0
d_003280,Windows,Safari,0
d_003281,Android,Safari,0
d_003282,Android,Safari,0
d_003283,Android,Chrome,0
d_003284,iOS,Safari,1
d_003285,Android,Chrome,0
d_003286,Android,Chrome,0
d_003287,Android,Firefox,1
d_003288,Linux,Safari,0
d_003289,Android,Firefox,0
d_003290,Linux,Edge,0
d_003291,Linux,Safari,0
d_003292,iOS,Edge,0
d_003293,iOS,Safari,0
d_003294,Linux,Firefox,1
d_003295,Android,Firefox,1
d_003296,Linux,Edge,0
d_003297,Android,Chrome,0
d_003298,Windows,Safari,1
d_003299,Android,Firefox,1
d_003300,Windows,Firefox,0
d_003301,Linux,Chrome,0
d_003302,Android,Edge,1
d_003303,Windows,Safari,0
d_003304,iOS,Firefox,1
d_003305,Linux,Firefox,1
d_003306,Linux,Safari,0
d_003307,iOS,Chrome,1
d_003308,Linux,Edge,0
d_003309,iOS,Chrome,0
d_003310,Windows,Firefox,0
d_003311,Windows,Firefox,0
d_003312,Android,Chrome,1
d_003313,iOS,Firefox,0
d_003314,iOS,Safari,0
d_003315,Android,Safari,1
d_003316,Windows,Edge,0
d_003317,Android,Edge,0
d_003318,iOS,Chrome,0
d_003319,Linux,Firefox,0
d_003320,iOS,Edge,0
d_003321,Android,Edge,0
d_003322,iOS,Safari,1
d_003323,Android,Firefox,0
d_003324,Linux,Safari,0
d_003325,Linux,Safari,0
d_003326,Android,Chrome,1
d_003327,iOS,Safari,0
d_003328,Android,Safari,1
d_003329,Linux,Chrome,1
d_003330,Linux,Safari,0
d_003331,iOS,Safari,0
d_003332,Android,Chrome,0
d_003333,Android,Edge,0
d_003334,Windows,Edge,0
d_003335,Android,Firefox,0
d_003336,Android,Chrome,0
d_003337,iOS,Chrome,0
d_003338,Windows,Safari,1
d_003339,Linux,Safari,0
d_003340,Windows,Chrome,1
d_003341,iOS,Firefox,0
d_003342,Linux,Firefox,0
d_003343,Linux,Safari,0
d_003344,Android,Chrome,0
d_003345,iOS,Safari,0
d_003346,iOS,Chrome,0
d_003347,iOS,Safari,0
d_003348,iOS,Firefox,0
d_003349,Android,Edge,1
d_003350,iOS,Chrome,0
d_003351,iOS,Firefox,0
d_003352,Linux,Safari,0
d_003353,iOS,Edge,0
d_003354,Android,Safari,1
d_003355,Android,Safari,0
d_003356,Android,Chrome,1
d_003357,iOS,Chrome,0
d_003358,Linux,Chrome,0
d_003359,iOS,Safari,1
d_003360,Windows,Edge,0
d_003361,iOS,Edge,0
d_003362,iOS,Edge,1
d_003363,Windows,Firefox,0
d_003364,Android,Safari,0
d_003365,Windows,Edge,1
d_003366,Android,Chrome,1
d_003367,Android,Safari,0
d_003368,Linux,Edge,0
d_003369,Android,Safari,0
d_003370,iOS,Safari,0
d_003371,Android,Safari,0
d_003372,Windows,Chrome,0
d_003373,Windows,Firefox,0
d_003374,iOS,Chrome,0
d_003375,Linux,Safari,1
d_003376,iOS,Chrome,0
d_003377,Linux,Chrome,0
d_003378,Android,Firefox,1
d_003379,iOS,Firefox,1
d_003380,Android,Chrome,0
d_003381,Android,Chrome,0
d_003382,Android,Firefox,0
d_003383,Android,Chrome,0
d_003384,Linux,Chrome,0
d_003385,Windows,Chrome,1
d_003386,iOS,Firefox,0
d_003387,Linux,Chrome,0
d_003388,Windows,Firefox,0
d_003389,Android,Safari,0
d_003390,Windows,Edge,1
d_003391,iOS,Safari,0
d_003392,Android,Firefox,0
d_003393,Linux,Chrome,1
d_003394,Linux,Chrome,1
d_003395,Android,Chrome,0
d_003396,iOS,Edge,0
d_003397,Windows,Chrome,0
d_003398,Windows,Safari,0
d_003399,Linux,Chrome,1
d_003400,Linux,Safari,0
d_003401,iOS,Firefox,0
d_003402,Android,Firefox,0
d_003403,iOS,Edge,0
d_003404,Android,Edge,0
d_003405,Linux,Safari,0
d_003406,Linux,Edge,0
d_003407,Android,Safari,0
d_003408,Android,Chrome,0
d_003409,Android,Chrome,0
d_003410,Windows,Chrome,1
d_003411,Windows,Firefox,0
d_003412,Linux,Edge,0
d_003413,iOS,Edge,0
d_003414,Android,Edge,0
d_003415,iOS,Safari,0
d_003416,iOS,Edge,0
d_003417,iOS,Firefox,0
d_003418,Windows,Safari,1
d_003419,iOS,Edge,0
d_003420,Windows,Edge,0
d_003421,Android,Firefox,0
d_003422,Android,Edge,0
d_003423,Linux,Firefox,0
d_003424,iOS,Firefox,1
d_003425,Windows,Chrome,0
d_003426,Linux,Safari,0
d_003427,Windows,Safari,0
d_003428,iOS,Chrome,0
d_003429,Linux,Edge,0
d_003430,Linux,Firefox,0
d_003431,Android,Safari,0
d_003432,Windows,Safari,0
d_003433,Windows,Firefox,0
d_003434,Linux,Chrome,0
d_003435,Android,Firefox,0
d_003436,Windows,Safari,0
d_003437,iOS,Safari,0
d_003438,iOS,Firefox,0
d_003439,Android,Edge,0
d_003440,iOS,Chrome,0
d_003441,Android,Edge,0
d_003442,Android,Chrome,1
d_003443,iOS,Chrome,0
d_003444,Linux,Safari,0
d_003445,Linux,Firefox,0
d_003446,Android,Edge,0
d_003447,Android,Chrome,0
d_003448,Windows,Edge,1
d_003449,Linux,Edge,0
d_003450,Android,Safari,0
d_003451,Android,Chrome,0
d_003452,Windows,Edge,0
d_003453,iOS,Chrome,0
d_003454,Linux,Firefox,0
d_003455,Linux,Firefox,1
d_003456,Android,Edge,0
d_003457,iOS,Edge,0
d_003458,Windows,Safari,0
d_003459,Android,Firefox,0
d_003460,Android,Firefox,0
d_003461,Windows,Safari,0
d_003462,Linux,Edge,0
d_003463,Android,Safari,0
d_003464,iOS,Safari,1
d_003465,iOS,Safari,0
d_003466,iOS,Edge,0
d_003467,Windows,Firefox,0
d_003468,Android,Chrome,1
d_003469,Android,Firefox,0
d_003470,Linux,Chrome,0
d_003471,Android,Firefox,0
d_003472,Linux,Edge,0
d_003473,Linux,Chrome,1
d_003474,Android,Safari,0
d_003475,Android,Chrome,1
d_003476,Android,Safari,0
d_003477,Linux,Edge,0
d_003478,Android,Edge,0
d_003479,Linux,Chrome,0
d_003480,iOS,Chrome,0
d_003481,iOS,Firefox,0
d_003482,Windows,Chrome,0
d_003483,iOS,Edge,1
d_003484,Linux,Edge,0
d_003485,iOS,Safari,1
d_003486,Windows,Chrome,0
d_003487,iOS,Firefox,0
d_003488,Linux,Safari,0
d_003489,Windows,Safari,0
d_003490,iOS,Edge,1
d_003491,iOS,Safari,0
d_003492,Android,Chrome,0
d_003493,Windows,Edge,0
d_003494,Android,Firefox,0
d_003495,Windows,Firefox,0
d_003496,Android,Edge,0
d_003497,iOS,Edge,0
d_003498,Linux,Firefox,1
d_003499,Android,Firefox,1
d_003500,Windows,Edge,0
d_003501,iOS,Firefox,0
d_003502,Windows,Chrome,0
d_003503,iOS,Safari,0
d_003504,Android,Safari,0
d_003505,Windows,Safari,0
d_003506,Linux,Chrome,1
d_003507,Android,Edge,1
d_003508,Linux,Chrome,0
d_003509,Linux,Chrome,1
d_003510,iOS,Safari,1
d_003511,iOS,Safari,0
d_003512,Windows,Safari,0
d_003513,Android,Firefox,0
d_003514,Windows,Edge,0
d_003515,iOS,Edge,0
d_003516,Android,Safari,0
d_003517,Windows,Safari,1
d_003518,Windows,Chrome,1
d_003519,Linux,Firefox,1
d_003520,Android,Safari,1
d_003521,Linux,Edge,0
d_003522,iOS,Safari,0
d_003523,Windows,Chrome,0
d_003524,iOS,Firefox,0
d_003525,iOS,Safari,1
d_003526,Windows,Chrome,0
d_003527,iOS,Edge,0
d_003528,Android,Chrome,0
d_003529,Linux,Edge,1
d_003530,Android,Chrome,0
d_003531,iOS,Chrome,1
d_003532,iOS,Firefox,0
d_003533,Android,Chrome,0
d_003534,Android,Firefox,1
d_003535,Windows,Chrome,0
d_003536,Android,Edge,0
d_003537,iOS,Safari,1
d_003538,Linux,Safari,1
d_003539,Windows,Safari,0
d_003540,Windows,Chrome,0
d_003541,Linux,Edge,1
d_003542,Linux,Safari,0
d_003543,Linux,Safari,0
d_003544,Linux,Safari,1
d_003545,Windows,Chrome,0
d_003546,Linux,Edge,0
d_003547,Android,Safari,1
d_003548,Windows,Chrome,0
d_003549,Windows,Chrome,1
d_003550,iOS,Safari,0
d_003551,iOS,Chrome,1
d_003552,Windows,Firefox,0
d_003553,iOS,Firefox,0
d_003554,Android,Edge,1
d_003555,Linux,Chrome,0
d_003556,iOS,Chrome,0
d_003557,iOS,Chrome,0
d_003558,Android,Safari,1
d_003559,iOS,Firefox,1
d_003560,Linux,Edge,0
d_003561,Linux,Chrome,0
d_003562,iOS,Edge,0
d_003563,Windows,Firefox,0
d_003564,Android,Safari,0
d_003565,Android,Safari,0
d_003566,Windows,Chrome,1
d_003567,Linux,Firefox,0
d_003568,Android,Safari,0
d_003569,iOS,Firefox,1
d_003570,Linux,Edge,0
d_003571,iOS,Edge,0
d_003572,iOS,Safari,1
d_003573,Android,Safari,0
d_003574,Linux,Safari,0
d_003575,iOS,Firefox,0
d_003576,iOS,Firefox,1
d_003577,Linux,Safari,1
d_003578,iOS,Safari,1
d_003579,iOS,Firefox,0
d_003580,Android,Firefox,1
d_003581,Linux,Chrome,0
d_003582,Linux,Edge,1
d_003583,Linux,Edge,0
d_003584,Linux,Edge,0
d_003585,Linux,Safari,0
d_003586,Windows,Chrome,0
d_003587,iOS,Chrome,1
d_003588,iOS,Safari,0
d_003589,Windows,Safari,0
d_003590,Linux,Firefox,0
d_003591,Windows,Edge,0
d_003592,Windows,Edge,0
d_003593,Android,Safari,0
d_003594,iOS,Firefox,0
d_003595,Linux,Chrome,1
d_003596,iOS,Edge,0
d_003597,Android,Safari,0
d_003598,Android,Firefox,0
d_003599,iOS,Edge,0
d_003600,Windows,Safari,0
d_003601,Windows,Chrome,0
d_003602,Windows,Firefox,0
d_003603,Linux,Chrome,1
d_003604,Android,Firefox,1
d_003605,iOS,Edge,0
d_003606,Linux,Edge,1
d_003607,iOS,Chrome,0
d_003608,Windows,Edge,1
d_003609,Android,Edge,0
d_003610,Linux,Edge,1
d_003611,Linux,Edge,0
d_003612,iOS,Firefox,0
d_003613,Linux,Chrome,0
d_003614,Android,Edge,0
d_003615,iOS,Firefox,0
d_003616,Windows,Chrome,0
d_003617,Linux,Edge,0
d_003618,Linux,Chrome,0
d_003619,Android,Safari,0
d_003620,iOS,Firefox,0
d_003621,Windows,Firefox,0
d_003622,Linux,Edge,0
d_003623,iOS,Safari,1
d_003624,Windows,Safari,0
d_003625,iOS,Firefox,0
d_003626,iOS,Safari,1
d_003627,Windows,Edge,0
d_003628,Windows,Chrome,0
d_003629,iOS,Firefox,0
d_003630,iOS,Firefox,1
d_003631,iOS,Safari,1
d_003632,iOS,Safari,1
d_003633,Windows,Chrome,0
d_003634,Android,Edge,0
d_003635,Windows,Chrome,0
d_003636,Windows,Edge,1
d_003637,Android,Firefox,0
d_003638,Windows,Firefox,1
d_003639,Android,Safari,0
d_003640,Android,Chrome,0
d_003641,Linux,Edge,0
d_003642,Android,Safari,0
d_003643,iOS,Firefox,0
d_003644,Android,Firefox,0
d_003645,Linux,Firefox,0
d_003646,Windows,Firefox,0
d_003647,Android,Firefox,1
d_003648,iOS,Chrome,0
d_003649,iOS,Firefox,0
d_003650,Linux,Edge,0
d_003651,iOS,Edge,0
d_003652,Windows,Chrome,1
d_003653,Windows,Safari,0
d_003654,Windows,Chrome,0
d_003655,Windows,Safari,0
d_003656,Linux,Chrome,1
d_003657,Android,Safari,1
d_003658,Android,Firefox,1
d_003659,iOS,Safari,0
d_003660,Linux,Safari,0
d_003661,Windows,Edge,0
d_003662,Android,Firefox,1
d_003663,Linux,Edge,1
d_003664,Windows,Safari,0
d_003665,Linux,Firefox,0
d_003666,Windows,Firefox,0
d_003667,Windows,Firefox,1
d_003668,iOS,Safari,0
d_003669,Android,Chrome,0
d_003670,Windows,Chrome,1
d_003671,Android,Chrome,0
d_003672,iOS,Firefox,0
d_003673,iOS,Safari,0
d_003674,iOS,Safari,0
d_003675,Windows,Firefox,0
d_003676,iOS,Chrome,0
d_003677,Windows,Edge,0
d_003678,iOS,Edge,0
d_003679,Android,Firefox,0
d_003680,Windows,Edge,0
d_003681,Linux,Safari,1
d_003682,iOS,Edge,1
d_003683,Linux,Firefox,1
d_003684,iOS,Chrome,1
d_003685,Windows,Safari,0
d_003686,Windows,Safari,0
d_003687,iOS,Safari,0
d_003688,iOS,Safari,0
d_003689,iOS,Safari,0
d_003690,Android,Firefox,0
d_003691,Android,Edge,0
d_003692,Android,Safari,0
d_003693,Windows,Edge,1
d_003694,iOS,Edge,0
d_003695,Android,Safari,0
d_003696,Linux,Chrome,1
d_003697,iOS,Safari,1
d_003698,Linux,Edge,0
d_003699,Windows,Firefox,0
d_003700,Linux,Safari,0
d_003701,iOS,Chrome,1
d_003702,iOS,Chrome,0
d_003703,Linux,Safari,1
d_003704,Linux,Chrome,0
d_003705,Linux,Chrome,0
d_003706,iOS,Chrome,1
d_003707,iOS,Safari,1
d_003708,iOS,Safari,1
d_003709,Windows,Safari,0
d_003710,iOS,Safari,0
d_003711,iOS,Chrome,1
d_003712,Windows,Chrome,1
d_003713,iOS,Safari,0
d_003714,iOS,Firefox,0
d_003715,iOS,Safari,0
d_003716,Windows,Firefox,0
d_003717,Android,Edge,1
d_003718,Linux,Safari,1
d_003719,Linux,Firefox,0
d_003720,Android,Firefox,0
d_003721,Windows,Edge,0
d_003722,iOS,Edge,0
d_003723,Android,Safari,1
d_003724,Linux,Chrome,0
d_003725,Android,Firefox,0
d_003726,Linux,Edge,0
d_003727,iOS,Edge,0
d_003728,iOS,Safari,0
d_003729,iOS,Chrome,0
d_003730,iOS,Firefox,0
d_003731,Android,Safari,1
d_003732,Android,Chrome,0
d_003733,Linux,Edge,0
d_003734,Windows,Safari,1
d_003735,Windows,Safari,0
d_003736,Linux,Chrome,0
d_003737,iOS,Chrome,0
d_003738,Windows,Safari,0
d_003739,Android,Firefox,1
d_003740,Linux,Chrome,0
d_003741,iOS,Safari,0
d_003742,Android,Safari,0
d_003743,Windows,Chrome,0
d_003744,Windows,Safari,0
d_003745,Windows,Safari,1
d_003746,iOS,Chrome,0
d_003747,Linux,Chrome,1
d_003748,Linux,Chrome,0
d_003749,iOS,Edge,0
d_003750,iOS,Safari,0
d_003751,iOS,Safari,0
d_003752,Linux,Edge,0
d_003753,iOS,Chrome,1
d_003754,Android,Chrome,0
d_003755,Linux,Edge,0
d_003756,iOS,Safari,0
d_003757,Android,Chrome,0
d_003758,iOS,Firefox,1
d_003759,iOS,Safari,1
d_003760,Android,Firefox,0
d_003761,Linux,Edge,0
d_003762,iOS,Chrome,0
d_003763,Linux,Firefox,0
d_003764,iOS,Firefox,0
d_003765,Android,Chrome,0
d_003766,Android,Edge,0
d_003767,Windows,Chrome,0
d_003768,iOS,Safari,0
d_003769,Linux,Safari,0
d_003770,iOS,Firefox,0
d_003771,Linux,Chrome,0
d_003772,iOS,Firefox,0
d_003773,Linux,Chrome,0
d_003774,iOS,Edge,0
d_003775,iOS,Firefox,0
d_003776,Linux,Firefox,0
d_003777,Windows,Edge,0
d_003778,iOS,Safari,0
d_003779,Windows,Chrome,0
d_003780,Android,Safari,0
d_003781,Android,Edge,1
d_003782,Windows,Safari,0
d_003783,iOS,Edge,1
d_003784,Android,Safari,0
d_003785,Linux,Chrome,0
d_003786,Linux,Chrome,1
d_003787,iOS,Safari,1
d_003788,Windows,Chrome,0
d_003789,Windows,Firefox,0
d_003790,Android,Safari,0
d_003791,Android,Safari,0
d_003792,Android,Chrome,0
d_003793,Linux,Edge,0
d_003794,Windows,Edge,1
d_003795,Android,Firefox,0
d_003796,Windows,Firefox,1
d_003797,Linux,Safari,0
d_003798,Windows,Edge,0
d_003799,iOS,Firefox,0
d_003800,Linux,Chrome,1
d_003801,Android,Chrome,0
d_003802,Android,Chrome,0
d_003803,Android,Edge,0
d_003804,Android,Edge,0
d_003805,Windows,Chrome,1
d_003806,iOS,Edge,1
d_003807,Android,Chrome,0
d_003808,Linux,Chrome,0
d_003809,Android,Chrome,0
d_003810,Android,Edge,0
d_003811,iOS,Chrome,0
d_003812,Linux,Chrome,1
d_003813,Android,Edge,0
d_003814,Windows,Chrome,0
d_003815,Windows,Firefox,0
d_003816,Linux,Firefox,0
d_003817,Linux,Safari,0
d_003818,iOS,Chrome,0
d_003819,Linux,Safari,0
d_003820,Windows,Edge,0
d_003821,Linux,Firefox,1
d_003822,Android,Safari,1
d_003823,Android,Firefox,0
d_003824,iOS,Edge,0
d_003825,Linux,Firefox,0
d_003826,Linux,Edge,1
d_003827,Android,Firefox,0
d_003828,iOS,Safari,0
d_003829,Android,Chrome,1
d_003830,Windows,Edge,0
d_003831,Linux,Chrome,1
d_003832,Windows,Chrome,0
d_003833,Android,Chrome,0
d_003834,Linux,Edge,1
d_003835,Windows,Chrome,0
d_003836,Windows,Safari,0
d_003837,Windows,Chrome,0
d_003838,iOS,Chrome,0
d_003839,iOS,Chrome,0
d_003840,Android,Firefox,0
d_003841,Linux,Edge,1
d_003842,Android,Safari,0
d_003843,Linux,Chrome,1
d_003844,Linux,Firefox,1
d_003845,Linux,Edge,0
d_003846,iOS,Safari,0
d_003847,Windows,Chrome,1
d_003848,Linux,Firefox,1
d_003849,iOS,Safari,0
d_003850,Linux,Safari,0
d_003851,Windows,Chrome,0
d_003852,Android,Chrome,1
d_003853,iOS,Edge,0
d_003854,Android,Safari,0
d_003855,Android,Edge,1
d_003856,Android,Chrome,0
d_003857,Android,Safari,1
d_003858,Windows,Chrome,0
d_003859,iOS,Firefox,0
d_003860,iOS,Chrome,1
d_003861,Linux,Chrome,0
d_003862,Android,Chrome,0
d_003863,Windows,Firefox,1
d_003864,iOS,Chrome,0
d_003865,Windows,Safari,1
d_003866,Windows,Edge,1
d_003867,iOS,Chrome,0
d_003868,Windows,Chrome,0
d_003869,Linux,Firefox,1
d_003870,Android,Safari,1
d_003871,Linux,Chrome,0
d_003872,Linux,Chrome,0
d_003873,iOS,Edge,0
d_003874,iOS,Edge,0
d_003875,Linux,Edge,0
d_003876,Android,Firefox,1
d_003877,Windows,Safari,0
d_003878,Windows,Chrome,0
d_003879,Android,Firefox,1
d_003880,Android,Edge,1
d_003881,iOS,Edge,0
d_003882,iOS,Firefox,0
d_003883,Windows,Chrome,1
d_003884,Linux,Safari,1
d_003885,Android,Edge,0
d_003886,Linux,Edge,0
d_003887,Windows,Edge,0
d_003888,Windows,Edge,0
d_003889,iOS,Chrome,0
d_003890,Android,Safari,1
d_003891,Android,Edge,0
d_003892,iOS,Firefox,0
d_003893,Linux,Firefox,0
d_003894,Android,Safari,0
d_003895,Linux,Safari,0
d_003896,Linux,Safari,0
d_003897,Linux,Edge,0
d_003898,Linux,Chrome,0
d_003899,Android,Chrome,1
d_003900,Windows,Chrome,0
d_003901,Android,Safari,0
d_003902,iOS,Safari,0
d_003903,Android,Safari,1
d_003904,Linux,Edge,0
d_003905,Windows,Safari,0
d_003906,Android,Firefox,0
d_003907,Android,Edge,0
d_003908,Android,Safari,0
d_003909,Windows,Firefox,0
d_003910,iOS,Firefox,1
d_003911,Android,Edge,0
d_003912,Android,Safari,0
d_003913,Windows,Chrome,0
d_003914,Linux,Chrome,1
d_003915,Linux,Chrome,1
d_003916,Windows,Chrome,0
d_003917,Linux,Edge,0
d_003918,Android,Firefox,0
d_003919,Linux,Firefox,0
d_003920,Android,Safari,1
d_003921,iOS,Edge,0
d_003922,Windows,Edge,1
d_003923,Linux,Edge,0
d_003924,Linux,Firefox,0
d_003925,Windows,Firefox,0
d_003926,Windows,Chrome,0
d_003927,Android,Safari,0
d_003928,Android,Edge,0
d_003929,iOS,Edge,0
d_003930,Windows,Chrome,0
d_003931,Linux,Chrome,0
d_003932,Android,Safari,1
d_003933,iOS,Edge,1
d_003934,iOS,Edge,0
d_003935,Android,Firefox,0
d_003936,Windows,Chrome,0
d_003937,Linux,Chrome,1
d_003938,Android,Firefox,0
d_003939,Windows,Firefox,0
d_003940,Android,Firefox,0
d_003941,Linux,Firefox,1
d_003942,Linux,Edge,1
d_003943,Android,Firefox,1
d_003944,Windows,Safari,1
d_003945,Windows,Firefox,0
d_003946,Windows,Edge,1
d_003947,Windows,Chrome,1
d_003948,Windows,Firefox,1
d_003949,iOS,Chrome,0
d_003950,iOS,Safari,1
d_003951,Windows,Edge,0
d_003952,iOS,Safari,1
d_003953,Windows,Firefox,1
d_003954,Android,Edge,0
d_003955,Windows,Safari,0
d_003956,Android,Edge,0
d_003957,iOS,Chrome,0
d_003958,iOS,Firefox,0
d_003959,Linux,Edge,0
d_003960,Linux,Firefox,1
d_003961,iOS,Firefox,1
d_003962,Linux,Chrome,0
d_003963,Android,Safari,0
d_003964,Android,Chrome,0
d_003965,Windows,Edge,0
d_003966,Android,Chrome,0
d_003967,Linux,Edge,0
d_003968,Linux,Safari,1
d_003969,Android,Safari,0
d_003970,Linux,Chrome,0
d_003971,Linux,Safari,0
d_003972,Windows,Safari,1
d_003973,Android,Safari,1
d_003974,iOS,Chrome,0
d_003975,Windows,Safari,0
d_003976,Windows,Safari,1
d_003977,Windows,Edge,1
d_003978,Linux,Firefox,0
d_003979,Windows,Firefox,0
d_003980,Windows,Safari,0
d_003981,iOS,Firefox,0
d_003982,Windows,Firefox,0
d_003983,Android,Edge,0
d_003984,Windows,Firefox,0
d_003985,Linux,Firefox,0
d_003986,iOS,Chrome,0
d_003987,iOS,Safari,0
d_003988,Linux,Firefox,0
d_003989,Android,Edge,1
d_003990,Linux,Safari,1
d_003991,Windows,Safari,0
d_003992,iOS,Chrome,1
d_003993,Linux,Safari,0
d_003994,Linux,Firefox,0
d_003995,Android,Chrome,0
d_003996,iOS,Chrome,1
d_003997,Windows,Safari,0
d_003998,Linux,Safari,0
d_003999,iOS,Firefox,0
d_004000,Windows,Safari,0
d_004001,Android,Chrome,0
d_004002,Android,Edge,0
d_004003,Linux,Firefox,1
d_004004,Linux,Firefox,0
d_004005,Windows,Firefox,0
d_004006,Windows,Firefox,0
d_004007,Linux,Chrome,0
d_004008,Windows,Chrome,0
d_004009,iOS,Edge,1
d_004010,Android,Firefox,0
d_004011,Android,Safari,0
d_004012,Windows,Edge,1
d_004013,iOS,Chrome,1
d_004014,Windows,Edge,0
d_004015,Linux,Chrome,0
d_004016,Linux,Safari,0
d_004017,Linux,Safari,0
d_004018,Android,Edge,0
d_004019,iOS,Firefox,0
d_004020,iOS,Safari,0
d_004021,iOS,Safari,1
d_004022,Android,Safari,0
d_004023,Linux,Chrome,0
d_004024,iOS,Safari,1
d_004025,Android,Safari,0
d_004026,iOS,Chrome,0
d_004027,Android,Chrome,0
d_004028,iOS,Safari,0
d_004029,Android,Chrome,0
d_004030,Linux,Edge,1
d_004031,Android,Chrome,1
d_004032,Linux,Edge,0
d_004033,Android,Chrome,0
d_004034,iOS,Firefox,0
d_004035,Android,Firefox,1
d_004036,iOS,Firefox,0
d_004037,iOS,Chrome,0
d_004038,Linux,Firefox,0
d_004039,iOS,Safari,1
d_004040,Windows,Edge,0
d_004041,Android,Chrome,0
d_004042,iOS,Chrome,0
d_004043,Linux,Safari,1
d_004044,Windows,Firefox,0
d_004045,Linux,Edge,0
d_004046,Windows,Chrome,0
d_004047,Linux,Edge,0
d_004048,Linux,Firefox,1
d_004049,Android,Chrome,0
d_004050,Windows,Firefox,1
d_004051,Android,Safari,0
d_004052,Android,Edge,0
d_004053,Android,Edge,0
d_004054,Linux,Chrome,0
d_004055,Windows,Safari,0
d_004056,Linux,Safari,1
d_004057,iOS,Edge,0
d_004058,iOS,Edge,1
d_004059,Android,Safari,1
d_004060,Android,Edge,1
d_004061,Android,Firefox,1
d_004062,Windows,Edge,0
d_004063,Windows,Edge,0
d_004064,Linux,Edge,0
d_004065,iOS,Safari,0
d_004066,Android,Safari,0
d_004067,Windows,Edge,1
d_004068,Linux,Chrome,0
d_004069,Android,Chrome,0
d_004070,iOS,Chrome,0
d_004071,Windows,Firefox,1
d_004072,Android,Edge,0
d_004073,Linux,Firefox,1
d_004074,iOS,Edge,0
d_004075,Linux,Safari,0
d_004076,Android,Safari,0
d_004077,Android,Edge,0
d_004078,Linux,Firefox,0
d_004079,iOS,Safari,0
d_004080,Windows,Chrome,1
d_004081,Android,Firefox,1
d_004082,Windows,Safari,0
d_004083,Windows,Firefox,0
d_004084,Linux,Chrome,0
d_004085,Linux,Safari,0
d_004086,iOS,Safari,0
d_004087,Linux,Chrome,0
d_004088,Android,Chrome,0
d_004089,iOS,Firefox,1
d_004090,Windows,Chrome,1
d_004091,iOS,Safari,1
d_004092,Windows,Edge,0
d_004093,iOS,Firefox,0
d_004094,Android,Chrome,0
d_004095,Linux,Safari,0
d_004096,Windows,Edge,0
d_004097,Android,Safari,0
d_004098,Android,Edge,1
d_004099,Android,Edge,0
d_004100,Android,Firefox,0
d_004101,Android,Chrome,0
d_004102,Android,Safari,0
d_004103,Android,Chrome,1
d_004104,iOS,Edge,0
d_004105,Android,Firefox,0
d_004106,Linux,Chrome,0
d_004107,iOS,Chrome,0
d_004108,Linux,Chrome,0
d_004109,Windows,Chrome,1
d_004110,Linux,Firefox,0
d_004111,Windows,Firefox,0
d_004112,iOS,Safari,0
d_004113,Linux,Safari,1
d_004114,Windows,Safari,1
d_004115,Windows,Edge,0
d_004116,Linux,Chrome,0
d_004117,Linux,Safari,0
d_004118,Android,Safari,0
d_004119,Android,Firefox,0
d_004120,Android,Safari,0
d_004121,Linux,Safari,0
d_004122,Android,Edge,0
d_004123,iOS,Firefox,0
d_004124,Windows,Safari,1
d_004125,iOS,Edge,0
d_004126,Linux,Firefox,0
d_004127,Android,Edge,1
d_004128,iOS,Safari,1
d_004129,Windows,Safari,0
d_004130,iOS,Firefox,0
d_004131,Linux,Firefox,0
d_004132,iOS,Chrome,1
d_004133,Windows,Chrome,0
d_004134,Linux,Firefox,1
d_004135,Linux,Firefox,0
d_004136,Windows,Firefox,1
d_004137,Windows,Edge,0
d_004138,iOS,Safari,0
d_004139,Android,Firefox,0
d_004140,Android,Chrome,0
d_004141,Windows,Chrome,1
d_004142,iOS,Chrome,0
d_004143,Android,Edge,0
d_004144,Android,Chrome,1
d_004145,Windows,Firefox,0
d_004146,Linux,Chrome,1
d_004147,iOS,Chrome,0
d_004148,Windows,Safari,1
d_004149,Windows,Chrome,0
d_004150,Android,Chrome,0
d_004151,iOS,Edge,0
d_004152,Windows,Chrome,0
d_004153,iOS,Edge,0
d_004154,Android,Firefox,0
d_004155,Windows,Safari,0
d_004156,Windows,Firefox,0
d_004157,Windows,Chrome,1
d_004158,Windows,Chrome,1
d_004159,Android,Edge,1
d_004160,iOS,Edge,0
d_004161,Windows,Firefox,0
d_004162,iOS,Chrome,0
d_004163,Android,Edge,0
d_004164,iOS,Firefox,0
d_004165,iOS,Chrome,0
d_004166,Windows,Firefox,0
d_004167,Android,Safari,0
d_004168,Android,Firefox,1
d_004169,Android,Firefox,0
d_004170,iOS,Firefox,0
d_004171,Windows,Firefox,0
d_004172,Windows,Firefox,0
d_004173,Android,Firefox,0
d_004174,Android,Chrome,1
d_004175,Linux,Edge,0
d_004176,Android,Edge,0
d_004177,Android,Chrome,1
d_004178,Linux,Edge,1
d_004179,Android,Safari,0
d_004180,Windows,Safari,1
d_004181,iOS,Firefox,0
d_004182,Windows,Safari,0
d_004183,Android,Edge,0
d_004184,Linux,Edge,1
d_004185,Windows,Firefox,0
d_004186,iOS,Safari,0
d_004187,Android,Chrome,0
d_004188,iOS,Edge,1
d_004189,Windows,Safari,0
d_004190,iOS,Firefox,1
d_004191,Linux,Firefox,0
d_004192,Android,Safari,0
d_004193,iOS,Safari,0
d_004194,Windows,Chrome,0
d_004195,Android,Chrome,0
d_004196,Linux,Chrome,0
d_004197,iOS,Chrome,0
d_004198,Windows,Safari,1
d_004199,iOS,Chrome,0
d_004200,Linux,Edge,0
d_004201,iOS,Safari,1
d_004202,Windows,Firefox,0
d_004203,Windows,Edge,1
d_004204,iOS,Chrome,0
d_004205,Linux,Firefox,0
d_004206,Linux,Chrome,0
d_004207,iOS,Edge,0
d_004208,Android,Safari,0
d_004209,Windows,Firefox,1
d_004210,Android,Firefox,0
d_004211,Linux,Chrome,1
d_004212,Android,Edge,0
d_004213,Android,Firefox,0
d_004214,iOS,Chrome,0
d_004215,iOS,Edge,0
d_004216,Android,Safari,0
d_004217,Windows,Chrome,0
d_004218,Android,Firefox,1
d_004219,Linux,Chrome,0
d_004220,Linux,Safari,0
d_004221,Windows,Chrome,0
d_004222,Linux,Edge,0
d_004223,Android,Edge,0
d_004224,Android,Firefox,0
d_004225,Linux,Safari,0
d_004226,Linux,Safari,0
d_004227,iOS,Firefox,1
d_004228,Windows,Chrome,0
d_004229,iOS,Safari,0
d_004230,iOS,Chrome,1
d_004231,iOS,Safari,0
d_004232,iOS,Safari,0
d_004233,iOS,Chrome,0
d_004234,Android,Firefox,0
d_004235,Linux,Firefox,0
d_004236,iOS,Chrome,0
d_004237,Linux,Firefox,0
d_004238,Android,Safari,0
d_004239,iOS,Chrome,0
d_004240,Android,Firefox,0
d_004241,iOS,Safari,0
d_004242,Linux,Edge,0
d_004243,iOS,Chrome,0
d_004244,Windows,Safari,0
d_004245,iOS,Chrome,0
d_004246,Windows,Chrome,1
d_004247,Windows,Edge,1
d_004248,Android,Chrome,0
d_004249,iOS,Edge,0
d_004250,Linux,Firefox,1
d_004251,Android,Safari,1
d_004252,Android,Chrome,0
d_004253,Android,Edge,0
d_004254,Linux,Firefox,0
d_004255,Android,Safari,1
d_004256,Android,Chrome,0
d_004257,iOS,Firefox,0
d_004258,Linux,Edge,0
d_004259,iOS,Chrome,0
d_004260,Android,Edge,0
d_004261,Android,Chrome,1
d_004262,Linux,Firefox,0
d_004263,Linux,Edge,1
d_004264,Linux,Safari,0
d_004265,iOS,Chrome,1
d_004266,Windows,Firefox,1
d_004267,Windows,Firefox,0
d_004268,Windows,Chrome,0
d_004269,Linux,Edge,1
d_004270,Windows,Safari,0
d_004271,Linux,Firefox,0
d_004272,Windows,Edge,0
d_004273,Linux,Safari,0
d_004274,iOS,Edge,0
d_004275,Linux,Chrome,0
d_004276,Windows,Safari,0
d_004277,iOS,Edge,0
d_004278,Windows,Firefox,0
d_004279,iOS,Chrome,0
d_004280,Linux,Chrome,0
d_004281,iOS,Safari,1
d_004282,Android,Edge,0
d_004283,iOS,Safari,0
d_004284,iOS,Safari,0
d_004285,Linux,Safari,0
d_004286,Android,Firefox,0
d_004287,iOS,Safari,0
d_004288,iOS,Chrome,0
d_004289,Android,Chrome,0
d_004290,Linux,Edge,0
d_004291,Windows,Firefox,0
d_004292,Linux,Edge,0
d_004293,Linux,Firefox,0
d_004294,Linux,Firefox,1
d_004295,iOS,Firefox,0
d_004296,Linux,Firefox,0
d_004297,Windows,Edge,1
d_004298,Linux,Chrome,1
d_004299,iOS,Firefox,1
d_004300,Android,Safari,0
d_004301,Windows,Firefox,0
d_004302,Android,Firefox,0
d_004303,Android,Firefox,0
d_004304,Linux,Safari,0
d_004305,Windows,Edge,0
d_004306,Windows,Edge,1
d_004307,Android,Safari,0
d_004308,Linux,Firefox,0
d_004309,iOS,Firefox,0
d_004310,Windows,Safari,0
d_004311,Android,Firefox,1
d_004312,Windows,Safari,0
d_004313,iOS,Edge,0
d_004314,Windows,Firefox,0
d_004315,iOS,Chrome,0
d_004316,Linux,Safari,1
d_004317,iOS,Chrome,1
d_004318,Android,Chrome,0
d_004319,Windows,Safari,1
d_004320,Android,Chrome,0
d_004321,Linux,Chrome,0
d_004322,Windows,Safari,0
d_004323,Windows,Firefox,0
d_004324,Linux,Edge,0
d_004325,Windows,Edge,0
d_004326,Android,Edge,0
d_004327,iOS,Chrome,0
d_004328,Windows,Safari,1
d_004329,Linux,Edge,0
d_004330,iOS,Edge,1
d_004331,Windows,Edge,1
d_004332,iOS,Edge,0
d_004333,Android,Firefox,0
d_004334,Android,Firefox,0
d_004335,Linux,Chrome,0
d_004336,Windows,Firefox,0
d_004337,Android,Chrome,0
d_004338,Linux,Safari,0
d_004339,Android,Firefox,0
d_004340,Windows,Edge,0
d_004341,Android,Edge,0
d_004342,Windows,Safari,0
d_004343,iOS,Edge,0
d_004344,Linux,Safari,0
d_004345,iOS,Chrome,0
d_004346,Linux,Firefox,0
d_004347,iOS,Edge,0
d_004348,Android,Safari,0
d_004349,iOS,Firefox,1
d_004350,Windows,Firefox,0
d_004351,iOS,Safari,0
d_004352,iOS,Edge,0
d_004353,iOS,Safari,0
d_004354,Windows,Firefox,0
d_004355,iOS,Firefox,1
d_004356,iOS,Safari,0
d_004357,Linux,Chrome,1
d_004358,Android,Edge,0
d_004359,Android,Chrome,1
d_004360,Android,Safari,1
d_004361,Linux,Chrome,1
d_004362,iOS,Edge,0
d_004363,Android,Chrome,0
d_004364,Android,Safari,1
d_004365,Android,Firefox,1
d_004366,iOS,Chrome,0
d_004367,Linux,Firefox,1
d_004368,Linux,Edge,0
d_004369,Windows,Edge,0
d_004370,iOS,Safari,0
d_004371,iOS,Safari,0
d_004372,iOS,Chrome,0
d_004373,Windows,Firefox,0
d_004374,Windows,Safari,0
d_004375,iOS,Firefox,0
d_004376,Android,Edge,1
d_004377,Windows,Safari,0
d_004378,Android,Edge,0
d_004379,Linux,Safari,0
d_004380,Android,Chrome,0
d_004381,Linux,Edge,0
d_004382,Android,Safari,0
d_004383,Linux,Firefox,0
d_004384,Windows,Chrome,0
d_004385,iOS,Chrome,0
d_004386,iOS,Edge,0
d_004387,Linux,Chrome,0
d_004388,Linux,Safari,0
d_004389,Windows,Edge,1
d_004390,Windows,Firefox,0
d_004391,Android,Firefox,1
d_004392,Windows,Chrome,0
d_004393,Android,Firefox,0
d_004394,Linux,Firefox,0
d_004395,Android,Firefox,0
d_004396,Linux,Firefox,0
d_004397,Android,Edge,0
d_004398,Windows,Edge,0
d_004399,Windows,Safari,1
d_004400,Linux,Chrome,0
d_004401,Android,Firefox,0
d_004402,Linux,Safari,0
d_004403,Android,Edge,0
d_004404,iOS,Chrome,0
d_004405,Windows,Chrome,0
d_004406,iOS,Edge,0
d_004407,Linux,Edge,1
d_004408,Android,Edge,1
d_004409,Android,Safari,0
d_004410,Linux,Edge,1
d_004411,Android,Safari,0
d_004412,Linux,Edge,0
d_004413,Linux,Firefox,0
d_004414,Linux,Firefox,1
d_004415,iOS,Firefox,0
d_004416,Android,Chrome,0
d_004417,Windows,Firefox,1
d_004418,Android,Firefox,0
d_004419,iOS,Chrome,0
d_004420,Android,Safari,0
d_004421,Android,Firefox,0
d_004422,Windows,Edge,0
d_004423,Windows,Firefox,1
d_004424,Windows,Edge,1
d_004425,Android,Chrome,0
d_004426,Linux,Edge,0
d_004427,Windows,Firefox,1
d_004428,Linux,Edge,1
d_004429,Linux,Edge,0
d_004430,Android,Edge,0
d_004431,Linux,Firefox,0
d_004432,Android,Firefox,1
d_004433,Android,Chrome,0
d_004434,iOS,Firefox,1
d_004435,iOS,Edge,0
d_004436,Android,Edge,0
d_004437,Linux,Safari,0
d_004438,Linux,Chrome,1
d_004439,Windows,Safari,0
d_004440,iOS,Firefox,1
d_004441,Android,Firefox,0
d_004442,Android,Safari,1
d_004443,Windows,Chrome,0
d_004444,iOS,Edge,0
d_004445,iOS,Edge,1
d_004446,iOS,Chrome,0
d_004447,Windows,Firefox,0
d_004448,Windows,Firefox,1
d_004449,Linux,Safari,1
d_004450,Windows,Firefox,0
d_004451,iOS,Firefox,0
d_004452,Android,Firefox,0
d_004453,Linux,Safari,0
d_004454,Windows,Firefox,0
d_004455,Windows,Safari,1
d_004456,Linux,Firefox,0
d_004457,iOS,Safari,0
d_004458,Android,Firefox,0
d_004459,iOS,Edge,1
d_004460,Windows,Chrome,0
d_004461,iOS,Chrome,0
d_004462,Linux,Safari,0
d_004463,iOS,Chrome,0
d_004464,Android,Edge,1
d_004465,Windows,Firefox,0
d_004466,Windows,Edge,0
d_004467,Windows,Edge,0
d_004468,iOS,Chrome,0
d_004469,Android,Chrome,0
d_004470,Windows,Edge,0
d_004471,Linux,Chrome,0
d_004472,iOS,Chrome,0
d_004473,iOS,Firefox,0
d_004474,iOS,Chrome,0
d_004475,Linux,Firefox,0
d_004476,Windows,Edge,1
d_004477,Windows,Firefox,0
d_004478,Android,Edge,1
d_004479,iOS,Chrome,0
d_004480,Windows,Firefox,0
d_004481,Windows,Firefox,0
d_004482,Linux,Safari,1
d_004483,Android,Safari,0
d_004484,Android,Safari,0
d_004485,iOS,Safari,0
d_004486,iOS,Safari,1
d_004487,iOS,Safari,0
d_004488,Linux,Firefox,0
d_004489,Windows,Edge,0
d_004490,Android,Chrome,0
d_004491,iOS,Edge,0
d_004492,Linux,Chrome,1
d_004493,Windows,Safari,0
d_004494,Linux,Chrome,0
d_004495,Android,Edge,0
d_004496,Windows,Chrome,1
d_004497,Windows,Safari,1
d_004498,Windows,Safari,0
d_004499,Android,Safari,0
d_004500,Windows,Chrome,0
d_004501,iOS,Firefox,0
d_004502,Linux,Firefox,1
d_004503,Linux,Firefox,0
d_004504,iOS,Safari,0
d_004505,iOS,Safari,0
d_004506,iOS,Chrome,0
d_004507,Windows,Edge,0
d_004508,iOS,Safari,0
d_004509,iOS,Chrome,0
d_004510,iOS,Firefox,0
d_004511,Linux,Edge,1
d_004512,Android,Edge,0
d_004513,Windows,Chrome,1
d_004514,Linux,Safari,1
d_004515,Windows,Firefox,1
d_004516,Android,Safari,0
d_004517,Windows,Safari,0
d_004518,Android,Safari,0
d_004519,Windows,Edge,0
d_004520,iOS,Chrome,0
d_004521,Windows,Safari,0
d_004522,iOS,Firefox,0
d_004523,Android,Chrome,1
d_004524,Linux,Safari,0
d_004525,iOS,Firefox,0
d_004526,Windows,Chrome,0
d_004527,Linux,Firefox,1
d_004528,Android,Edge,1
d_004529,Windows,Firefox,1
d_004530,Android,Safari,1
d_004531,Android,Edge,0
d_004532,iOS,Edge,0
d_004533,Linux,Safari,0
d_004534,Android,Safari,0
d_004535,Windows,Chrome,0
d_004536,Linux,Edge,0
d_004537,Windows,Safari,0
d_004538,Linux,Safari,0
d_004539,Linux,Chrome,0
d_004540,Android,Safari,0
d_004541,Android,Chrome,0
d_004542,Linux,Chrome,0
d_004543,Windows,Edge,0
d_004544,Android,Edge,0
d_004545,Linux,Firefox,0
d_004546,iOS,Safari,0
d_004547,Android,Firefox,0
d_004548,iOS,Firefox,0
d_004549,Linux,Chrome,0
d_004550,iOS,Safari,0
d_004551,Linux,Firefox,1
d_004552,iOS,Edge,0
d_004553,iOS,Chrome,0
d_004554,Windows,Safari,0
d_004555,Android,Edge,0
d_004556,Linux,Firefox,0
d_004557,Linux,Safari,0
d_004558,Android,Safari,0
d_004559,Windows,Firefox,0
d_004560,Linux,Chrome,0
d_004561,Linux,Firefox,0
d_004562,Windows,Edge,0
d_004563,iOS,Chrome,0
d_004564,Linux,Firefox,0
d_004565,Windows,Safari,0
d_004566,Linux,Firefox,1
d_004567,Linux,Edge,0
d_004568,iOS,Firefox,0
d_004569,iOS,Firefox,1
d_004570,Linux,Edge,0
d_004571,Windows,Safari,1
d_004572,Windows,Safari,0
d_004573,Linux,Chrome,0
d_004574,Windows,Chrome,1
d_004575,iOS,Chrome,0
d_004576,iOS,Safari,0
d_004577,Android,Chrome,0
d_004578,Linux,Safari,0
d_004579,iOS,Firefox,0
d_004580,Linux,Safari,0
d_004581,iOS,Edge,1
d_004582,Linux,Safari,0
d_004583,iOS,Chrome,0
d_004584,Linux,Chrome,1
d_004585,Windows,Chrome,0
d_004586,Android,Safari,0
d_004587,Android,Safari,0
d_004588,Android,Firefox,0
d_004589,iOS,Chrome,0
d_004590,iOS,Safari,0
d_004591,iOS,Chrome,0
d_004592,Windows,Chrome,0
d_004593,iOS,Edge,0
d_004594,Linux,Edge,1
d_004595,Android,Chrome,0
d_004596,Windows,Firefox,0
d_004597,Linux,Firefox,0
d_004598,iOS,Chrome,0
d_004599,Linux,Safari,0
d_004600,Linux,Edge,1
d_004601,Windows,Firefox,0
d_004602,Linux,Firefox,1
d_004603,Windows,Chrome,1
d_004604,iOS,Safari,1
d_004605,iOS,Chrome,0
d_004606,Linux,Safari,0
d_004607,Android,Safari,0
d_004608,Android,Firefox,0
d_004609,Android,Firefox,0
d_004610,Windows,Safari,0
d_004611,Windows,Edge,0
d_004612,Android,Edge,0
d_004613,iOS,Edge,1
d_004614,Android,Safari,0
d_004615,Android,Chrome,0
d_004616,iOS,Edge,0
d_004617,Linux,Chrome,1
d_004618,Android,Chrome,0
d_004619,Windows,Safari,0
d_004620,Windows,Safari,0
d_004621,iOS,Chrome,1
d_004622,Windows,Chrome,0
d_004623,iOS,Firefox,0
d_004624,iOS,Chrome,0
d_004625,iOS,Edge,0
d_004626,Android,Chrome,0
d_004627,Linux,Edge,1
d_004628,Linux,Edge,0
d_004629,iOS,Safari,0
d_004630,Linux,Safari,0
d_004631,Linux,Edge,0
d_004632,Windows,Chrome,0
d_004633,iOS,Edge,1
d_004634,Android,Safari,1
d_004635,Windows,Chrome,1
d_004636,Android,Safari,0
d_004637,iOS,Safari,0
d_004638,iOS,Chrome,0
d_004639,Windows,Safari,0
d_004640,Android,Edge,1
d_004641,Android,Edge,0
d_004642,Linux,Edge,1
d_004643,Android,Edge,0
d_004644,iOS,Chrome,0
d_004645,Windows,Safari,0
d_004646,iOS,Edge,0
d_004647,Linux,Chrome,1
d_004648,Android,Firefox,1
d_004649,iOS,Firefox,1
d_004650,Linux,Safari,0
d_004651,iOS,Edge,0
d_004652,Windows,Edge,1
d_004653,iOS,Firefox,1
d_004654,iOS,Firefox,0
d_004655,iOS,Firefox,1
d_004656,Windows,Firefox,0
d_004657,Windows,Edge,0
d_004658,Linux,Firefox,0
d_004659,Android,Edge,0
d_004660,Linux,Safari,0
d_004661,Linux,Firefox,1
d_004662,Linux,Edge,0
d_004663,Android,Chrome,1
d_004664,Windows,Edge,1
d_004665,Windows,Firefox,0
d_004666,Windows,Chrome,1
d_004667,Windows,Chrome,0
d_004668,Linux,Safari,1
d_004669,Linux,Firefox,0
d_004670,Linux,Chrome,0
d_004671,Windows,Chrome,1
d_004672,Windows,Firefox,0
d_004673,iOS,Edge,0
d_004674,Windows,Safari,0
d_004675,Android,Safari,0
d_004676,iOS,Edge,1
d_004677,Linux,Edge,0
d_004678,Android,Chrome,0
d_004679,Windows,Firefox,0
d_004680,Android,Safari,0
d_004681,iOS,Chrome,0
d_004682,Linux,Firefox,0
d_004683,Linux,Firefox,0
d_004684,Windows,Edge,0
d_004685,Android,Safari,0
d_004686,Windows,Chrome,1
d_004687,Android,Safari,0
d_004688,Windows,Edge,0
d_004689,Android,Firefox,1
d_004690,Android,Firefox,0
d_004691,Windows,Chrome,1
d_004692,iOS,Edge,0
d_004693,Linux,Edge,0
d_004694,Linux,Chrome,0
d_004695,Linux,Safari,0
d_004696,Android,Chrome,1
d_004697,iOS,Edge,0
d_004698,Android,Chrome,0
d_004699,Windows,Firefox,0
d_004700,Windows,Safari,0
d_004701,Linux,Edge,0
d_004702,Windows,Edge,0
d_004703,Windows,Safari,1
d_004704,Android,Edge,0
d_004705,iOS,Chrome,0
d_004706,Windows,Edge,0
d_004707,iOS,Firefox,1
d_004708,iOS,Safari,1
d_004709,Android,Chrome,0
d_004710,iOS,Safari,0
d_004711,Linux,Chrome,0
d_004712,Linux,Firefox,0
d_004713,Linux,Firefox,1
d_004714,Windows,Firefox,0
d_004715,Linux,Firefox,0
d_004716,Android,Safari,0
d_004717,Windows,Chrome,0
d_004718,Android,Safari,1
d_004719,Windows,Firefox,0
d_004720,Android,Safari,0
d_004721,Android,Safari,0
d_004722,iOS,Safari,1
d_004723,Android,Edge,0
d_004724,iOS,Edge,0
d_004725,iOS,Edge,1
d_004726,iOS,Firefox,0
d_004727,Windows,Firefox,0
d_004728,iOS,Firefox,0
d_004729,Windows,Safari,0
d_004730,Android,Edge,0
d_004731,Windows,Edge,0
d_004732,Android,Edge,0
d_004733,Android,Firefox,0
d_004734,Android,Firefox,0
d_004735,Android,Firefox,0
d_004736,Linux,Firefox,1
d_004737,Linux,Safari,0
d_004738,iOS,Firefox,0
d_004739,Windows,Edge,0
d_004740,Android,Edge,0
d_004741,Windows,Firefox,0
d_004742,iOS,Firefox,1
d_004743,iOS,Chrome,0
d_004744,iOS,Edge,0
d_004745,iOS,Safari,0
d_004746,iOS,Edge,0
d_004747,Android,Safari,0
d_004748,iOS,Edge,0
d_004749,Linux,Safari,0
d_004750,Windows,Safari,0
d_004751,Linux,Safari,1
d_004752,Windows,Edge,0
d_004753,Windows,Chrome,0
d_004754,iOS,Chrome,0
d_004755,Windows,Edge,1
d_004756,iOS,Firefox,0
d_004757,Linux,Chrome,0
d_004758,Android,Firefox,0
d_004759,Linux,Safari,1
d_004760,Windows,Edge,0
d_004761,Android,Edge,1
d_004762,Linux,Safari,1
d_004763,Android,Firefox,1
d_004764,iOS,Edge,0
d_004765,Windows,Edge,0
d_004766,Windows,Firefox,1
d_004767,Android,Chrome,0
d_004768,Android,Firefox,0
d_004769,iOS,Chrome,1
d_004770,Windows,Safari,0
d_004771,Android,Edge,0
d_004772,Windows,Safari,0
d_004773,Linux,Firefox,0
d_004774,Linux,Firefox,0
d_004775,iOS,Firefox,1
d_004776,Windows,Firefox,1
d_004777,Android,Chrome,0
d_004778,iOS,Chrome,0
d_004779,Linux,Chrome,1
d_004780,Windows,Safari,0
d_004781,Android,Edge,1
d_004782,Windows,Firefox,0
d_004783,Windows,Chrome,0
d_004784,iOS,Edge,0
d_004785,iOS,Edge,1
d_004786,Android,Safari,0
d_004787,Android,Safari,0
d_004788,Linux,Chrome,0
d_004789,iOS,Edge,0
d_004790,Windows,Firefox,0
d_004791,Android,Safari,0
d_004792,Linux,Edge,0
d_004793,Windows,Firefox,0
d_004794,Linux,Edge,0
d_004795,iOS,Firefox,0
d_004796,Windows,Chrome,0
d_004797,Android,Firefox,1
d_004798,iOS,Edge,0
d_004799,Android,Chrome,0
d_004800,Android,Chrome,0
d_004801,iOS,Edge,0
d_004802,iOS,Firefox,0
d_004803,Android,Safari,0
d_004804,Android,Chrome,1
d_004805,Android,Chrome,0
d_004806,Windows,Firefox,0
d_004807,iOS,Firefox,0
d_004808,Linux,Safari,0
d_004809,Android,Firefox,1
d_004810,iOS,Edge,1
d_004811,iOS,Edge,1
d_004812,iOS,Firefox,0
d_004813,iOS,Safari,1
d_004814,iOS,Chrome,0
d_004815,Windows,Firefox,0
d_004816,Android,Firefox,1
d_004817,Linux,Safari,0
d_004818,Windows,Edge,0
d_004819,iOS,Edge,1
d_004820,Windows,Firefox,0
d_004821,Android,Edge,0
d_004822,iOS,Edge,0
d_004823,iOS,Safari,0
d_004824,Linux,Safari,1
d_004825,Android,Safari,1
d_004826,Linux,Edge,1
d_004827,Windows,Safari,0
d_004828,iOS,Chrome,0
d_004829,Windows,Firefox,1
d_004830,Linux,Chrome,0
d_004831,Android,Edge,0
d_004832,iOS,Firefox,0
d_004833,Linux,Firefox,0
d_004834,Windows,Chrome,0
d_004835,iOS,Chrome,0
d_004836,Linux,Safari,0
d_004837,Windows,Safari,0
d_004838,Linux,Safari,1
d_004839,iOS,Chrome,1
d_004840,Windows,Firefox,0
d_004841,Android,Safari,1
d_004842,iOS,Chrome,0
d_004843,Android,Edge,1
d_004844,Linux,Firefox,1
d_004845,iOS,Safari,0
d_004846,Linux,Firefox,0
d_004847,Windows,Chrome,0
d_004848,Windows,Edge,0
d_004849,Linux,Chrome,0
d_004850,Windows,Safari,1
d_004851,Linux,Chrome,0
d_004852,Linux,Firefox,0
d_004853,iOS,Firefox,0
d_004854,Android,Edge,0
d_004855,Linux,Edge,0
d_004856,iOS,Safari,0
d_004857,Linux,Firefox,0
d_004858,Linux,Chrome,1
d_004859,Android,Safari,0
d_004860,Android,Chrome,0
d_004861,iOS,Edge,0
d_004862,iOS,Safari,0
d_004863,iOS,Firefox,1
d_004864,iOS,Chrome,0
d_004865,Android,Safari,0
d_004866,Android,Chrome,0
d_004867,Linux,Edge,0
d_004868,Android,Firefox,0
d_004869,Android,Chrome,0
d_004870,Linux,Firefox,0
d_004871,iOS,Safari,0
d_004872,Windows,Safari,0
d_004873,Android,Edge,0
d_004874,Android,Safari,0
d_004875,Windows,Edge,0
d_004876,Linux,Safari,0
d_004877,Windows,Edge,1
d_004878,iOS,Safari,0
d_004879,Android,Edge,0
d_004880,iOS,Safari,0
d_004881,Android,Firefox,0
d_004882,iOS,Edge,0
d_004883,Android,Chrome,0
d_004884,iOS,Firefox,0
d_004885,Linux,Chrome,1
d_004886,iOS,Chrome,1
d_004887,Android,Safari,1
d_004888,Linux,Safari,1
d_004889,iOS,Chrome,0
d_004890,Windows,Safari,0
d_004891,Linux,Safari,1
d_004892,Windows,Safari,0
d_004893,Android,Chrome,1
d_004894,Linux,Edge,0
d_004895,Android,Chrome,0
d_004896,Linux,Safari,0
d_004897,Windows,Chrome,0
d_004898,Linux,Safari,0
d_004899,Android,Safari,1
d_004900,Linux,Safari,0
d_004901,Android,Chrome,0
d_004902,Linux,Chrome,0
d_004903,Android,Edge,1
d_004904,iOS,Safari,1
d_004905,Android,Firefox,0
d_004906,Windows,Edge,0
d_004907,Linux,Chrome,0
d_004908,Android,Edge,0
d_004909,Linux,Firefox,0
d_004910,iOS,Edge,0
d_004911,iOS,Safari,0
d_004912,Windows,Safari,0
d_004913,Windows,Safari,0
d_004914,Linux,Chrome,0
d_004915,Windows,Safari,0
d_004916,Windows,Chrome,0
d_004917,Android,Firefox,0
d_004918,Linux,Edge,0
d_004919,Linux,Chrome,0
d_004920,iOS,Edge,0
d_004921,Windows,Chrome,0
d_004922,iOS,Edge,0
d_004923,Android,Edge,1
d_004924,Android,Safari,0
d_004925,Windows,Firefox,0
d_004926,Android,Edge,0
d_004927,iOS,Chrome,0
d_004928,Android,Firefox,0
d_004929,iOS,Edge,0
d_004930,Windows,Edge,1
d_004931,Linux,Edge,0
d_004932,iOS,Safari,1
d_004933,Linux,Chrome,1
d_004934,Windows,Firefox,0
d_004935,Windows,Chrome,1
d_004936,Linux,Chrome,0
d_004937,Android,Edge,0
d_004938,iOS,Chrome,0
d_004939,Windows,Chrome,1
d_004940,Linux,Safari,0
d_004941,iOS,Safari,1
d_004942,iOS,Firefox,0
d_004943,Linux,Firefox,0
d_004944,Android,Safari,1
d_004945,iOS,Edge,0
d_004946,Windows,Edge,0
d_004947,iOS,Chrome,0
d_004948,Android,Safari,0
d_004949,Linux,Safari,0
d_004950,Windows,Firefox,0
d_004951,iOS,Safari,0
d_004952,Android,Chrome,0
d_004953,Linux,Safari,0
d_004954,Linux,Edge,0
d_004955,Android,Chrome,0
d_004956,Android,Chrome,0
d_004957,Android,Edge,0
d_004958,Android,Chrome,0
d_004959,iOS,Safari,1
d_004960,Linux,Safari,0
d_004961,Linux,Chrome,1
d_004962,Android,Firefox,1
d_004963,Android,Edge,0
d_004964,Windows,Edge,1
d_004965,Android,Chrome,0
d_004966,Windows,Safari,0
d_004967,Linux,Chrome,0
d_004968,iOS,Edge,0
d_004969,Android,Chrome,0
d_004970,Android,Firefox,0
d_004971,Windows,Safari,0
d_004972,iOS,Chrome,0
d_004973,Windows,Chrome,0
d_004974,Windows,Safari,0
d_004975,iOS,Firefox,0
d_004976,Linux,Chrome,1
d_004977,Windows,Edge,1
d_004978,Windows,Firefox,0
d_004979,Linux,Edge,1
d_004980,Android,Chrome,0
d_004981,iOS,Firefox,0
d_004982,iOS,Chrome,0
d_004983,iOS,Safari,0
d_004984,Windows,Chrome,1
d_004985,Linux,Safari,0
d_004986,Windows,Chrome,0
d_004987,Windows,Firefox,1
d_004988,Linux,Safari,0
d_004989,iOS,Edge,0
d_004990,iOS,Safari,0
d_004991,Linux,Chrome,0
d_004992,Windows,Chrome,0
d_004993,Android,Safari,0
d_004994,Android,Chrome,0
d_004995,Android,Safari,1
d_004996,Windows,Chrome,0
d_004997,Linux,Chrome,0
d_004998,Android,Edge,0
d_004999,iOS,Chrome,0
